timestamp,0
2019-12-31 16:00:00,0.0
2019-12-31 20:00:00,0.0
2020-01-01 00:00:00,0.0
2020-01-01 04:00:00,0.0
2020-01-01 08:00:00,0.0
2020-01-01 12:00:00,-0.017197577676205167
2020-01-01 16:00:00,0.7273204845128339
2020-01-01 20:00:00,-0.2282701379857119
2020-01-02 00:00:00,-0.1531566577851576
2020-01-02 04:00:00,0.8507081839006926
2020-01-02 08:00:00,0.8342942639416414
2020-01-02 12:00:00,0.7033961752822525
2020-01-02 16:00:00,0.6515486394306558
2020-01-02 20:00:00,0.9451343511717556
2020-01-03 00:00:00,-0.5973069455438856
2020-01-03 04:00:00,0.21440973362186244
2020-01-03 08:00:00,0.872268952405979
2020-01-03 12:00:00,0.5427404707410554
2020-01-03 16:00:00,-0.0895296008337972
2020-01-03 20:00:00,-0.11179881151642489
2020-01-04 00:00:00,-0.8717638715138251
2020-01-04 04:00:00,-0.8630882292699741
2020-01-04 08:00:00,-0.6638951680572845
2020-01-04 12:00:00,-0.334109314142792
2020-01-04 16:00:00,-0.4222246646447707
2020-01-04 20:00:00,0.9364979525654703
2020-01-05 00:00:00,-0.6946604611126754
2020-01-05 04:00:00,0.8752013325426566
2020-01-05 08:00:00,-0.4858517316633463
2020-01-05 12:00:00,-0.3535786465778093
2020-01-05 16:00:00,-0.28331384469091475
2020-01-05 20:00:00,-0.5004977388208637
2020-01-06 00:00:00,0.9257145896911358
2020-01-06 04:00:00,0.94071394933638
2020-01-06 08:00:00,-0.523397821486654
2020-01-06 12:00:00,-0.047401856329371814
2020-01-06 16:00:00,0.21551473179447034
2020-01-06 20:00:00,-0.7216336558205847
2020-01-07 00:00:00,0.9232259287860113
2020-01-07 04:00:00,0.8874784250099328
2020-01-07 08:00:00,-0.5462053819575758
2020-01-07 12:00:00,-0.42732931498055426
2020-01-07 16:00:00,0.10431343666225779
2020-01-07 20:00:00,0.8407513842285581
2020-01-08 00:00:00,0.5256214632342063
2020-01-08 04:00:00,0.8619918757906266
2020-01-08 08:00:00,-0.8357693149362051
2020-01-08 12:00:00,-0.7643591554152247
2020-01-08 16:00:00,0.3777051052407071
2020-01-08 20:00:00,0.6200342620119349
2020-01-09 00:00:00,-0.02069668534622927
2020-01-09 04:00:00,-0.7150293969918661
2020-01-09 08:00:00,-0.7934249252384042
2020-01-09 12:00:00,-0.463800337691248
2020-01-09 16:00:00,-0.5551787491186634
2020-01-09 20:00:00,0.9229147026561392
2020-01-10 00:00:00,0.8544191671923702
2020-01-10 04:00:00,-0.8672498271418594
2020-01-10 08:00:00,-0.43650200115758786
2020-01-10 12:00:00,0.721310409513752
2020-01-10 16:00:00,0.8331731444610666
2020-01-10 20:00:00,0.8343321437970195
2020-01-11 00:00:00,-0.616056391309156
2020-01-11 04:00:00,-0.7595739312785242
2020-01-11 08:00:00,-0.7370479481229917
2020-01-11 12:00:00,-0.5559283873246171
2020-01-11 16:00:00,-0.7860221746642859
2020-01-11 20:00:00,0.5170983279975507
2020-01-12 00:00:00,0.9181307107135911
2020-01-12 04:00:00,-0.6048692050517332
2020-01-12 08:00:00,-0.8390170331597707
2020-01-12 12:00:00,-0.6623859477818929
2020-01-12 16:00:00,-0.3239769270841601
2020-01-12 20:00:00,0.9136863639386189
2020-01-13 00:00:00,-0.6472917381628867
2020-01-13 04:00:00,-0.5174141266509352
2020-01-13 08:00:00,-0.4888653891070063
2020-01-13 12:00:00,-0.1370320024710119
2020-01-13 16:00:00,-0.26438860832607863
2020-01-13 20:00:00,-0.8707365610581813
2020-01-14 00:00:00,0.5175041084900222
2020-01-14 04:00:00,0.9450219947072339
2020-01-14 08:00:00,0.39495336229107464
2020-01-14 12:00:00,-0.26436459829107983
2020-01-14 16:00:00,0.835034448946398
2020-01-14 20:00:00,0.7672651523863596
2020-01-15 00:00:00,-0.6577322205106407
2020-01-15 04:00:00,-0.17034090465786403
2020-01-15 08:00:00,-0.6168158778041435
2020-01-15 12:00:00,-0.5374835919365285
2020-01-15 16:00:00,0.88083174419023
2020-01-15 20:00:00,-0.5919035380360298
2020-01-16 00:00:00,-0.5028376566404135
2020-01-16 04:00:00,-0.025747709911473165
2020-01-16 08:00:00,-0.8342469290226862
2020-01-16 12:00:00,-0.35164428894390076
2020-01-16 16:00:00,-0.021963618371536982
2020-01-16 20:00:00,-0.6619994766047803
2020-01-17 00:00:00,-0.8041294775731369
2020-01-17 04:00:00,0.18132344533749473
2020-01-17 08:00:00,0.9253143412314195
2020-01-17 12:00:00,0.6943865186379251
2020-01-17 16:00:00,0.027854403951780755
2020-01-17 20:00:00,-0.43308781925202927
2020-01-18 00:00:00,-0.8986282026409886
2020-01-18 04:00:00,-0.7358530552732454
2020-01-18 08:00:00,-0.49240660290810956
2020-01-18 12:00:00,-0.7157912830471793
2020-01-18 16:00:00,0.8599978874685432
2020-01-18 20:00:00,-0.43359100041797777
2020-01-19 00:00:00,-0.8313123280969734
2020-01-19 04:00:00,0.9349796663499876
2020-01-19 08:00:00,-0.2910228721578078
2020-01-19 12:00:00,0.8820470200326486
2020-01-19 16:00:00,-0.11066619480216626
2020-01-19 20:00:00,-0.791444557322395
2020-01-20 00:00:00,0.2810737592948865
2020-01-20 04:00:00,-0.6444691788888175
2020-01-20 08:00:00,-0.7417005190674526
2020-01-20 12:00:00,-0.2787118997867286
2020-01-20 16:00:00,0.6997001588981588
2020-01-20 20:00:00,-0.5351351293410539
2020-01-21 00:00:00,-0.0627861886419276
2020-01-21 04:00:00,-0.7273787512178835
2020-01-21 08:00:00,-0.6463603405821698
2020-01-21 12:00:00,0.41131597917356105
2020-01-21 16:00:00,-0.5305197107697832
2020-01-21 20:00:00,0.910403628158085
2020-01-22 00:00:00,0.9250478473635362
2020-01-22 04:00:00,-0.6922745573137419
2020-01-22 08:00:00,-0.2763514256479484
2020-01-22 12:00:00,0.24168174778023532
2020-01-22 16:00:00,-0.554436439259283
2020-01-22 20:00:00,0.5618356205409261
2020-01-23 00:00:00,-0.8814212698501996
2020-01-23 04:00:00,0.11399416083988043
2020-01-23 08:00:00,0.7857696909729031
2020-01-23 12:00:00,0.9042699144395293
2020-01-23 16:00:00,0.6930943662397154
2020-01-23 20:00:00,-0.5750216098822637
2020-01-24 00:00:00,-0.7623074787971562
2020-01-24 04:00:00,-0.6375211659070416
2020-01-24 08:00:00,-0.7336297484762141
2020-01-24 12:00:00,0.9322335448762632
2020-01-24 16:00:00,0.7576946662240193
2020-01-24 20:00:00,-0.501493289678027
2020-01-25 00:00:00,-0.5409763993900294
2020-01-25 04:00:00,-0.14356229027923803
2020-01-25 08:00:00,-0.7968436156276952
2020-01-25 12:00:00,-0.6033789264440823
2020-01-25 16:00:00,-0.5698351291197908
2020-01-25 20:00:00,-0.7154478465438803
2020-01-26 00:00:00,0.7354127466128003
2020-01-26 04:00:00,-0.3610935001116881
2020-01-26 08:00:00,-0.49926566749917245
2020-01-26 12:00:00,0.9350755277334357
2020-01-26 16:00:00,-0.2651851232207048
2020-01-26 20:00:00,0.8866048019660311
2020-01-27 00:00:00,-0.4723651788267682
2020-01-27 04:00:00,0.3976200779434667
2020-01-27 08:00:00,-0.6750943712918545
2020-01-27 12:00:00,0.6944100613209832
2020-01-27 16:00:00,0.7743811957211728
2020-01-27 20:00:00,0.8526222687109444
2020-01-28 00:00:00,-0.218970108549137
2020-01-28 04:00:00,0.5513359649421372
2020-01-28 08:00:00,-0.4515576064861996
2020-01-28 12:00:00,-0.08331648134419073
2020-01-28 16:00:00,0.9278723792827804
2020-01-28 20:00:00,-0.48902085636105114
2020-01-29 00:00:00,0.5886457925574811
2020-01-29 04:00:00,-0.5115532580586883
2020-01-29 08:00:00,-0.8600176325358573
2020-01-29 12:00:00,0.6252150658966673
2020-01-29 16:00:00,-0.7213829646751108
2020-01-29 20:00:00,-0.5097838993136353
2020-01-30 00:00:00,-0.4141177018523367
2020-01-30 04:00:00,-0.5639416440132825
2020-01-30 08:00:00,-0.899416130170002
2020-01-30 12:00:00,-0.051306916085228464
2020-01-30 16:00:00,0.9251823212752665
2020-01-30 20:00:00,0.9432322390238452
2020-01-31 00:00:00,-0.302357893663355
2020-01-31 04:00:00,-0.5383723579881237
2020-01-31 08:00:00,-0.3866332466688063
2020-01-31 12:00:00,-0.3345385443306213
2020-01-31 16:00:00,0.8577549413950372
2020-01-31 20:00:00,-0.8011944080116211
2020-02-01 00:00:00,-0.750728975328486
2020-02-01 04:00:00,-0.4886525509758409
2020-02-01 08:00:00,-0.721066055882553
2020-02-01 12:00:00,0.3369592381371223
2020-02-01 16:00:00,0.732365347752729
2020-02-01 20:00:00,-0.2200447497030631
2020-02-02 00:00:00,-0.8941824300013725
2020-02-02 04:00:00,0.7105204186319427
2020-02-02 08:00:00,0.9188954887843168
2020-02-02 12:00:00,0.3115245358459609
2020-02-02 16:00:00,0.43213746709383705
2020-02-02 20:00:00,-0.8423366602883802
2020-02-03 00:00:00,-0.5372864175906839
2020-02-03 04:00:00,0.9365682035657313
2020-02-03 08:00:00,-0.6432012865520695
2020-02-03 12:00:00,-0.14830100723106632
2020-02-03 16:00:00,0.02211097623918469
2020-02-03 20:00:00,-0.23506673061852695
2020-02-04 00:00:00,-0.7922339904090474
2020-02-04 04:00:00,-0.546305166446931
2020-02-04 08:00:00,0.38514754383769617
2020-02-04 12:00:00,0.9230441128760193
2020-02-04 16:00:00,0.6774086928689145
2020-02-04 20:00:00,-0.6767884550993519
2020-02-05 00:00:00,-0.8051917802398224
2020-02-05 04:00:00,-0.5665241606653264
2020-02-05 08:00:00,-0.05152161700661009
2020-02-05 12:00:00,0.9355187362239059
2020-02-05 16:00:00,0.7735511369660674
2020-02-05 20:00:00,0.8946228360705576
2020-02-06 00:00:00,-0.5544332769679512
2020-02-06 04:00:00,-0.7338126085473115
2020-02-06 08:00:00,-0.5903214956514392
2020-02-06 12:00:00,-0.4357797861845877
2020-02-06 16:00:00,0.9434369046659912
2020-02-06 20:00:00,-0.3725721148595754
2020-02-07 00:00:00,-0.43172099713317696
2020-02-07 04:00:00,-0.45759401786232656
2020-02-07 08:00:00,-0.5685886397652041
2020-02-07 12:00:00,0.8139962629685227
2020-02-07 16:00:00,0.5299069843735383
2020-02-07 20:00:00,-0.8394847718204868
2020-02-08 00:00:00,-0.6788287636569692
2020-02-08 04:00:00,0.02499089184319253
2020-02-08 08:00:00,-0.49849467269681946
2020-02-08 12:00:00,0.6943853235473659
2020-02-08 16:00:00,0.8885153040464243
2020-02-08 20:00:00,-0.28833796383431826
2020-02-09 00:00:00,-0.44738414083279504
2020-02-09 04:00:00,0.4948673329507505
2020-02-09 08:00:00,0.7489732441099901
2020-02-09 12:00:00,0.19251517849123623
2020-02-09 16:00:00,0.0034615480111661054
2020-02-09 20:00:00,-0.914899750904488
2020-02-10 00:00:00,-0.7917657711529866
2020-02-10 04:00:00,0.5618786259919532
2020-02-10 08:00:00,0.9330386776952779
2020-02-10 12:00:00,0.6945532353575324
2020-02-10 16:00:00,-0.2587938566663899
2020-02-10 20:00:00,-0.7764877979977799
2020-02-11 00:00:00,-0.8059473818716473
2020-02-11 04:00:00,0.040016232024621776
2020-02-11 08:00:00,-0.6326540957794212
2020-02-11 12:00:00,-0.043311960142585974
2020-02-11 16:00:00,0.9369448112553692
2020-02-11 20:00:00,0.7700852495128117
2020-02-12 00:00:00,-0.6337990138119004
2020-02-12 04:00:00,-0.44260246636062284
2020-02-12 08:00:00,-0.16417556111328918
2020-02-12 12:00:00,0.1540858158361536
2020-02-12 16:00:00,0.5473887702592687
2020-02-12 20:00:00,-0.8730077710768591
2020-02-13 00:00:00,-0.7101418482266393
2020-02-13 04:00:00,-0.5707946430816613
2020-02-13 08:00:00,0.6082437804097802
2020-02-13 12:00:00,0.9402253347892952
2020-02-13 16:00:00,0.8591145364949677
2020-02-13 20:00:00,-0.5875503904666873
2020-02-14 00:00:00,-0.8071130326555709
2020-02-14 04:00:00,-0.6292515579208483
2020-02-14 08:00:00,-0.3778854899052562
2020-02-14 12:00:00,0.8432535488762407
2020-02-14 16:00:00,0.6102778656561976
2020-02-14 20:00:00,-0.17528591807078456
2020-02-15 00:00:00,-0.8928330940132253
2020-02-15 04:00:00,-0.3898064682312771
2020-02-15 08:00:00,-0.635197853416181
2020-02-15 12:00:00,-0.7025582427805511
2020-02-15 16:00:00,0.9391523099340674
2020-02-15 20:00:00,0.9088170422344025
2020-02-16 00:00:00,-0.6632574043939975
2020-02-16 04:00:00,-0.3737746739421191
2020-02-16 08:00:00,-0.64617492729515
2020-02-16 12:00:00,-0.36975586049130343
2020-02-16 16:00:00,0.913187454090222
2020-02-16 20:00:00,0.9253217355233996
2020-02-17 00:00:00,-0.11015265435050707
2020-02-17 04:00:00,-0.4544470619776218
2020-02-17 08:00:00,-0.41772032407724047
2020-02-17 12:00:00,0.6349223272553871
2020-02-17 16:00:00,0.9081159482444585
2020-02-17 20:00:00,-0.45079493261073716
2020-02-18 00:00:00,-0.7943063007755482
2020-02-18 04:00:00,-0.7004108963359357
2020-02-18 08:00:00,-0.4694705149594512
2020-02-18 12:00:00,0.7344445389269688
2020-02-18 16:00:00,0.9153606614394602
2020-02-18 20:00:00,0.8569506311333834
2020-02-19 00:00:00,0.7098025833760018
2020-02-19 04:00:00,-0.8879648935465914
2020-02-19 08:00:00,-0.7653746664943487
2020-02-19 16:00:00,-0.52434675413401
2020-02-19 20:00:00,-0.06093375944678335
2020-02-20 00:00:00,0.9448575689883715
2020-02-20 04:00:00,-0.2195215370401408
2020-02-20 08:00:00,-0.5774906177741679
2020-02-20 12:00:00,-0.3994652922828024
2020-02-20 16:00:00,-0.3286015338949215
2020-02-20 20:00:00,0.9251129915513392
2020-02-21 00:00:00,-0.6712147679571233
2020-02-21 04:00:00,-0.5526832841388684
2020-02-21 08:00:00,-0.5082941258093928
2020-02-21 12:00:00,-0.32964919841080803
2020-02-21 16:00:00,0.9171859364295346
2020-02-21 20:00:00,-0.8460874922001687
2020-02-22 00:00:00,0.647687745928405
2020-02-22 04:00:00,-0.8688466915201963
2020-02-22 08:00:00,-0.47418128925492287
2020-02-22 12:00:00,-0.6079922782539626
2020-02-22 16:00:00,-0.1088697925258637
2020-02-22 20:00:00,0.04280550870292746
2020-02-23 00:00:00,-0.9139921302416263
2020-02-23 04:00:00,0.07360369817543898
2020-02-23 08:00:00,0.9386803483587222
2020-02-23 12:00:00,0.6561205781984405
2020-02-23 16:00:00,-0.09090764413622349
2020-02-23 20:00:00,-0.7907908004865306
2020-02-24 00:00:00,-0.3525657598549351
2020-02-24 04:00:00,0.9194777110419812
2020-02-24 08:00:00,-0.14430545841260187
2020-02-24 12:00:00,-0.16913438881726905
2020-02-24 16:00:00,0.39082911713098767
2020-02-24 20:00:00,0.775668345727059
2020-02-25 00:00:00,-0.6106002956732316
2020-02-25 04:00:00,-0.7193066966480803
2020-02-25 08:00:00,-0.3251324210838631
2020-02-25 12:00:00,0.07541805048090984
2020-02-25 16:00:00,0.9335389863661104
2020-02-25 20:00:00,0.6406297383692585
2020-02-26 00:00:00,-0.380899583699881
2020-02-26 04:00:00,0.6371737929135969
2020-02-26 08:00:00,-0.813388359560926
2020-02-26 12:00:00,-0.3334478925761928
2020-02-26 16:00:00,0.9290495845641789
2020-02-26 20:00:00,0.8439930556386142
2020-02-27 00:00:00,-0.6748758748652999
2020-02-27 04:00:00,-0.05577846921857554
2020-02-27 08:00:00,-0.7160143776941958
2020-02-27 12:00:00,-0.5173921098635981
2020-02-27 16:00:00,0.6517750404321279
2020-02-27 20:00:00,-0.41923491726077444
2020-02-28 00:00:00,0.01039723832260227
2020-02-28 04:00:00,-0.8724613786894054
2020-02-28 08:00:00,-0.7070860440437408
2020-02-28 12:00:00,0.8929919648885821
2020-02-28 16:00:00,0.8878169525883401
2020-02-28 20:00:00,0.030053173798374397
2020-02-29 00:00:00,-0.5881897140806459
2020-02-29 04:00:00,-0.8407610551606657
2020-02-29 08:00:00,-0.628635418749091
2020-02-29 12:00:00,-0.2880288676741685
2020-02-29 16:00:00,0.6220246778269266
2020-02-29 20:00:00,-0.6277012494201433
2020-03-01 00:00:00,-0.7050875675962643
2020-03-01 04:00:00,0.41816359236661066
2020-03-01 08:00:00,-0.26988493050067125
2020-03-01 12:00:00,0.36348730379126587
2020-03-01 16:00:00,0.9385175422995601
2020-03-01 20:00:00,0.850658199664041
2020-03-02 00:00:00,-0.5978481934336665
2020-03-02 04:00:00,-0.44600236317286274
2020-03-02 08:00:00,-0.22340666904802928
2020-03-02 12:00:00,0.5471134942155879
2020-03-02 16:00:00,0.8943644969904374
2020-03-02 20:00:00,-0.20339720924816937
2020-03-03 00:00:00,-0.7768076209116679
2020-03-03 04:00:00,-0.7566495623488889
2020-03-03 08:00:00,-0.5511259661491497
2020-03-03 12:00:00,0.6357421808541464
2020-03-03 16:00:00,0.9432533394957339
2020-03-03 20:00:00,-0.1574839595860639
2020-03-04 00:00:00,-0.7247651654186094
2020-03-04 04:00:00,-0.5211895874444483
2020-03-04 08:00:00,-0.4935778036525961
2020-03-04 12:00:00,-0.2650954937375769
2020-03-04 16:00:00,0.9065680446155443
2020-03-04 20:00:00,-0.3696489129509792
2020-03-05 00:00:00,-0.7557907431210831
2020-03-05 04:00:00,0.8639509664655891
2020-03-05 08:00:00,-0.30891065091393766
2020-03-05 12:00:00,0.8062330158269588
2020-03-05 16:00:00,0.13823593986166277
2020-03-05 20:00:00,-0.7041283356358864
2020-03-06 00:00:00,-0.43810706051189136
2020-03-06 04:00:00,-0.6427361216076353
2020-03-06 08:00:00,-0.458291559013221
2020-03-06 12:00:00,0.8195071722512733
2020-03-06 16:00:00,0.9085118503426433
2020-03-06 20:00:00,-0.8659388030826949
2020-03-07 00:00:00,-0.8270008903954614
2020-03-07 04:00:00,-0.7229788445611729
2020-03-07 08:00:00,-0.3859549194205133
2020-03-07 12:00:00,0.15654417295576298
2020-03-07 16:00:00,0.874996045258803
2020-03-07 20:00:00,0.943784642788992
2020-03-08 00:00:00,-0.5309671605851017
2020-03-08 04:00:00,0.07822758056933288
2020-03-08 08:00:00,-0.5304348764724216
2020-03-08 12:00:00,-0.35166575347378054
2020-03-08 16:00:00,0.9370476311998029
2020-03-08 20:00:00,0.8030100310483673
2020-03-09 00:00:00,-0.008032462625121086
2020-03-09 04:00:00,-0.206276580404998
2020-03-09 08:00:00,0.8848241358781591
2020-03-09 12:00:00,-0.4689087083808458
2020-03-09 16:00:00,0.8165199629714209
2020-03-09 20:00:00,-0.48496079755800425
2020-03-10 00:00:00,-0.8388069965593354
2020-03-10 04:00:00,-0.6906022507047032
2020-03-10 08:00:00,-0.5158130303014433
2020-03-10 12:00:00,0.7534631109458538
2020-03-10 16:00:00,0.9129869591501228
2020-03-10 20:00:00,0.15514395999388372
2020-03-11 00:00:00,-0.4832745849962853
2020-03-11 04:00:00,-0.8664782740682022
2020-03-11 08:00:00,-0.6441124099656248
2020-03-11 12:00:00,0.5965044176240382
2020-03-11 16:00:00,0.38252211644520906
2020-03-11 20:00:00,0.9208805326951429
2020-03-12 00:00:00,-0.41205974815665664
2020-03-12 04:00:00,0.4830367493864303
2020-03-12 08:00:00,0.7463358810394705
2020-03-12 12:00:00,0.9400993440887339
2020-03-12 16:00:00,0.48021461620726885
2020-03-12 20:00:00,-0.5227477713623335
2020-03-13 00:00:00,0.746776422037488
2020-03-13 04:00:00,0.8443143889083203
2020-03-13 08:00:00,-0.3087465080890314
2020-03-13 12:00:00,-0.3697609861905278
2020-03-13 16:00:00,0.09116977847587367
2020-03-13 20:00:00,-0.42791872225526373
2020-03-14 00:00:00,-0.8804492690604476
2020-03-14 04:00:00,-0.8267102593089853
2020-03-14 08:00:00,-0.7565493360501102
2020-03-14 12:00:00,-0.3620572105543964
2020-03-14 16:00:00,-0.6920433810935835
2020-03-14 20:00:00,-0.6957336324578461
2020-03-15 00:00:00,0.6279670853319755
2020-03-15 04:00:00,-0.7850863393385793
2020-03-15 08:00:00,-0.8719521343011757
2020-03-15 12:00:00,0.1703483777692908
2020-03-15 16:00:00,0.667325745383415
2020-03-15 20:00:00,-0.20839306473806246
2020-03-16 00:00:00,0.9396898964089894
2020-03-16 04:00:00,-0.32719217418345753
2020-03-16 08:00:00,0.3811693569919005
2020-03-16 12:00:00,0.6276668713429535
2020-03-16 16:00:00,0.8495223944558754
2020-03-16 20:00:00,-0.522220466770772
2020-03-17 00:00:00,-0.7728078735258841
2020-03-17 04:00:00,-0.4102596300428562
2020-03-17 08:00:00,-0.6314727015541974
2020-03-17 12:00:00,-0.25702569677854975
2020-03-17 16:00:00,0.8315295555627712
2020-03-17 20:00:00,-0.10700528068297382
2020-03-18 00:00:00,-0.741237016778554
2020-03-18 04:00:00,-0.849160492496642
2020-03-18 08:00:00,-0.2299740813283875
2020-03-18 12:00:00,0.5523171571292245
2020-03-18 16:00:00,0.9284962817953273
2020-03-18 20:00:00,0.34725436443397417
2020-03-19 00:00:00,-0.7573560071474233
2020-03-19 04:00:00,-0.7141070458816169
2020-03-19 08:00:00,-0.6998020556191162
2020-03-19 12:00:00,0.8010997606028368
2020-03-19 16:00:00,0.9209917842913494
2020-03-19 20:00:00,0.8841347118749436
2020-03-20 00:00:00,-0.5755860278230712
2020-03-20 04:00:00,-0.7711110487206111
2020-03-20 08:00:00,-0.6601446735132037
2020-03-20 12:00:00,0.7701952013137165
2020-03-20 16:00:00,0.34320615410142774
2020-03-20 20:00:00,0.13676309619214677
2020-03-21 00:00:00,0.6231734577579597
2020-03-21 04:00:00,-0.8454137049020317
2020-03-21 08:00:00,-0.8070453057564156
2020-03-21 12:00:00,-0.3532954524930775
2020-03-21 16:00:00,-0.3274303672178569
2020-03-21 20:00:00,-0.5921333892746451
2020-03-22 00:00:00,0.5993948336323265
2020-03-22 04:00:00,-0.9143517367077617
2020-03-22 08:00:00,-0.8194187807769462
2020-03-22 12:00:00,0.03334930201430488
2020-03-22 16:00:00,0.8854931086188705
2020-03-22 20:00:00,0.46683599632146316
2020-03-23 00:00:00,0.7354183987622163
2020-03-23 04:00:00,-0.49299544509654497
2020-03-23 08:00:00,-0.898640398797306
2020-03-23 12:00:00,-0.40093962418081047
2020-03-23 16:00:00,0.937332628991419
2020-03-23 20:00:00,-0.24692617571412354
2020-03-24 00:00:00,-0.244161295292336
2020-03-24 04:00:00,-0.2619653036617591
2020-03-24 08:00:00,-0.5580900815513827
2020-03-24 12:00:00,0.9179749733058482
2020-03-24 16:00:00,0.7861008485327985
2020-03-24 20:00:00,-0.7214280174817879
2020-03-25 00:00:00,-0.7671309491191947
2020-03-25 04:00:00,-0.6606477643108178
2020-03-25 08:00:00,-0.6648535010171154
2020-03-25 12:00:00,0.9418609791074608
2020-03-25 16:00:00,0.47045382638649336
2020-03-25 20:00:00,-0.5804270167860176
2020-03-26 00:00:00,-0.6398919426428988
2020-03-26 04:00:00,-0.5770093458780227
2020-03-26 08:00:00,-0.43294400454387666
2020-03-26 12:00:00,-0.7514221123809092
2020-03-26 16:00:00,0.939455003227654
2020-03-26 20:00:00,-0.7786422159822158
2020-03-27 00:00:00,-0.05852483324601281
2020-03-27 04:00:00,-0.3005107253026282
2020-03-27 08:00:00,0.11685684100836179
2020-03-27 12:00:00,-0.15696478761460766
2020-03-27 16:00:00,0.6354427160683915
2020-03-27 20:00:00,-0.8740477422746614
2020-03-28 00:00:00,0.7412900906833189
2020-03-28 04:00:00,0.9363148106879401
2020-03-28 08:00:00,-0.42294852815010586
2020-03-28 12:00:00,-0.2685263628729283
2020-03-28 16:00:00,-0.7076220468193533
2020-03-28 20:00:00,0.6555630932179319
2020-03-29 00:00:00,-0.52515557205757
2020-03-29 04:00:00,-0.8216131947424495
2020-03-29 08:00:00,-0.6219688508336114
2020-03-29 12:00:00,0.16265977731003162
2020-03-29 16:00:00,0.2561779860402629
2020-03-29 20:00:00,0.9130706944091356
2020-03-30 00:00:00,0.14880830886860252
2020-03-30 04:00:00,-0.293387623244168
2020-03-30 08:00:00,0.8956745227269695
2020-03-30 12:00:00,0.08592285736247135
2020-03-30 16:00:00,0.5352957860590738
2020-03-30 20:00:00,-0.7401317267345767
2020-03-31 00:00:00,0.7317250753025781
2020-03-31 04:00:00,-0.7616763424087547
2020-03-31 08:00:00,-0.679301706479162
2020-03-31 12:00:00,-0.07498404260247551
2020-03-31 16:00:00,0.1026569163490793
2020-03-31 20:00:00,-0.811714509072137
2020-04-01 00:00:00,-0.8002036689935619
2020-04-01 04:00:00,0.6097967322715947
2020-04-01 08:00:00,-0.4917357204247907
2020-04-01 12:00:00,-0.35941937848426425
2020-04-01 16:00:00,0.8761091419498979
2020-04-01 20:00:00,-0.037115966254991015
2020-04-02 00:00:00,0.9340719933030944
2020-04-02 04:00:00,-0.1010172221030316
2020-04-02 08:00:00,-0.7065392443616886
2020-04-02 12:00:00,-0.41700275729589636
2020-04-02 16:00:00,0.496097070329606
2020-04-02 20:00:00,0.9353452255374707
2020-04-03 00:00:00,-0.28467850488775176
2020-04-03 04:00:00,-0.6773699591313419
2020-04-03 08:00:00,-0.5407340201742898
2020-04-03 12:00:00,-0.1285949840192066
2020-04-03 16:00:00,0.8915677368835394
2020-04-03 20:00:00,0.13953519785906576
2020-04-04 00:00:00,-0.8272969505627713
2020-04-04 04:00:00,-0.7946965815562298
2020-04-04 08:00:00,-0.7011117754137266
2020-04-04 12:00:00,0.7951254916322734
2020-04-04 16:00:00,0.08255227528515592
2020-04-04 20:00:00,-0.1414500684093662
2020-04-05 00:00:00,0.8141489677770122
2020-04-05 04:00:00,-0.774709499188995
2020-04-05 08:00:00,-0.5876523702380421
2020-04-05 12:00:00,-0.3957354318567388
2020-04-05 16:00:00,-0.5316753310397228
2020-04-05 20:00:00,0.9407498903405361
2020-04-06 00:00:00,-0.15400203591099668
2020-04-06 04:00:00,0.4623329084847208
2020-04-06 08:00:00,0.9295122745412612
2020-04-06 12:00:00,0.37204209383982373
2020-04-06 16:00:00,0.22325383508994898
2020-04-06 20:00:00,0.7199064071599626
2020-04-07 00:00:00,-0.825876680326958
2020-04-07 04:00:00,0.4327274653750299
2020-04-07 08:00:00,-0.7825371662322477
2020-04-07 12:00:00,-0.5530057300427094
2020-04-07 16:00:00,0.7310163288030429
2020-04-07 20:00:00,-0.7837908418298374
2020-04-08 00:00:00,0.7648298125058415
2020-04-08 04:00:00,-0.5080527368258577
2020-04-08 08:00:00,-0.5919982940542109
2020-04-08 12:00:00,-0.15884659114337576
2020-04-08 16:00:00,-0.3016641537177386
2020-04-08 20:00:00,-0.8018112491558341
2020-04-09 00:00:00,-0.9156862960557807
2020-04-09 04:00:00,-0.8868623683812903
2020-04-09 08:00:00,-0.7694732398509618
2020-04-09 12:00:00,0.742693076628629
2020-04-09 16:00:00,0.9343289139673701
2020-04-09 20:00:00,-0.414091662422202
2020-04-10 00:00:00,-0.7107324131836347
2020-04-10 04:00:00,-0.22907248781726852
2020-04-10 08:00:00,0.9016396952897294
2020-04-10 12:00:00,-0.05316967370659149
2020-04-10 16:00:00,0.46990256612318426
2020-04-10 20:00:00,-0.26930893650535515
2020-04-11 00:00:00,-0.8129780260153839
2020-04-11 04:00:00,-0.7961553023567333
2020-04-11 08:00:00,-0.5541544287512985
2020-04-11 12:00:00,-0.35435668836251405
2020-04-11 16:00:00,-0.38697187596170696
2020-04-11 20:00:00,0.8705444427548973
2020-04-12 00:00:00,0.6274736056786886
2020-04-12 04:00:00,-0.8226147818589653
2020-04-12 08:00:00,-0.8932060856625892
2020-04-12 12:00:00,-0.6224755975750033
2020-04-12 16:00:00,0.9336031818202709
2020-04-12 20:00:00,0.8926063055610521
2020-04-13 00:00:00,0.3812082789712756
2020-04-13 04:00:00,0.8196898888809987
2020-04-13 08:00:00,-0.8719578608512515
2020-04-13 12:00:00,-0.5368438209276813
2020-04-13 16:00:00,0.6336529233992814
2020-04-13 20:00:00,-0.6940138229558571
2020-04-14 00:00:00,-0.2730964511812471
2020-04-14 04:00:00,-0.6951649300029462
2020-04-14 08:00:00,-0.416296043711573
2020-04-14 12:00:00,0.8021791198115219
2020-04-14 16:00:00,0.8959174793565358
2020-04-14 20:00:00,0.18621433651497474
2020-04-15 00:00:00,-0.8517683946437137
2020-04-15 04:00:00,-0.7740222136280255
2020-04-15 08:00:00,-0.6515878676745003
2020-04-15 12:00:00,0.8475991317827688
2020-04-15 16:00:00,0.8974652702798345
2020-04-15 20:00:00,-0.5585591785765178
2020-04-16 00:00:00,-0.12606572485449555
2020-04-16 04:00:00,0.8297661677601491
2020-04-16 08:00:00,0.8646552594316294
2020-04-16 12:00:00,0.8137336591291464
2020-04-16 16:00:00,-0.22474531271193074
2020-04-16 20:00:00,-0.8574306284680552
2020-04-17 00:00:00,-0.38269538027729827
2020-04-17 04:00:00,-0.8008390236436027
2020-04-17 08:00:00,-0.8181130380643666
2020-04-17 12:00:00,-0.44955172062735826
2020-04-17 16:00:00,0.19942233368351017
2020-04-17 20:00:00,-0.8776016573878295
2020-04-18 00:00:00,-0.011930272492264974
2020-04-18 04:00:00,-0.7671900639441503
2020-04-18 08:00:00,-0.8097388794266714
2020-04-18 12:00:00,-0.49030557625838583
2020-04-18 16:00:00,0.9286362878536256
2020-04-18 20:00:00,0.07933980666276721
2020-04-19 00:00:00,-0.20834977922268547
2020-04-19 04:00:00,-0.5456101704630266
2020-04-19 08:00:00,-0.0607452598901833
2020-04-19 12:00:00,-0.7804107211309473
2020-04-19 16:00:00,0.8540257792942981
2020-04-19 20:00:00,-0.3721830204361967
2020-04-20 00:00:00,-0.18584660456245508
2020-04-20 04:00:00,-0.19202862181952152
2020-04-20 08:00:00,-0.5565870221348614
2020-04-20 12:00:00,0.9446866589663715
2020-04-20 16:00:00,0.8259721219162071
2020-04-20 20:00:00,0.9137383074060553
2020-04-21 00:00:00,-0.45503934950185987
2020-04-21 04:00:00,-0.7788827749777473
2020-04-21 08:00:00,-0.6967233779471754
2020-04-21 12:00:00,-0.1434137386412225
2020-04-21 16:00:00,0.7343186799186162
2020-04-21 20:00:00,0.6749270840825643
2020-04-22 00:00:00,-0.8195346351118498
2020-04-22 04:00:00,-0.7741810475531757
2020-04-22 08:00:00,-0.03296114999840512
2020-04-22 12:00:00,-0.24400341821737487
2020-04-22 16:00:00,0.938708928434894
2020-04-22 20:00:00,0.11814348934716196
2020-04-23 00:00:00,-0.7338984704093553
2020-04-23 04:00:00,-0.3763189614895322
2020-04-23 08:00:00,-0.17499492369541833
2020-04-23 12:00:00,-0.06421231038486709
2020-04-23 16:00:00,0.9445960502857635
2020-04-23 20:00:00,-0.24252412057283737
2020-04-24 00:00:00,-0.37658818590360493
2020-04-24 04:00:00,-0.5475641600073261
2020-04-24 08:00:00,-0.5279421172244259
2020-04-24 12:00:00,0.8286361980132454
2020-04-24 16:00:00,0.7659271769030966
2020-04-24 20:00:00,-0.7477960000358951
2020-04-25 00:00:00,-0.729819612416598
2020-04-25 04:00:00,-0.7447226300426072
2020-04-25 08:00:00,-0.11732254500619962
2020-04-25 12:00:00,0.9026075432255689
2020-04-25 16:00:00,0.8917123586118125
2020-04-25 20:00:00,-0.18864963123679446
2020-04-26 00:00:00,-0.835255705138625
2020-04-26 04:00:00,-0.710018196418447
2020-04-26 08:00:00,-0.610809655728161
2020-04-26 12:00:00,0.9126866051467896
2020-04-26 16:00:00,0.9141278817637499
2020-04-26 20:00:00,-0.17142728166578125
2020-04-27 00:00:00,-0.3117928024208009
2020-04-27 04:00:00,0.7384827272889061
2020-04-27 08:00:00,-0.43919020709997353
2020-04-27 12:00:00,-0.3378653137244008
2020-04-27 16:00:00,0.1777580453449752
2020-04-27 20:00:00,-0.6881019277299021
2020-04-28 00:00:00,-0.7658632085319503
2020-04-28 04:00:00,-0.04125524095344889
2020-04-28 08:00:00,-0.756888192225229
2020-04-28 12:00:00,-0.08043794849638272
2020-04-28 16:00:00,0.9131821047758651
2020-04-28 20:00:00,-0.8128131394872008
2020-04-29 00:00:00,-0.6289401904967952
2020-04-29 04:00:00,0.8970508771093858
2020-04-29 08:00:00,0.8518704351978762
2020-04-29 12:00:00,0.8931103045996139
2020-04-29 16:00:00,0.8817968257360723
2020-04-29 20:00:00,0.9240850877885796
2020-04-30 00:00:00,-0.4866737556230655
2020-04-30 04:00:00,-0.38294003413115063
2020-04-30 08:00:00,0.45197002339483416
2020-04-30 12:00:00,0.3297797180896339
2020-04-30 16:00:00,-0.73666486994287
2020-04-30 20:00:00,-0.09051238799424996
2020-05-01 00:00:00,-0.8244462738331901
2020-05-01 04:00:00,-0.8016860862312657
2020-05-01 08:00:00,-0.6749103301683069
2020-05-01 12:00:00,0.027244664911373954
2020-05-01 16:00:00,0.8937081453933887
2020-05-01 20:00:00,-0.25909631558218615
2020-05-02 00:00:00,-0.6331472488609023
2020-05-02 04:00:00,-0.8032764646373916
2020-05-02 08:00:00,-0.6677023232733612
2020-05-02 12:00:00,-0.06462443042725619
2020-05-02 16:00:00,0.895753214898998
2020-05-02 20:00:00,0.8482298525086385
2020-05-03 00:00:00,-0.6389072004595512
2020-05-03 04:00:00,0.8453002638521958
2020-05-03 08:00:00,-0.022145175837059945
2020-05-03 12:00:00,-0.4425215728262132
2020-05-03 16:00:00,0.9049741362723929
2020-05-03 20:00:00,-0.731695198506708
2020-05-04 00:00:00,-0.524068071048184
2020-05-04 04:00:00,0.2629649296638641
2020-05-04 08:00:00,0.20726203361745787
2020-05-04 12:00:00,-0.32779846561793424
2020-05-04 16:00:00,0.3969728414403621
2020-05-04 20:00:00,-0.7114778303499313
2020-05-05 00:00:00,-0.7366803153621196
2020-05-05 04:00:00,-0.873477591812903
2020-05-05 08:00:00,0.8831717940204001
2020-05-05 12:00:00,0.7546165722032908
2020-05-05 16:00:00,-0.20401866125902024
2020-05-05 20:00:00,-0.729305534224454
2020-05-06 00:00:00,-0.6470305866303804
2020-05-06 04:00:00,-0.5102218813733335
2020-05-06 08:00:00,-0.5290696117952862
2020-05-06 12:00:00,0.9452444117207283
2020-05-06 16:00:00,0.5545698152511891
2020-05-06 20:00:00,-0.5102466820897893
2020-05-07 00:00:00,-0.06424771032696747
2020-05-07 04:00:00,-0.1801984258977663
2020-05-07 08:00:00,-0.8428925719214468
2020-05-07 12:00:00,-0.6611201212325437
2020-05-07 16:00:00,0.9259474916061061
2020-05-07 20:00:00,0.8599839085318277
2020-05-08 00:00:00,0.025485334757821176
2020-05-08 04:00:00,-0.542796178091991
2020-05-08 08:00:00,-0.728663750114826
2020-05-08 12:00:00,-0.6778198375820287
2020-05-08 16:00:00,0.07254052049833298
2020-05-08 20:00:00,-0.8739930277086738
2020-05-09 00:00:00,-0.4540945261639581
2020-05-09 04:00:00,-0.7596001725055281
2020-05-09 08:00:00,0.7988438464763171
2020-05-09 12:00:00,0.5348903323591626
2020-05-09 16:00:00,-0.6931875275555582
2020-05-09 20:00:00,-0.725621193783943
2020-05-10 00:00:00,-0.020485497843077998
2020-05-10 04:00:00,0.9444617873083007
2020-05-10 08:00:00,-0.20833295340710625
2020-05-10 12:00:00,-0.29071552874669465
2020-05-10 16:00:00,-0.4668810151602203
2020-05-10 20:00:00,-0.10657981863180443
2020-05-11 00:00:00,-0.13248941026653677
2020-05-11 04:00:00,-0.8513187264693236
2020-05-11 08:00:00,-0.7075865005131825
2020-05-11 12:00:00,0.7831000791334303
2020-05-11 16:00:00,0.8845483208980962
2020-05-11 20:00:00,0.878361465651421
2020-05-12 00:00:00,-0.6436342814722966
2020-05-12 04:00:00,-0.7967443669405658
2020-05-12 08:00:00,-0.6561833231173855
2020-05-12 12:00:00,-0.3759666792453664
2020-05-12 16:00:00,0.8936512992104819
2020-05-12 20:00:00,0.35385716080745744
2020-05-13 00:00:00,-0.7513019193766214
2020-05-13 04:00:00,-0.6950349851918418
2020-05-13 08:00:00,-0.7678257530535049
2020-05-13 12:00:00,0.5800501603252618
2020-05-13 16:00:00,0.9237411038968053
2020-05-13 20:00:00,-0.21302482277250526
2020-05-14 00:00:00,0.7580641655141872
2020-05-14 04:00:00,-0.7959287611956732
2020-05-14 08:00:00,0.2798915405792677
2020-05-14 12:00:00,0.9347485907262164
2020-05-14 16:00:00,-0.13429464615115233
2020-05-14 20:00:00,-0.49145632329832234
2020-05-15 00:00:00,-0.3295978950451137
2020-05-15 04:00:00,0.01768313346586241
2020-05-15 08:00:00,-0.6239473425337503
2020-05-15 12:00:00,-0.5438028547405471
2020-05-15 16:00:00,-0.3446460754087119
2020-05-15 20:00:00,-0.6044125292720811
2020-05-16 00:00:00,0.934750653651679
2020-05-16 04:00:00,-0.8286714106630004
2020-05-16 08:00:00,-0.6472132704218447
2020-05-16 12:00:00,-0.7561652546993666
2020-05-16 16:00:00,-0.24742406727243615
2020-05-16 20:00:00,-0.2401329279352735
2020-05-17 00:00:00,-0.9000482527609863
2020-05-17 04:00:00,0.3987150247883263
2020-05-17 08:00:00,-0.7933411926398036
2020-05-17 12:00:00,-0.5731534831924964
2020-05-17 16:00:00,0.9399144559825626
2020-05-17 20:00:00,-0.2772471621399553
2020-05-18 00:00:00,-0.1454250975323367
2020-05-18 04:00:00,0.5239374621411785
2020-05-18 08:00:00,-0.3839234593194131
2020-05-18 12:00:00,0.8593897902072248
2020-05-18 16:00:00,-0.4930654659615313
2020-05-18 20:00:00,-0.6748088405331544
2020-05-19 00:00:00,-0.8412158234169504
2020-05-19 04:00:00,0.021830855420935467
2020-05-19 08:00:00,-0.5401610936898303
2020-05-19 12:00:00,0.9303401889139917
2020-05-19 16:00:00,0.6447675377960875
2020-05-19 20:00:00,-0.7517657179527261
2020-05-20 00:00:00,-0.6422620290499922
2020-05-20 04:00:00,-0.6461211203553374
2020-05-20 08:00:00,0.11526527894996043
2020-05-20 12:00:00,-0.009858887825965314
2020-05-20 16:00:00,0.9395070543624605
2020-05-20 20:00:00,0.3435294588422701
2020-05-21 00:00:00,-0.6688148711770617
2020-05-21 04:00:00,-0.6560878040269523
2020-05-21 08:00:00,-0.5630750132005562
2020-05-21 12:00:00,0.8930309174146603
2020-05-21 16:00:00,0.9199218092457213
2020-05-21 20:00:00,0.4990770665435788
2020-05-22 00:00:00,-0.6917244934360866
2020-05-22 04:00:00,-0.7175532915229611
2020-05-22 08:00:00,-0.5993683833208983
2020-05-22 12:00:00,-0.3677154283462589
2020-05-22 16:00:00,-0.24708813295447346
2020-05-22 20:00:00,-0.611445632079349
2020-05-23 00:00:00,-0.9417624550431608
2020-05-23 04:00:00,-0.4710895434836634
2020-05-23 08:00:00,-0.6901556346252963
2020-05-23 12:00:00,0.7632258380730895
2020-05-23 16:00:00,0.24732464446205865
2020-05-23 20:00:00,-0.7333092092885336
2020-05-24 00:00:00,-0.5875903023988149
2020-05-24 04:00:00,-0.6685881627715673
2020-05-24 08:00:00,0.16658909204527367
2020-05-24 12:00:00,0.9399242788002139
2020-05-24 16:00:00,0.9148507683111247
2020-05-24 20:00:00,0.90673920543928
2020-05-25 00:00:00,0.36066390707539075
2020-05-25 04:00:00,-0.5158440624719001
2020-05-25 08:00:00,-0.8611646151729735
2020-05-25 12:00:00,-0.02988686808610285
2020-05-25 16:00:00,-0.13875815109601242
2020-05-25 20:00:00,0.39867592996360596
2020-05-26 00:00:00,-0.876362330064692
2020-05-26 04:00:00,-0.6771191373961876
2020-05-26 08:00:00,-0.12228468177699575
2020-05-26 12:00:00,0.7877330036221935
2020-05-26 16:00:00,0.8380408248802004
2020-05-26 20:00:00,-0.4785333400092038
2020-05-27 00:00:00,-0.8330650856643843
2020-05-27 04:00:00,-0.7401614709347748
2020-05-27 08:00:00,-0.67249602898714
2020-05-27 12:00:00,0.9397070492615154
2020-05-27 16:00:00,0.6442025218576967
2020-05-27 20:00:00,-0.421433496828619
2020-05-28 00:00:00,-0.34668573419609056
2020-05-28 04:00:00,-0.563183879026864
2020-05-28 08:00:00,-0.7239880367937188
2020-05-28 12:00:00,0.6972262562164654
2020-05-28 16:00:00,0.9430194451926901
2020-05-28 20:00:00,-0.2797790364796069
2020-05-29 00:00:00,-0.022619817168452468
2020-05-29 04:00:00,-0.4637506994356655
2020-05-29 08:00:00,-0.7129800524325616
2020-05-29 12:00:00,0.8970980687854169
2020-05-29 16:00:00,-0.3416251095528591
2020-05-29 20:00:00,-0.5427741674628586
2020-05-30 00:00:00,-0.7310449475608302
2020-05-30 04:00:00,-0.524511894851125
2020-05-30 08:00:00,0.8784636438875961
2020-05-30 12:00:00,0.09106281724029659
2020-05-30 16:00:00,-0.09327499766682755
2020-05-30 20:00:00,-0.772376743817371
2020-05-31 00:00:00,0.8926389939230533
2020-05-31 04:00:00,-0.21516565100743676
2020-05-31 08:00:00,-0.3570908578450934
2020-05-31 12:00:00,-0.3909586868827886
2020-05-31 16:00:00,0.3276204157420421
2020-05-31 20:00:00,-0.7104528724780415
2020-06-01 00:00:00,0.4078104542424937
2020-06-01 04:00:00,-0.2234760235926669
2020-06-01 08:00:00,-0.435891277715717
2020-06-01 12:00:00,-0.7864320604636065
2020-06-01 16:00:00,0.5363080917931257
2020-06-01 20:00:00,-0.2655640960472601
2020-06-02 00:00:00,0.9451272577196085
2020-06-02 04:00:00,0.18721797663381373
2020-06-02 08:00:00,-0.530243101416406
2020-06-02 12:00:00,-0.5069797966927894
2020-06-02 16:00:00,0.7788635981734109
2020-06-02 20:00:00,-0.41355739041387485
2020-06-03 00:00:00,-0.48053095597864975
2020-06-03 04:00:00,-0.5841474003355107
2020-06-03 08:00:00,-0.4145771439265039
2020-06-03 12:00:00,0.20660960717003832
2020-06-03 16:00:00,0.7968567429339595
2020-06-03 20:00:00,-0.42640499368661794
2020-06-04 00:00:00,-0.8723113651028861
2020-06-04 04:00:00,-0.7138732811160193
2020-06-04 08:00:00,-0.6196985470921866
2020-06-04 12:00:00,0.942167745622326
2020-06-04 16:00:00,0.8545018021528715
2020-06-04 20:00:00,0.17329626202003237
2020-06-05 00:00:00,-0.6686787410882205
2020-06-05 04:00:00,-0.8244716119837763
2020-06-05 08:00:00,-0.6088655864656518
2020-06-05 12:00:00,0.9234408079232023
2020-06-05 16:00:00,0.14146779755841987
2020-06-05 20:00:00,-0.5512123776974669
2020-06-06 00:00:00,-0.6123803292865766
2020-06-06 04:00:00,-0.28740167479563045
2020-06-06 08:00:00,-0.8047013031184237
2020-06-06 12:00:00,0.3897747442984261
2020-06-06 16:00:00,0.11319598453432152
2020-06-06 20:00:00,-0.5668863911874104
2020-06-07 00:00:00,-0.1967960035952396
2020-06-07 04:00:00,-0.9041039518114067
2020-06-07 08:00:00,-0.20088838077338467
2020-06-07 12:00:00,0.9270150622621219
2020-06-07 16:00:00,0.9331785364046066
2020-06-07 20:00:00,0.5574667649179798
2020-06-08 00:00:00,0.20731280336686814
2020-06-08 04:00:00,-0.8294754629798767
2020-06-08 08:00:00,-0.8291950563840302
2020-06-08 12:00:00,0.38133134480926406
2020-06-08 16:00:00,-0.2781326908058193
2020-06-08 20:00:00,-0.41224346385959754
2020-06-09 00:00:00,-0.3024071537840385
2020-06-09 04:00:00,0.8997924732906614
2020-06-09 08:00:00,-0.6621754333609053
2020-06-09 12:00:00,-0.191592715101005
2020-06-09 16:00:00,0.01922158769449268
2020-06-09 20:00:00,-0.5703145018644366
2020-06-10 00:00:00,0.8550868222578041
2020-06-10 04:00:00,-0.679666592817458
2020-06-10 08:00:00,-0.6080354327572618
2020-06-10 12:00:00,-0.5312229924683912
2020-06-10 16:00:00,-0.49881850242874926
2020-06-10 20:00:00,0.9453616446577621
2020-06-11 00:00:00,-0.22137926131542496
2020-06-11 04:00:00,0.0744240355396873
2020-06-11 08:00:00,0.010598355113450577
2020-06-11 12:00:00,-0.5592910842095951
2020-06-11 16:00:00,0.940314828065434
2020-06-11 20:00:00,0.9028431234791668
2020-06-12 00:00:00,-0.5516587632017065
2020-06-12 04:00:00,-0.6497829075046612
2020-06-12 08:00:00,-0.6346576256557889
2020-06-12 12:00:00,-0.3974405422743256
2020-06-12 16:00:00,0.9118751153711645
2020-06-12 20:00:00,0.14671947894139195
2020-06-13 00:00:00,-0.8784743033954302
2020-06-13 04:00:00,-0.8011936366223971
2020-06-13 08:00:00,-0.503277023477923
2020-06-13 12:00:00,-0.21625411174248105
2020-06-13 16:00:00,0.6363779166060918
2020-06-13 20:00:00,-0.24164377997341044
2020-06-14 00:00:00,0.49405253332661986
2020-06-14 04:00:00,-0.9251298596935346
2020-06-14 08:00:00,-0.13503462367862726
2020-06-14 12:00:00,-0.6623032593912574
2020-06-14 16:00:00,0.9324170127288696
2020-06-14 20:00:00,-0.343037541533366
2020-06-15 00:00:00,0.8013927564584286
2020-06-15 04:00:00,0.8262355661729568
2020-06-15 08:00:00,0.928540158046745
2020-06-15 12:00:00,-0.25196904511273227
2020-06-15 16:00:00,0.23092414739099992
2020-06-15 20:00:00,-0.03875991257882276
2020-06-16 00:00:00,-0.7335607055437782
2020-06-16 04:00:00,-0.4333283740558783
2020-06-16 08:00:00,-0.760210049761327
2020-06-16 12:00:00,-0.7607083353709687
2020-06-16 16:00:00,0.9188689283386859
2020-06-16 20:00:00,-0.7199960278120553
2020-06-17 00:00:00,-0.7492577234535605
2020-06-17 04:00:00,-0.4070555237448404
2020-06-17 08:00:00,-0.3241053814279003
2020-06-17 12:00:00,-0.5727010247213686
2020-06-17 16:00:00,0.9408915889240509
2020-06-17 20:00:00,0.5274135942927738
2020-06-18 00:00:00,0.3879885897363681
2020-06-18 04:00:00,-0.7990398246029837
2020-06-18 08:00:00,-0.793359817694448
2020-06-18 12:00:00,-0.08066794506581418
2020-06-18 16:00:00,0.2529557919957874
2020-06-18 20:00:00,0.29116815706407284
2020-06-19 00:00:00,0.8238996392087825
2020-06-19 04:00:00,0.8739965818978592
2020-06-19 08:00:00,-0.6334064283337041
2020-06-19 12:00:00,0.6714604564293439
2020-06-19 16:00:00,-0.7357388905534205
2020-06-19 20:00:00,0.05161902163281947
2020-06-20 00:00:00,-0.7361056246734172
2020-06-20 04:00:00,-0.8793050737629893
2020-06-20 08:00:00,-0.7944503784208398
2020-06-20 12:00:00,0.8621389946485283
2020-06-20 16:00:00,-0.1633266929252193
2020-06-20 20:00:00,-0.3400577907677987
2020-06-21 00:00:00,-0.09520372498465231
2020-06-21 04:00:00,-0.5870014268229397
2020-06-21 08:00:00,-0.6159552860416369
2020-06-21 12:00:00,-0.8029953644966703
2020-06-21 16:00:00,-0.4783722908010841
2020-06-21 20:00:00,0.8654489161161366
2020-06-22 00:00:00,0.05469182693043112
2020-06-22 04:00:00,0.9119560403972687
2020-06-22 08:00:00,0.9050002844616892
2020-06-22 12:00:00,0.4492082918270223
2020-06-22 16:00:00,0.8521945823424416
2020-06-22 20:00:00,0.9254898829811532
2020-06-23 00:00:00,0.7711507948790116
2020-06-23 04:00:00,-0.5787668312832708
2020-06-23 08:00:00,-0.872776599077798
2020-06-23 12:00:00,-0.29716467403130054
2020-06-23 16:00:00,-0.24447920332136297
2020-06-23 20:00:00,-0.5946682784836387
2020-06-24 00:00:00,-0.6608286288097932
2020-06-24 04:00:00,-0.823455699995439
2020-06-24 08:00:00,0.8790355806454115
2020-06-24 12:00:00,0.9251238681208953
2020-06-24 16:00:00,0.8213856456069042
2020-06-24 20:00:00,-0.4326385676179913
2020-06-25 00:00:00,-0.7537095979325321
2020-06-25 04:00:00,0.39962016608250944
2020-06-25 08:00:00,-0.424710510869643
2020-06-25 12:00:00,0.03835874948969787
2020-06-25 16:00:00,-0.16544251400764612
2020-06-25 20:00:00,-0.8306196994259699
2020-06-26 00:00:00,-0.716549924416515
2020-06-26 04:00:00,-0.749506627468121
2020-06-26 08:00:00,0.8213971592566438
2020-06-26 12:00:00,0.8448914377049592
2020-06-26 16:00:00,0.8911160142081361
2020-06-26 20:00:00,-0.6932819703510292
2020-06-27 00:00:00,-0.8270140099656267
2020-06-27 04:00:00,-0.6563069955177656
2020-06-27 08:00:00,-0.6183149486800076
2020-06-27 12:00:00,0.33512783807020646
2020-06-27 16:00:00,0.2504754403073649
2020-06-27 20:00:00,0.9443634363236685
2020-06-28 00:00:00,0.6109515230224772
2020-06-28 04:00:00,-0.6967527567872955
2020-06-28 08:00:00,-0.6329178768615864
2020-06-28 12:00:00,-0.422591830393088
2020-06-28 16:00:00,0.40902165264448653
2020-06-28 20:00:00,-0.06437784937897344
2020-06-29 00:00:00,-0.4270129382658989
2020-06-29 04:00:00,-0.7522651877121584
2020-06-29 08:00:00,-0.04454730233572052
2020-06-29 12:00:00,0.8679807370532703
2020-06-29 16:00:00,0.9100153167666188
2020-06-29 20:00:00,0.07712222272113763
2020-06-30 00:00:00,0.12586648591672997
2020-06-30 04:00:00,-0.8991620494144466
2020-06-30 08:00:00,-0.5365358017190932
2020-06-30 12:00:00,-0.5707300004810423
2020-06-30 16:00:00,0.8999390289825671
2020-06-30 20:00:00,-0.3067815954991855
2020-07-01 00:00:00,-0.7351380187333653
2020-07-01 04:00:00,-0.38138218377397665
2020-07-01 08:00:00,-0.4547036300813872
2020-07-01 12:00:00,0.8953839747919867
2020-07-01 16:00:00,0.9265776747373098
2020-07-01 20:00:00,0.3873813729756537
2020-07-02 00:00:00,-0.7276382487708667
2020-07-02 04:00:00,-0.7820907546365793
2020-07-02 08:00:00,-0.07094987964566161
2020-07-02 12:00:00,0.190088990254035
2020-07-02 16:00:00,0.9368783657518921
2020-07-02 20:00:00,0.6957512439733782
2020-07-03 00:00:00,-0.6270506525048473
2020-07-03 04:00:00,-0.7800986046659218
2020-07-03 08:00:00,-0.7007151697741377
2020-07-03 12:00:00,0.06563600227395311
2020-07-03 16:00:00,0.1443665092486898
2020-07-03 20:00:00,-0.38974421692600336
2020-07-04 00:00:00,-0.6303283574706049
2020-07-04 04:00:00,-0.6789326226973544
2020-07-04 08:00:00,-0.8413210487841841
2020-07-04 12:00:00,0.059591783173334106
2020-07-04 16:00:00,0.7777623354803046
2020-07-04 20:00:00,0.9375027845066239
2020-07-05 00:00:00,-0.5328075697706662
2020-07-05 04:00:00,-0.5365897062943712
2020-07-05 08:00:00,0.5259256980957624
2020-07-05 12:00:00,0.34732703108942836
2020-07-05 16:00:00,0.2687179695294652
2020-07-05 20:00:00,-0.8008600139932996
2020-07-06 00:00:00,0.8554059615157716
2020-07-06 04:00:00,-0.46366544969752344
2020-07-06 08:00:00,0.8613984576002215
2020-07-06 12:00:00,-0.19850577995055574
2020-07-06 16:00:00,0.7957698753785137
2020-07-06 20:00:00,0.021715492643648127
2020-07-07 00:00:00,-0.7055000442359068
2020-07-07 04:00:00,-0.4943576850517568
2020-07-07 08:00:00,-0.7216520014715291
2020-07-07 12:00:00,-0.6545830204449502
2020-07-07 16:00:00,0.08307451025767053
2020-07-07 20:00:00,-0.823943691040195
2020-07-08 00:00:00,-0.6480908101962706
2020-07-08 04:00:00,0.8182764489928441
2020-07-08 08:00:00,-0.05616822800486306
2020-07-08 12:00:00,0.3343381721721766
2020-07-08 16:00:00,0.9430633588710589
2020-07-08 20:00:00,-0.3956961763204658
2020-07-09 00:00:00,-0.30986880342706635
2020-07-09 04:00:00,-0.44709888348447363
2020-07-09 08:00:00,-0.5957380561486896
2020-07-09 12:00:00,-0.22387842027420937
2020-07-09 16:00:00,0.9428305914249118
2020-07-09 20:00:00,-0.23314270338257656
2020-07-10 00:00:00,-0.6068924321732555
2020-07-10 04:00:00,-0.5692127143567529
2020-07-10 08:00:00,0.15091919731859121
2020-07-10 12:00:00,0.01882878716468746
2020-07-10 16:00:00,0.3179210380836572
2020-07-10 20:00:00,-0.6564317635249208
2020-07-11 00:00:00,-0.524240791878542
2020-07-11 04:00:00,-0.8344696602332519
2020-07-11 08:00:00,-0.7953384242288528
2020-07-11 12:00:00,0.8053414300984479
2020-07-11 16:00:00,-0.681174627737626
2020-07-11 20:00:00,-0.4980459017711819
2020-07-12 00:00:00,-0.6703397143635819
2020-07-12 04:00:00,0.3408537979211072
2020-07-12 08:00:00,-0.48400150691148436
2020-07-12 12:00:00,0.12028806271784481
2020-07-12 16:00:00,0.9414299490285059
2020-07-12 20:00:00,-0.18836331403570883
2020-07-13 00:00:00,0.22189212618501708
2020-07-13 04:00:00,-0.38065394771154587
2020-07-13 08:00:00,-0.39867254947953185
2020-07-13 12:00:00,0.7176877839315912
2020-07-13 16:00:00,0.8795677144546111
2020-07-13 20:00:00,0.8447705644400945
2020-07-14 00:00:00,-0.7265943673358869
2020-07-14 04:00:00,-0.8074396343860214
2020-07-14 08:00:00,0.193108216286816
2020-07-14 12:00:00,0.786163003600504
2020-07-14 16:00:00,0.22633667734078736
2020-07-14 20:00:00,-0.06265884868646686
2020-07-15 00:00:00,-0.8963668103292969
2020-07-15 04:00:00,-0.8057644575100389
2020-07-15 08:00:00,-0.5218572733455258
2020-07-15 12:00:00,0.8315229972962271
2020-07-15 16:00:00,0.7082611786764069
2020-07-15 20:00:00,0.6022304664752218
2020-07-16 00:00:00,-0.6451165143696838
2020-07-16 04:00:00,-0.8550693264861211
2020-07-16 08:00:00,0.8513008925478492
2020-07-16 12:00:00,0.8511060714392666
2020-07-16 16:00:00,-0.11348399189885701
2020-07-16 20:00:00,-0.5333278990274775
2020-07-17 00:00:00,-0.8178612717329691
2020-07-17 04:00:00,-0.7417901417947568
2020-07-17 08:00:00,-0.22764417784999377
2020-07-17 12:00:00,0.5184194398519049
2020-07-17 16:00:00,0.9088371654737247
2020-07-17 20:00:00,-0.44792689091787613
2020-07-18 00:00:00,-0.8480101108670948
2020-07-18 04:00:00,-0.37565396498733594
2020-07-18 08:00:00,-0.7004316478993435
2020-07-18 12:00:00,0.891722876385962
2020-07-18 16:00:00,-0.3623932539923665
2020-07-18 20:00:00,0.4720062317755102
2020-07-19 00:00:00,-0.7001221600191253
2020-07-19 04:00:00,-0.5106079003885633
2020-07-19 08:00:00,-0.4369559975039699
2020-07-19 12:00:00,0.8458438856992936
2020-07-19 16:00:00,0.1728445511225067
2020-07-19 20:00:00,0.38416244372603886
2020-07-20 00:00:00,0.9126610067155133
2020-07-20 04:00:00,-0.3573318838567294
2020-07-20 08:00:00,-0.5168344517298866
2020-07-20 12:00:00,0.6535505691724312
2020-07-20 16:00:00,-0.10086553606236977
2020-07-20 20:00:00,0.6803217722542393
2020-07-21 00:00:00,-0.6506818897724843
2020-07-21 04:00:00,-0.7772104374334079
2020-07-21 08:00:00,0.9354183751886187
2020-07-21 12:00:00,0.5021376314857908
2020-07-21 16:00:00,0.8303891941325237
2020-07-21 20:00:00,-0.586537436414791
2020-07-22 00:00:00,-0.8261539649963707
2020-07-22 04:00:00,-0.6312683415215691
2020-07-22 08:00:00,-0.20747583223290436
2020-07-22 12:00:00,0.49667479633022105
2020-07-22 16:00:00,0.2876208363306242
2020-07-22 20:00:00,0.43604367537422023
2020-07-23 00:00:00,0.9435215539376662
2020-07-23 04:00:00,-0.2476742927466567
2020-07-23 08:00:00,-0.5728489046236045
2020-07-23 12:00:00,-0.4615114392709272
2020-07-23 16:00:00,0.6704296790493083
2020-07-23 20:00:00,0.8920296313205301
2020-07-24 00:00:00,-0.7352098596946869
2020-07-24 04:00:00,-0.6377574733015818
2020-07-24 08:00:00,-0.11986711257855512
2020-07-24 12:00:00,-0.25247436759291925
2020-07-24 16:00:00,0.5704736261477191
2020-07-24 20:00:00,0.13249753159259764
2020-07-25 00:00:00,0.4356788021858814
2020-07-25 04:00:00,-0.8340376372420472
2020-07-25 08:00:00,-0.8099288446789611
2020-07-25 12:00:00,-0.7843631368348187
2020-07-25 16:00:00,-0.2215411347421362
2020-07-25 20:00:00,0.9426909314279522
2020-07-26 00:00:00,0.31830951924950973
2020-07-26 04:00:00,-0.6038945663092044
2020-07-26 08:00:00,-0.5476781999904332
2020-07-26 12:00:00,0.9400216456928355
2020-07-26 16:00:00,0.023520972861930615
2020-07-26 20:00:00,-0.3762721116243044
2020-07-27 00:00:00,-0.5704393418378914
2020-07-27 04:00:00,0.5851837388737752
2020-07-27 08:00:00,0.5408036474993219
2020-07-27 12:00:00,0.26492634134958354
2020-07-27 16:00:00,0.7802221455373167
2020-07-27 20:00:00,0.9302062849494805
2020-07-28 00:00:00,0.6177811962548678
2020-07-28 04:00:00,-0.6605869980688374
2020-07-28 08:00:00,-0.780440949436064
2020-07-28 12:00:00,-0.1136065540949521
2020-07-28 16:00:00,-0.40386626823464117
2020-07-28 20:00:00,-0.370108266923232
2020-07-29 00:00:00,-0.8913317348701835
2020-07-29 04:00:00,-0.7503538068402396
2020-07-29 08:00:00,-0.4462946888525777
2020-07-29 12:00:00,0.5755711398228343
2020-07-29 16:00:00,0.8982164322354385
2020-07-29 20:00:00,0.2614087710181785
2020-07-30 00:00:00,-0.14372952911061637
2020-07-30 04:00:00,-0.8691253495066557
2020-07-30 08:00:00,-0.7003608793451298
2020-07-30 12:00:00,-0.8127331686057326
2020-07-30 16:00:00,0.46980283309492943
2020-07-30 20:00:00,0.37960761147241284
2020-07-31 00:00:00,-0.5871049716142984
2020-07-31 04:00:00,-0.7833714370719609
2020-07-31 08:00:00,-0.6080247716822099
2020-07-31 12:00:00,0.7981373475684228
2020-07-31 16:00:00,0.9332643086247562
2020-07-31 20:00:00,0.7528149070905372
2020-08-01 00:00:00,-0.4442509940863086
2020-08-01 04:00:00,-0.7401281329964234
2020-08-01 08:00:00,0.8441892133932017
2020-08-01 12:00:00,-0.2505523205432921
2020-08-01 16:00:00,-0.21426535748693207
2020-08-01 20:00:00,0.5356552232185878
2020-08-02 00:00:00,-0.6316651036482017
2020-08-02 04:00:00,0.14608797349255048
2020-08-02 08:00:00,0.9421338170167122
2020-08-02 12:00:00,-0.276058757838577
2020-08-02 16:00:00,-0.5210448324387982
2020-08-02 20:00:00,-0.6063469262870288
2020-08-03 00:00:00,-0.6120936536869208
2020-08-03 04:00:00,-0.6585637273124052
2020-08-03 08:00:00,-0.8372523737880113
2020-08-03 12:00:00,-0.008184664169429125
2020-08-03 16:00:00,0.9145209352082891
2020-08-03 20:00:00,0.7069328163881337
2020-08-04 00:00:00,0.44784613740859897
2020-08-04 04:00:00,-0.6102771562864672
2020-08-04 08:00:00,-0.8927241530614111
2020-08-04 12:00:00,0.7210746178054684
2020-08-04 16:00:00,0.6561678810967179
2020-08-04 20:00:00,-0.5564262839317236
2020-08-05 00:00:00,-0.7494651114093366
2020-08-05 04:00:00,-0.69687764344432
2020-08-05 08:00:00,-0.1570482607403233
2020-08-05 12:00:00,0.9338546089966324
2020-08-05 16:00:00,0.9278881006178349
2020-08-05 20:00:00,-0.29432615656017425
2020-08-06 00:00:00,-0.10278117630943208
2020-08-06 04:00:00,-0.6338191917929875
2020-08-06 08:00:00,-0.6820963282297295
2020-08-06 12:00:00,-0.2535404053832524
2020-08-06 16:00:00,0.8996017226866369
2020-08-06 20:00:00,0.010392072156083473
2020-08-07 00:00:00,-0.13142678276552072
2020-08-07 04:00:00,-0.7325068042986689
2020-08-07 08:00:00,-0.712043375120119
2020-08-07 12:00:00,0.27168047365749076
2020-08-07 16:00:00,0.9302708533253453
2020-08-07 20:00:00,0.890935150001501
2020-08-08 00:00:00,-0.6788788449665119
2020-08-08 04:00:00,-0.7654009770021621
2020-08-08 08:00:00,-0.6895730788846698
2020-08-08 12:00:00,-0.02942080809588335
2020-08-08 16:00:00,-0.04336162981045149
2020-08-08 20:00:00,0.7687559136005392
2020-08-09 00:00:00,-0.5009858078833095
2020-08-09 04:00:00,-0.7472280811833351
2020-08-09 08:00:00,-0.673837900214036
2020-08-09 12:00:00,-0.15377988328499875
2020-08-09 16:00:00,0.9348756448556816
2020-08-09 20:00:00,0.3283209864243459
2020-08-10 00:00:00,-0.7524365437773435
2020-08-10 04:00:00,0.9406906262209075
2020-08-10 08:00:00,-0.05518272668086157
2020-08-10 12:00:00,0.7159946503418234
2020-08-10 16:00:00,0.185232906565426
2020-08-10 20:00:00,-0.7913427095163073
2020-08-11 00:00:00,-0.7687575692830744
2020-08-11 04:00:00,-0.6519053861699614
2020-08-11 08:00:00,-0.00046387197400356593
2020-08-11 12:00:00,0.8685421439112719
2020-08-11 16:00:00,0.9387696468248948
2020-08-11 20:00:00,0.5747181163622843
2020-08-12 00:00:00,0.5567945441789532
2020-08-12 04:00:00,-0.7908251240512201
2020-08-12 08:00:00,-0.6725475291949266
2020-08-12 12:00:00,-0.63659972607402
2020-08-12 16:00:00,-0.3539296774020712
2020-08-12 20:00:00,-0.858794595457727
2020-08-13 00:00:00,-0.9169351083858275
2020-08-13 04:00:00,-0.3496179190936282
2020-08-13 08:00:00,-0.6348866935875093
2020-08-13 12:00:00,0.9371603743646614
2020-08-13 16:00:00,0.3282863173146798
2020-08-13 20:00:00,-0.6606755251326656
2020-08-14 00:00:00,0.6537720669172901
2020-08-14 04:00:00,-0.5303192548706541
2020-08-14 08:00:00,-0.6065708387377093
2020-08-14 12:00:00,-0.33985507037594315
2020-08-14 16:00:00,-0.3085115893391936
2020-08-14 20:00:00,0.9027010240207778
2020-08-15 00:00:00,-0.7867585309283488
2020-08-15 04:00:00,0.6503970470091125
2020-08-15 08:00:00,-0.5829529877826055
2020-08-15 12:00:00,-0.040790934662665146
2020-08-15 16:00:00,0.8256488933242748
2020-08-15 20:00:00,-0.8231780830298515
2020-08-16 00:00:00,0.784582618185645
2020-08-16 04:00:00,-0.6740243310337576
2020-08-16 08:00:00,-0.726664379152927
2020-08-16 12:00:00,0.48868175679935155
2020-08-16 16:00:00,0.2819720986248567
2020-08-16 20:00:00,-0.7299859393493785
2020-08-17 00:00:00,-0.545731819355236
2020-08-17 04:00:00,-0.06766447390418767
2020-08-17 08:00:00,-0.4555907042702735
2020-08-17 12:00:00,0.8180753393051029
2020-08-17 16:00:00,0.9446447506605008
2020-08-17 20:00:00,0.10627258144156376
2020-08-18 00:00:00,-0.37774286563143467
2020-08-18 04:00:00,-0.5429925514325881
2020-08-18 08:00:00,-0.5338664644822786
2020-08-18 12:00:00,-0.34879920686811927
2020-08-18 16:00:00,0.9450418480669727
2020-08-18 20:00:00,-0.323126662372043
2020-08-19 00:00:00,-0.5627761999038727
2020-08-19 04:00:00,-0.46632182838472536
2020-08-19 08:00:00,0.5457701047619268
2020-08-19 12:00:00,-0.13083802248055054
2020-08-19 16:00:00,-0.018024842269369085
2020-08-19 20:00:00,0.018366848255244952
2020-08-20 00:00:00,-0.6476410534627842
2020-08-20 04:00:00,-0.9011570694986026
2020-08-20 08:00:00,-0.8127634449334787
2020-08-20 12:00:00,-0.42052965280796617
2020-08-20 16:00:00,0.40879146098595914
2020-08-20 20:00:00,-0.5106428576112071
2020-08-21 00:00:00,-0.8335216530527547
2020-08-21 04:00:00,0.06900149734598474
2020-08-21 08:00:00,-0.505817990102953
2020-08-21 12:00:00,0.9031234008670583
2020-08-21 16:00:00,0.8756986171284618
2020-08-21 20:00:00,0.800561961681727
2020-08-22 00:00:00,0.6778833536688013
2020-08-22 04:00:00,-0.4654826341985604
2020-08-22 08:00:00,-0.9312385875756629
2020-08-22 12:00:00,-0.8041998152812734
2020-08-22 16:00:00,-0.7057886467268176
2020-08-22 20:00:00,-0.7474862588662298
2020-08-23 00:00:00,-0.6700286826501793
2020-08-23 04:00:00,-0.41194887613262254
2020-08-23 08:00:00,-0.8534445702190544
2020-08-23 12:00:00,0.7985732973701967
2020-08-23 16:00:00,0.9001408369175823
2020-08-23 20:00:00,0.3335940581661865
2020-08-24 00:00:00,-0.36376114787227454
2020-08-24 04:00:00,0.3522719867984959
2020-08-24 08:00:00,0.529896384634972
2020-08-24 12:00:00,0.809804619215301
2020-08-24 16:00:00,0.5670454943739645
2020-08-24 20:00:00,-0.8863172343636208
2020-08-25 00:00:00,-0.885447839110656
2020-08-25 04:00:00,0.10628386554385408
2020-08-25 08:00:00,0.789136884338207
2020-08-25 12:00:00,0.7692236052419748
2020-08-25 16:00:00,0.9402951879572333
2020-08-25 20:00:00,0.7915889488430498
2020-08-26 00:00:00,-0.611005463067962
2020-08-26 04:00:00,-0.689655891781476
2020-08-26 08:00:00,-0.6702495339588506
2020-08-26 12:00:00,-0.23917319911238102
2020-08-26 16:00:00,0.9379353785697955
2020-08-26 20:00:00,-0.2926710275397717
2020-08-27 00:00:00,-0.728303162509712
2020-08-27 04:00:00,-0.5277626827304066
2020-08-27 08:00:00,-0.46568254968921513
2020-08-27 12:00:00,0.8128319274317702
2020-08-27 16:00:00,0.9422396905054501
2020-08-27 20:00:00,0.4475015166530989
2020-08-28 00:00:00,-0.6714118095275793
2020-08-28 04:00:00,-0.634222297866846
2020-08-28 08:00:00,-0.568863046795335
2020-08-28 12:00:00,0.01988844983886611
2020-08-28 16:00:00,0.8871133822846813
2020-08-28 20:00:00,-0.5999306124572691
2020-08-29 00:00:00,-0.8722710550514506
2020-08-29 04:00:00,-0.7703715668864074
2020-08-29 08:00:00,-0.33815395364951994
2020-08-29 12:00:00,0.7415135549914057
2020-08-29 16:00:00,0.3507885726734207
2020-08-29 20:00:00,0.12019410505718349
2020-08-30 00:00:00,-0.8674253194363464
2020-08-30 04:00:00,0.8710565970437727
2020-08-30 08:00:00,-0.41570511558375567
2020-08-30 12:00:00,-0.18915645725382765
2020-08-30 16:00:00,0.8163577201359526
2020-08-30 20:00:00,-0.1531570740596021
2020-08-31 00:00:00,0.21723151094695173
2020-08-31 04:00:00,-0.6763789896710944
2020-08-31 08:00:00,-0.16603240141646178
2020-08-31 12:00:00,0.9316118062587864
2020-08-31 16:00:00,0.9086409371361759
2020-08-31 20:00:00,-0.5251724490489931
2020-09-01 00:00:00,-0.46210237857513226
2020-09-01 04:00:00,0.12585423199359463
2020-09-01 08:00:00,0.8300571717487113
2020-09-01 12:00:00,0.5934917195515897
2020-09-01 16:00:00,0.7250993142544953
2020-09-01 20:00:00,-0.7005111917968321
2020-09-02 00:00:00,-0.7475137902655511
2020-09-02 04:00:00,-0.6608795520650736
2020-09-02 08:00:00,0.12614470596362007
2020-09-02 12:00:00,0.94450640068294
2020-09-02 16:00:00,0.41524620689858155
2020-09-02 20:00:00,-0.5316351347847923
2020-09-03 00:00:00,-0.775398680744698
2020-09-03 04:00:00,-0.6428069571010169
2020-09-03 08:00:00,0.2648865442246269
2020-09-03 12:00:00,0.8269150848098588
2020-09-03 16:00:00,0.9420876465132539
2020-09-03 20:00:00,-0.07812204037674579
2020-09-04 00:00:00,0.1474043219581881
2020-09-04 04:00:00,-0.5309145399392754
2020-09-04 08:00:00,-0.6708915119489505
2020-09-04 12:00:00,-0.06895810309803553
2020-09-04 16:00:00,0.8632480180851698
2020-09-04 20:00:00,-0.36287113315820013
2020-09-05 00:00:00,-0.784321720214329
2020-09-05 04:00:00,-0.7087576188552853
2020-09-05 08:00:00,-0.5263581918495905
2020-09-05 12:00:00,0.7334060611110484
2020-09-05 16:00:00,0.9199722146608244
2020-09-05 20:00:00,0.8814606451725248
2020-09-06 00:00:00,-0.5337208507037207
2020-09-06 04:00:00,-0.8005016830756052
2020-09-06 08:00:00,-0.5851553404814368
2020-09-06 12:00:00,-0.4775905476561466
2020-09-06 16:00:00,-0.36347468315935605
2020-09-06 20:00:00,-0.9049620484186016
2020-09-07 00:00:00,-0.06859713708179542
2020-09-07 04:00:00,-0.8412192199002536
2020-09-07 08:00:00,0.5852470764064385
2020-09-07 12:00:00,0.890022411059204
2020-09-07 16:00:00,0.9239504029332947
2020-09-07 20:00:00,-0.43825288494769815
2020-09-08 00:00:00,-0.4250981144529922
2020-09-08 04:00:00,-0.68249658405146
2020-09-08 08:00:00,-0.4902983329492769
2020-09-08 12:00:00,0.9383494780142534
2020-09-08 16:00:00,0.8303798653956976
2020-09-08 20:00:00,-0.27500548609236436
2020-09-09 00:00:00,0.28416109780952337
2020-09-09 04:00:00,-0.8860902695647669
2020-09-09 08:00:00,-0.71431272799002
2020-09-09 12:00:00,-0.37959670861093364
2020-09-09 16:00:00,0.039551950999392016
2020-09-09 20:00:00,-0.040912660272701275
2020-09-10 00:00:00,-0.8581268287636493
2020-09-10 04:00:00,0.728884225534836
2020-09-10 08:00:00,-0.22894314361080423
2020-09-10 12:00:00,-0.3424687352719429
2020-09-10 16:00:00,0.9260515501554035
2020-09-10 20:00:00,0.14595162792832775
2020-09-11 00:00:00,-0.7856946737116123
2020-09-11 04:00:00,-0.3683874029711173
2020-09-11 08:00:00,-0.508173811348169
2020-09-11 12:00:00,0.3255501898082774
2020-09-11 16:00:00,0.3331979184988449
2020-09-11 20:00:00,-0.9018299063328533
2020-09-12 00:00:00,-0.8208483864714352
2020-09-12 04:00:00,-0.8132943638917206
2020-09-12 08:00:00,-0.7373847896401122
2020-09-12 12:00:00,-0.2721615418612083
2020-09-12 16:00:00,0.9290294815392552
2020-09-12 20:00:00,0.8454987829719683
2020-09-13 00:00:00,-0.552674040606639
2020-09-13 04:00:00,0.12889628786523952
2020-09-13 08:00:00,-0.6677195866357338
2020-09-13 12:00:00,0.9111802325805242
2020-09-13 16:00:00,0.6033979272040965
2020-09-13 20:00:00,0.393416582815694
2020-09-14 00:00:00,-0.8326028197100117
2020-09-14 04:00:00,-0.6040713224244243
2020-09-14 08:00:00,-0.29812700849111773
2020-09-14 12:00:00,0.8895894166364074
2020-09-14 16:00:00,0.9241776579936074
2020-09-14 20:00:00,-0.16296129162766848
2020-09-15 00:00:00,-0.6081850235169232
2020-09-15 04:00:00,-0.4299720284451666
2020-09-15 08:00:00,-0.6199958145911495
2020-09-15 12:00:00,0.9090706336220776
2020-09-15 16:00:00,0.8605590832609855
2020-09-15 20:00:00,-0.5123090218819176
2020-09-16 00:00:00,-0.5024628963828506
2020-09-16 04:00:00,-0.5212475082880136
2020-09-16 08:00:00,-0.21037490000784687
2020-09-16 12:00:00,0.8507767109249351
2020-09-16 16:00:00,0.9380834012694602
2020-09-16 20:00:00,0.7703385793521774
2020-09-17 00:00:00,-0.8669666092636239
2020-09-17 04:00:00,-0.26368174913599124
2020-09-17 08:00:00,-0.6556887817268963
2020-09-17 12:00:00,0.02855104335142466
2020-09-17 16:00:00,0.7929405431979476
2020-09-17 20:00:00,-0.8130464361028235
2020-09-18 00:00:00,-0.8358820872996955
2020-09-18 04:00:00,-0.7933902012986866
2020-09-18 08:00:00,-0.24283027448115216
2020-09-18 12:00:00,0.8208597060870615
2020-09-18 16:00:00,0.8512467204450284
2020-09-18 20:00:00,0.7474923146860851
2020-09-19 00:00:00,-0.8868821054650117
2020-09-19 04:00:00,-0.7554092368028528
2020-09-19 08:00:00,-0.7038912446000266
2020-09-19 12:00:00,0.7707220750320057
2020-09-19 16:00:00,0.7845523068621018
2020-09-19 20:00:00,-0.3695920095828315
2020-09-20 00:00:00,-0.7463749034175142
2020-09-20 04:00:00,0.10737947423801793
2020-09-20 08:00:00,-0.6587552599647678
2020-09-20 12:00:00,-0.35371376934403675
2020-09-20 16:00:00,0.9033494424390572
2020-09-20 20:00:00,0.4132888785017183
2020-09-21 00:00:00,-0.031858027970719204
2020-09-21 04:00:00,-0.4226980648049093
2020-09-21 08:00:00,-0.6994314934125526
2020-09-21 12:00:00,0.9445168036254041
2020-09-21 16:00:00,0.8284649039919991
2020-09-21 20:00:00,-0.35740991730654365
2020-09-22 00:00:00,-0.6446632305631546
2020-09-22 04:00:00,-0.7103827903088963
2020-09-22 08:00:00,-0.4204357488270281
2020-09-22 12:00:00,0.16935111518949889
2020-09-22 16:00:00,0.8790388206368923
2020-09-22 20:00:00,-0.8212638397886306
2020-09-23 00:00:00,-0.5682623277928918
2020-09-23 04:00:00,-0.8632877544866554
2020-09-23 08:00:00,0.6098520124344065
2020-09-23 12:00:00,0.186292092937345
2020-09-23 16:00:00,0.500974604473322
2020-09-23 20:00:00,0.9044968435519544
2020-09-24 00:00:00,0.7923493601960576
2020-09-24 04:00:00,-0.6967990077460382
2020-09-24 08:00:00,-0.7259089316980025
2020-09-24 12:00:00,-0.12000004217595187
2020-09-24 16:00:00,0.7863855418924829
2020-09-24 20:00:00,0.889520403535599
2020-09-25 00:00:00,-0.48253523585812397
2020-09-25 04:00:00,-0.8137472758298266
2020-09-25 08:00:00,-0.6640882353248535
2020-09-25 12:00:00,0.39232438499918176
2020-09-25 16:00:00,0.6298755724988796
2020-09-25 20:00:00,-0.2701237219268139
2020-09-26 00:00:00,-0.8039937810103512
2020-09-26 04:00:00,-0.7957849539326977
2020-09-26 08:00:00,0.1631901992503939
2020-09-26 12:00:00,-0.6330259966274399
2020-09-26 16:00:00,-0.37435378498177424
2020-09-26 20:00:00,-0.3255857364865317
2020-09-27 00:00:00,-0.8139275705920715
2020-09-27 04:00:00,0.4806843661060811
2020-09-27 08:00:00,0.8827425095764629
2020-09-27 12:00:00,0.15012641405331847
2020-09-27 16:00:00,0.7923603816270756
2020-09-27 20:00:00,-0.4575042050953956
2020-09-28 00:00:00,-0.883620835351845
2020-09-28 04:00:00,0.9292222399498218
2020-09-28 08:00:00,-0.05764223654292519
2020-09-28 12:00:00,0.14035640389255902
2020-09-28 16:00:00,0.6088981085620633
2020-09-28 20:00:00,-0.7776785368032304
2020-09-29 00:00:00,0.42897586016580486
2020-09-29 04:00:00,-0.6264698022656087
2020-09-29 08:00:00,-0.7201601531250569
2020-09-29 12:00:00,0.33337430784143296
2020-09-29 16:00:00,0.33832637641919255
2020-09-29 20:00:00,0.9139732232867088
2020-09-30 00:00:00,-0.4719174373187784
2020-09-30 04:00:00,-0.7282332636533168
2020-09-30 08:00:00,-0.08189583160013694
2020-09-30 12:00:00,-0.36594833258620885
2020-09-30 16:00:00,0.607789961361099
2020-09-30 20:00:00,0.8716338211282364
2020-10-01 00:00:00,-0.9065657581646265
2020-10-01 04:00:00,-0.219083770543281
2020-10-01 08:00:00,-0.7043085910794303
2020-10-01 12:00:00,0.9050519516802603
2020-10-01 16:00:00,0.7583678299148088
2020-10-01 20:00:00,0.9354259455455031
2020-10-02 00:00:00,-0.5923957013424377
2020-10-02 04:00:00,-0.6483910447609085
2020-10-02 08:00:00,0.3136080490380386
2020-10-02 12:00:00,-0.21524974928667742
2020-10-02 16:00:00,0.4232189852361346
2020-10-02 20:00:00,-0.6668016754073236
2020-10-03 00:00:00,-0.7991765635816672
2020-10-03 04:00:00,-0.8240222379566743
2020-10-03 08:00:00,-0.6483246439037306
2020-10-03 12:00:00,-0.2434018185258106
2020-10-03 16:00:00,-0.5132553874257966
2020-10-03 20:00:00,0.8841825994558684
2020-10-04 00:00:00,-0.816356798294317
2020-10-04 04:00:00,-0.6669912005593983
2020-10-04 08:00:00,0.6513589734461188
2020-10-04 12:00:00,-0.01550284153565469
2020-10-04 16:00:00,-0.3737337462927528
2020-10-04 20:00:00,0.9139256321576336
2020-10-05 00:00:00,-0.3334638966570704
2020-10-05 04:00:00,0.5150437205797525
2020-10-05 08:00:00,0.7133783017556654
2020-10-05 12:00:00,-0.26561558676780006
2020-10-05 16:00:00,0.9187824518163112
2020-10-05 20:00:00,-0.30373075859459625
2020-10-06 00:00:00,-0.5480433357810006
2020-10-06 04:00:00,-0.4542326927707055
2020-10-06 08:00:00,0.19463229806652463
2020-10-06 12:00:00,0.8882023961629545
2020-10-06 16:00:00,0.905030809539735
2020-10-06 20:00:00,0.8741200120614387
2020-10-07 00:00:00,-0.6301628240348212
2020-10-07 04:00:00,-0.8135288604444693
2020-10-07 08:00:00,-0.6697578508006818
2020-10-07 12:00:00,-0.460792145418541
2020-10-07 16:00:00,0.7862225940503768
2020-10-07 20:00:00,-0.007397705835646748
2020-10-08 00:00:00,-0.9225154184537969
2020-10-08 04:00:00,-0.7134115182908723
2020-10-08 08:00:00,0.578929524006341
2020-10-08 12:00:00,0.8184745830988628
2020-10-08 16:00:00,0.940715668773002
2020-10-08 20:00:00,-0.07404566317222525
2020-10-09 00:00:00,-0.6228545917467893
2020-10-09 04:00:00,-0.6024165133482691
2020-10-09 08:00:00,-0.49089190064697213
2020-10-09 12:00:00,0.9132924724351328
2020-10-09 16:00:00,0.6378240757005754
2020-10-09 20:00:00,-0.3503790308763314
2020-10-10 00:00:00,-0.6918608564012915
2020-10-10 04:00:00,0.7868152099321856
2020-10-10 08:00:00,-0.49287388837253854
2020-10-10 12:00:00,-0.06965857588106708
2020-10-10 16:00:00,-0.1642760598344402
2020-10-10 20:00:00,-0.7304324548375142
2020-10-11 00:00:00,-0.593838677908105
2020-10-11 04:00:00,-0.6353141400912116
2020-10-11 08:00:00,-0.768827719339681
2020-10-11 12:00:00,0.8089900759321365
2020-10-11 16:00:00,0.8850818324490698
2020-10-11 20:00:00,0.5657042777618778
2020-10-12 00:00:00,0.10458639661673225
2020-10-12 04:00:00,-0.8748562835256118
2020-10-12 08:00:00,0.22230282170387822
2020-10-12 12:00:00,0.9296580098462217
2020-10-12 16:00:00,0.9237664882716095
2020-10-12 20:00:00,-0.30969955161326695
2020-10-13 00:00:00,0.24114785615160672
2020-10-13 04:00:00,-0.6776471575328847
2020-10-13 08:00:00,-0.7538434233426698
2020-10-13 12:00:00,0.27905410819131493
2020-10-13 16:00:00,0.8289596429352923
2020-10-13 20:00:00,-0.37638237995380225
2020-10-14 00:00:00,-0.7636968974146902
2020-10-14 04:00:00,-0.6898167664899172
2020-10-14 08:00:00,-0.368776134927807
2020-10-14 12:00:00,0.6690675320372973
2020-10-14 16:00:00,0.9412581066094076
2020-10-14 20:00:00,-0.0007232873355192158
2020-10-15 00:00:00,-0.6510534326580621
2020-10-15 04:00:00,-0.6406678811969273
2020-10-15 08:00:00,-0.5074362281341709
2020-10-15 12:00:00,0.9073484320162073
2020-10-15 16:00:00,0.7448706214081636
2020-10-15 20:00:00,0.7677277645447949
2020-10-16 00:00:00,-0.15005697605168417
2020-10-16 04:00:00,-0.9244895873676335
2020-10-16 08:00:00,0.904378133956167
2020-10-16 12:00:00,-0.004920301307117121
2020-10-16 16:00:00,-0.4496429087685115
2020-10-16 20:00:00,-0.6200628613120477
2020-10-17 00:00:00,-0.687740339754159
2020-10-17 04:00:00,-0.6211641092961468
2020-10-17 08:00:00,-0.8000204895542813
2020-10-17 12:00:00,-0.47884974937281133
2020-10-17 16:00:00,0.9323899927422382
2020-10-17 20:00:00,-0.43824966168977464
2020-10-18 00:00:00,-0.6203600595454708
2020-10-18 04:00:00,-0.3431660510650167
2020-10-18 08:00:00,0.15514139826316958
2020-10-18 12:00:00,0.3852122346643332
2020-10-18 16:00:00,0.7707374247300165
2020-10-18 20:00:00,-0.7118627249751766
2020-10-19 00:00:00,-0.07880536500315716
2020-10-19 04:00:00,0.8665605989201935
2020-10-19 08:00:00,-0.475372189336884
2020-10-19 12:00:00,0.7662394629929022
2020-10-19 16:00:00,0.9440438903743972
2020-10-19 20:00:00,0.17480384618874592
2020-10-20 00:00:00,-0.4822297505075224
2020-10-20 04:00:00,-0.6338787368759872
2020-10-20 08:00:00,-0.18734590937847556
2020-10-20 12:00:00,0.9005343376531871
2020-10-20 16:00:00,0.8556984381909104
2020-10-20 20:00:00,0.4526600998885909
2020-10-21 00:00:00,-0.8388663548285733
2020-10-21 04:00:00,0.5428032324182313
2020-10-21 08:00:00,-0.14056295059415774
2020-10-21 12:00:00,-0.17921295002801338
2020-10-21 16:00:00,0.9297416293362213
2020-10-21 20:00:00,0.121482968518333
2020-10-22 00:00:00,0.7103381941945901
2020-10-22 04:00:00,-0.7784673992998506
2020-10-22 08:00:00,-0.8006932392692518
2020-10-22 12:00:00,-0.23592661410177165
2020-10-22 16:00:00,-0.2718621047999277
2020-10-22 20:00:00,0.7676537230659607
2020-10-23 00:00:00,0.41350486568136374
2020-10-23 04:00:00,-0.9203253740679556
2020-10-23 08:00:00,-0.8389876289410134
2020-10-23 12:00:00,-0.3843344369001306
2020-10-23 16:00:00,-0.47792816344681205
2020-10-23 20:00:00,0.9224054322013963
2020-10-24 00:00:00,-0.8116971910408277
2020-10-24 04:00:00,-0.7656422137184038
2020-10-24 08:00:00,-0.7062844070262962
2020-10-24 12:00:00,-0.43854141937315194
2020-10-24 16:00:00,0.9429328114696084
2020-10-24 20:00:00,-0.017614954786562664
2020-10-25 00:00:00,-0.5825669491064172
2020-10-25 04:00:00,0.27818583900783417
2020-10-25 08:00:00,0.815322347180857
2020-10-25 12:00:00,-0.27016920691522783
2020-10-25 16:00:00,-0.6515208530809716
2020-10-25 20:00:00,-0.6360559320576462
2020-10-26 00:00:00,-0.6579009140401851
2020-10-26 04:00:00,0.5250104217437049
2020-10-26 08:00:00,0.827295058705188
2020-10-26 12:00:00,0.9161555819947783
2020-10-26 16:00:00,0.9235228257082487
2020-10-26 20:00:00,0.8437758909365174
2020-10-27 00:00:00,-0.7531651639661222
2020-10-27 04:00:00,-0.7292064499114118
2020-10-27 08:00:00,-0.5605597122446611
2020-10-27 12:00:00,0.8051448258582696
2020-10-27 16:00:00,0.7892744899757991
2020-10-27 20:00:00,0.6763540532976579
2020-10-28 00:00:00,-0.47451681021085557
2020-10-28 04:00:00,-0.8140982660020388
2020-10-28 08:00:00,-0.6208636011146517
2020-10-28 12:00:00,0.7448831869118709
2020-10-28 16:00:00,0.9296169788838087
2020-10-28 20:00:00,-0.3929954124299227
2020-10-29 00:00:00,-0.7874177158714951
2020-10-29 04:00:00,-0.6860121739252194
2020-10-29 08:00:00,-0.44642193203093566
2020-10-29 12:00:00,0.2822170979316889
2020-10-29 16:00:00,0.9401776416883358
2020-10-29 20:00:00,0.5403764756571463
2020-10-30 00:00:00,-0.6519341037355015
2020-10-30 04:00:00,-0.26153099657926404
2020-10-30 08:00:00,0.11763779998823562
2020-10-30 12:00:00,-0.23422890304226213
2020-10-30 16:00:00,0.1906496340833962
2020-10-30 20:00:00,-0.9105152047053988
2020-10-31 00:00:00,-0.7650008206913218
2020-10-31 04:00:00,-0.12989941179918904
2020-10-31 08:00:00,-0.8710200999516695
2020-10-31 12:00:00,0.9420969143785678
2020-10-31 16:00:00,-0.2426443106590326
2020-10-31 20:00:00,-0.4777632490880054
2020-11-01 00:00:00,-0.5253613037960727
2020-11-01 04:00:00,-0.4287138890232918
2020-11-01 08:00:00,-0.7510528817075529
2020-11-01 12:00:00,-0.29805773680485037
2020-11-01 16:00:00,0.8584170070190771
2020-11-01 20:00:00,-0.8344767001774749
2020-11-02 00:00:00,0.5769423574807775
2020-11-02 04:00:00,0.5164620677273262
2020-11-02 08:00:00,-0.6454842208585216
2020-11-02 12:00:00,0.9399980573135621
2020-11-02 16:00:00,0.7937461514182901
2020-11-02 20:00:00,-0.5860922129132612
2020-11-03 00:00:00,-0.48832028585914666
2020-11-03 04:00:00,-0.11416424249451186
2020-11-03 08:00:00,-0.00950839239905434
2020-11-03 12:00:00,0.49036148382338873
2020-11-03 16:00:00,0.8528260085506839
2020-11-03 20:00:00,-0.9028026006120352
2020-11-04 00:00:00,0.7323587486862789
2020-11-04 04:00:00,0.8032348676167008
2020-11-04 08:00:00,0.02694240460525419
2020-11-04 12:00:00,-0.38617937429651406
2020-11-04 16:00:00,-0.49557062733222296
2020-11-04 20:00:00,0.8972434879694472
2020-11-05 00:00:00,-0.5520867700703787
2020-11-05 04:00:00,-0.2578117456923174
2020-11-05 08:00:00,0.10497990450214978
2020-11-05 12:00:00,0.7589279748259172
2020-11-05 16:00:00,0.9231030020465515
2020-11-05 20:00:00,0.6851504828200965
2020-11-06 00:00:00,-0.10009400618208998
2020-11-06 04:00:00,0.5404157822876868
2020-11-06 08:00:00,-0.9183502985666377
2020-11-06 12:00:00,-0.42067229255749716
2020-11-06 16:00:00,-0.2076814123714969
2020-11-06 20:00:00,-0.8441893937207425
2020-11-07 00:00:00,-0.3389686495332742
2020-11-07 04:00:00,-0.6629192874102725
2020-11-07 08:00:00,-0.8030243878827361
2020-11-07 12:00:00,-0.6884562544203681
2020-11-07 16:00:00,0.7568096433653532
2020-11-07 20:00:00,0.9338873946859112
2020-11-08 00:00:00,0.4412641261068104
2020-11-08 04:00:00,-0.5969200833831435
2020-11-08 08:00:00,-0.789774286078189
2020-11-08 12:00:00,-0.5742020942036181
2020-11-08 16:00:00,0.1578580916556397
2020-11-08 20:00:00,0.8662381269216666
2020-11-09 00:00:00,-0.4786640605599829
2020-11-09 04:00:00,-0.6574368731785059
2020-11-09 08:00:00,-0.5282132869962007
2020-11-09 12:00:00,0.8536320704127421
2020-11-09 16:00:00,0.9339878534721568
2020-11-09 20:00:00,0.13402274268247477
2020-11-10 00:00:00,-0.6442460335924529
2020-11-10 04:00:00,-0.7156161599360367
2020-11-10 08:00:00,-0.603255425544419
2020-11-10 12:00:00,-0.002191854916017457
2020-11-10 16:00:00,0.9035708399409355
2020-11-10 20:00:00,-0.5530610545606207
2020-11-11 00:00:00,-0.8119090558044885
2020-11-11 04:00:00,-0.011636487867935122
2020-11-11 08:00:00,-0.7384001226580864
2020-11-11 12:00:00,0.879106614182951
2020-11-11 16:00:00,0.7063156802174847
2020-11-11 20:00:00,0.9193505948664629
2020-11-12 00:00:00,-0.2504815854977201
2020-11-12 04:00:00,-0.5991285648191599
2020-11-12 08:00:00,-0.588116898024826
2020-11-12 12:00:00,0.875537044931176
2020-11-12 16:00:00,0.5714038976297968
2020-11-12 20:00:00,0.035368987412610006
2020-11-13 00:00:00,-0.4884240899214006
2020-11-13 04:00:00,-0.7371298461163287
2020-11-13 08:00:00,-0.7873585493098206
2020-11-13 12:00:00,0.095524741869551
2020-11-13 16:00:00,-0.6712527950354362
2020-11-13 20:00:00,-0.11318102554215405
2020-11-14 00:00:00,-0.9294136963205027
2020-11-14 04:00:00,-0.755333335969724
2020-11-14 08:00:00,-0.4000976799984425
2020-11-14 12:00:00,0.8957124458725495
2020-11-14 16:00:00,-0.12622955962698795
2020-11-14 20:00:00,0.38232342557566124
2020-11-15 00:00:00,-0.7648083056841177
2020-11-15 04:00:00,-0.6475875218259222
2020-11-15 08:00:00,-0.7537690735393568
2020-11-15 12:00:00,0.4110797621063448
2020-11-15 16:00:00,0.3069326578984225
2020-11-15 20:00:00,0.7604264834116593
2020-11-16 00:00:00,-0.06069338441157092
2020-11-16 04:00:00,-0.7420143825167145
2020-11-16 08:00:00,0.9127631061732321
2020-11-16 12:00:00,0.8013503398692029
2020-11-16 16:00:00,0.7167145559830379
2020-11-16 20:00:00,0.928177996721397
2020-11-17 00:00:00,-0.38808086161960975
2020-11-17 04:00:00,-0.7042762080529245
2020-11-17 08:00:00,-0.6785056518612168
2020-11-17 12:00:00,0.3486253219522508
2020-11-17 16:00:00,0.928355487796616
2020-11-17 20:00:00,0.9084234183407311
2020-11-18 00:00:00,-0.5980710721414066
2020-11-18 04:00:00,-0.46850835872154883
2020-11-18 08:00:00,0.8032748768251552
2020-11-18 12:00:00,-0.15630970280186127
2020-11-18 16:00:00,0.4543335348421593
2020-11-18 20:00:00,-0.5867494044173321
2020-11-19 00:00:00,-0.8319601179385683
2020-11-19 04:00:00,-0.7196086457981954
2020-11-19 08:00:00,-0.6380348344666297
2020-11-19 12:00:00,0.8441157288155634
2020-11-19 16:00:00,0.7563325736572541
2020-11-19 20:00:00,-0.6123784821488907
2020-11-20 00:00:00,-0.6757632019107229
2020-11-20 04:00:00,-0.744343938470795
2020-11-20 08:00:00,0.5607389171434508
2020-11-20 12:00:00,0.3010134466468132
2020-11-20 16:00:00,0.9031562833635718
2020-11-20 20:00:00,0.03334865401858393
2020-11-21 00:00:00,-0.8704271691273
2020-11-21 04:00:00,0.048420826197458265
2020-11-21 08:00:00,-0.6679449676947832
2020-11-21 12:00:00,-0.4445480431542338
2020-11-21 16:00:00,0.8450083067536015
2020-11-21 20:00:00,-0.054629613358404286
2020-11-22 00:00:00,-0.7930658651326804
2020-11-22 04:00:00,0.232014324896695
2020-11-22 08:00:00,-0.6837409375923713
2020-11-22 12:00:00,0.9236182076028163
2020-11-22 16:00:00,0.17201489926361135
2020-11-22 20:00:00,-0.4106738305239285
2020-11-23 00:00:00,-0.5877786426004069
2020-11-23 04:00:00,0.05430114287951108
2020-11-23 08:00:00,-0.7618141988184463
2020-11-23 12:00:00,0.6199223799898719
2020-11-23 16:00:00,0.9122249499919017
2020-11-23 20:00:00,-0.46572776348064254
2020-11-24 00:00:00,-0.7104179712791643
2020-11-24 04:00:00,-0.49843161426360655
2020-11-24 08:00:00,0.30019746607270137
2020-11-24 12:00:00,0.9380347911379042
2020-11-24 16:00:00,0.5952669235291417
2020-11-24 20:00:00,-0.5440216466431523
2020-11-25 00:00:00,-0.6036376249807986
2020-11-25 04:00:00,-0.7123862264615473
2020-11-25 08:00:00,-0.47759726727425167
2020-11-25 12:00:00,0.2130636498725159
2020-11-25 16:00:00,0.9328333387559495
2020-11-25 20:00:00,0.43707060575556234
2020-11-26 00:00:00,0.68585542203634
2020-11-26 04:00:00,0.9360198590514673
2020-11-26 08:00:00,0.177930668061454
2020-11-26 12:00:00,0.9040774190994223
2020-11-26 16:00:00,-0.29157913675927005
2020-11-26 20:00:00,-0.12232654046301067
2020-11-27 00:00:00,-0.7935264260314089
2020-11-27 04:00:00,-0.7610768567206
2020-11-27 08:00:00,-0.79171233741438
2020-11-27 12:00:00,0.2659737171900198
2020-11-27 16:00:00,0.3545045381756774
2020-11-27 20:00:00,-0.7012425741909842
2020-11-28 00:00:00,-0.48686246490965057
2020-11-28 04:00:00,-0.7896918580450372
2020-11-28 08:00:00,-0.8035672718269544
2020-11-28 12:00:00,0.21997522569554726
2020-11-28 16:00:00,0.8445551025049285
2020-11-28 20:00:00,0.8705163314031508
2020-11-29 00:00:00,-0.48192175506372237
2020-11-29 04:00:00,-0.7299547324925125
2020-11-29 08:00:00,-0.7871975442357428
2020-11-29 12:00:00,0.7217932224379456
2020-11-29 16:00:00,0.2509008551456097
2020-11-29 20:00:00,-0.4746281327592795
2020-11-30 00:00:00,0.06193977784795983
2020-11-30 04:00:00,0.3726339410149403
2020-11-30 08:00:00,-0.702456320516604
2020-11-30 12:00:00,0.8204470828651899
2020-11-30 16:00:00,0.9441013654198142
2020-11-30 20:00:00,0.12794877298030927
2020-12-01 00:00:00,-0.4662983515249141
2020-12-01 04:00:00,-0.5494199608010697
2020-12-01 08:00:00,-0.5978505397013264
2020-12-01 12:00:00,0.8730391860578653
2020-12-01 16:00:00,0.9261206577775135
2020-12-01 20:00:00,-0.23129261986527386
2020-12-02 00:00:00,-0.6828350652954326
2020-12-02 04:00:00,-0.6196443380304427
2020-12-02 08:00:00,-0.36519488751548124
2020-12-02 12:00:00,0.07329325835843174
2020-12-02 16:00:00,0.8515131454156052
2020-12-02 20:00:00,-0.8671608864028763
2020-12-03 00:00:00,-0.8738867302363368
2020-12-03 04:00:00,-0.589015905923976
2020-12-03 08:00:00,-0.34119001117473585
2020-12-03 12:00:00,0.9342068908421245
2020-12-03 16:00:00,0.047144097108654526
2020-12-03 20:00:00,0.12575848373801343
2020-12-04 00:00:00,-0.8354282994833087
2020-12-04 04:00:00,-0.5450081685677882
2020-12-04 08:00:00,-0.5947393523907946
2020-12-04 12:00:00,0.9273818910918147
2020-12-04 16:00:00,0.5876550676073705
2020-12-04 20:00:00,-0.5597692000362042
2020-12-05 00:00:00,-0.20031054278352434
2020-12-05 04:00:00,-0.4553927607664868
2020-12-05 08:00:00,-0.8391422256254901
2020-12-05 12:00:00,-0.10541358706256455
2020-12-05 16:00:00,-0.7091318579565318
2020-12-05 20:00:00,-0.8050340720833208
2020-12-06 00:00:00,-0.773769541918328
2020-12-06 04:00:00,0.6472054763204468
2020-12-06 08:00:00,-0.7215015293423119
2020-12-06 12:00:00,0.6080786323691052
2020-12-06 16:00:00,0.5475060895512105
2020-12-06 20:00:00,-0.6297675496246496
2020-12-07 00:00:00,0.8254471210085551
2020-12-07 04:00:00,-0.03000644633900393
2020-12-07 08:00:00,-0.7699934613144046
2020-12-07 12:00:00,0.46760033330439515
2020-12-07 16:00:00,0.2510794154274799
2020-12-07 20:00:00,0.889427623158251
2020-12-08 00:00:00,-0.6477288218388656
2020-12-08 04:00:00,-0.7901302687452146
2020-12-08 08:00:00,-0.11306048123268707
2020-12-08 12:00:00,0.9222718779464656
2020-12-08 16:00:00,0.7159078801683065
2020-12-08 20:00:00,-0.4663233860347201
2020-12-09 00:00:00,0.7871448922429096
2020-12-09 04:00:00,0.2511458242894482
2020-12-09 08:00:00,-0.02902620939143277
2020-12-09 12:00:00,0.8760480070117266
2020-12-09 16:00:00,-0.5686303692425517
2020-12-09 20:00:00,-0.806191389784505
2020-12-10 00:00:00,-0.593400738620582
2020-12-10 04:00:00,-0.700797477732532
2020-12-10 08:00:00,-0.7604835589092795
2020-12-10 12:00:00,0.8313569922565638
2020-12-10 16:00:00,0.8958358948348148
2020-12-10 20:00:00,-0.010722175186659157
2020-12-11 00:00:00,-0.7268027247357958
2020-12-11 04:00:00,0.8622306912698705
2020-12-11 08:00:00,-0.32873288891998204
2020-12-11 12:00:00,0.7298960187867566
2020-12-11 16:00:00,0.2560243977704956
2020-12-11 20:00:00,-0.8366245552586956
2020-12-12 00:00:00,-0.7544558258145454
2020-12-12 04:00:00,-0.5616533526078182
2020-12-12 08:00:00,-0.7868143906466974
2020-12-12 12:00:00,0.24922692727453763
2020-12-12 16:00:00,-0.0908008805391126
2020-12-12 20:00:00,0.9112251987081268
2020-12-13 00:00:00,-0.19543311709190894
2020-12-13 04:00:00,-0.7995958382805131
2020-12-13 08:00:00,0.8153443214236511
2020-12-13 12:00:00,0.5044269167456839
2020-12-13 16:00:00,0.6604873539302838
2020-12-13 20:00:00,-0.5107007869524607
2020-12-14 00:00:00,-0.8431654595372515
2020-12-14 04:00:00,-0.5315502410033441
2020-12-14 08:00:00,-0.5521048549247376
2020-12-14 12:00:00,-0.46466912192776905
2020-12-14 16:00:00,0.9263708390339402
2020-12-14 20:00:00,-0.8544205749373361
2020-12-15 00:00:00,-0.543729107340356
2020-12-15 04:00:00,0.8979883101373594
2020-12-15 08:00:00,0.7358747828910113
2020-12-15 12:00:00,0.13974607183345222
2020-12-15 16:00:00,-0.16776599723819396
2020-12-15 20:00:00,-0.6827469296169072
2020-12-16 00:00:00,-0.8737117362598984
2020-12-16 04:00:00,-0.6523132533700642
2020-12-16 08:00:00,-0.8740354945423247
2020-12-16 12:00:00,0.9371301515178203
2020-12-16 16:00:00,0.9338556612204824
2020-12-16 20:00:00,-0.02525678035910922
2020-12-17 00:00:00,0.2727460330608763
2020-12-17 04:00:00,0.15211630063383902
2020-12-17 08:00:00,-0.5003426989110403
2020-12-17 12:00:00,0.9400952964224124
2020-12-17 16:00:00,-0.21100640938897755
2020-12-17 20:00:00,0.1788485399978921
2020-12-18 00:00:00,-0.6308633560887409
2020-12-18 04:00:00,-0.7804883789945741
2020-12-18 08:00:00,-0.8228390658327498
2020-12-18 12:00:00,-0.43694896455821447
2020-12-18 16:00:00,0.40364010387637883
2020-12-18 20:00:00,-0.8227505702842246
2020-12-19 00:00:00,-0.5920091136466773
2020-12-19 04:00:00,-0.6997919308086088
2020-12-19 08:00:00,-0.6231283889120731
2020-12-19 12:00:00,-0.01935154637335718
2020-12-19 16:00:00,0.9435758774110427
2020-12-19 20:00:00,0.8803384249158482
2020-12-20 00:00:00,-0.5953867231333354
2020-12-20 04:00:00,-0.33809715245943034
2020-12-20 08:00:00,-0.6901362106012144
2020-12-20 12:00:00,-0.3456820384612375
2020-12-20 16:00:00,0.47968297193760634
2020-12-20 20:00:00,-0.5579246268399648
2020-12-21 00:00:00,0.9410115386669262
2020-12-21 04:00:00,-0.3335562853984016
2020-12-21 08:00:00,-0.3427747013091048
2020-12-21 12:00:00,0.9090057965148229
2020-12-21 16:00:00,0.12967950226285913
2020-12-21 20:00:00,-0.5300151106583296
2020-12-22 00:00:00,-0.6264091052412742
2020-12-22 04:00:00,-0.4457807655404987
2020-12-22 08:00:00,-0.060251121269315436
2020-12-22 12:00:00,0.7873376947709145
2020-12-22 16:00:00,0.8772057016791602
2020-12-22 20:00:00,-0.8049426491203023
2020-12-23 00:00:00,-0.6327673149982095
2020-12-23 04:00:00,-0.2826516938635308
2020-12-23 08:00:00,0.1089830448044624
2020-12-23 12:00:00,0.9333596334168067
2020-12-23 16:00:00,0.9177191288605235
2020-12-23 20:00:00,-0.6492797537177306
2020-12-24 00:00:00,-0.05277563246109524
2020-12-24 04:00:00,-0.4820026081403609
2020-12-24 08:00:00,-0.752033587031621
2020-12-24 12:00:00,-0.501773152019554
2020-12-24 16:00:00,-0.671695072881777
2020-12-24 20:00:00,-0.8003166558190082
2020-12-25 00:00:00,0.603532397722766
2020-12-25 04:00:00,-0.8254259348453351
2020-12-25 08:00:00,-0.7499854261590377
2020-12-25 12:00:00,0.9369344176470046
2020-12-25 16:00:00,0.5521244219619523
2020-12-25 20:00:00,-0.17619692754146246
2020-12-26 00:00:00,-0.4540796117336473
2020-12-26 04:00:00,-0.3495102295904891
2020-12-26 08:00:00,-0.8137064230033743
2020-12-26 12:00:00,-0.4730386262382889
2020-12-26 16:00:00,0.9190730167495245
2020-12-26 20:00:00,0.7896024042352551
2020-12-27 00:00:00,0.8593956947307902
2020-12-27 04:00:00,-0.006148714474279071
2020-12-27 08:00:00,-0.13538702915597042
2020-12-27 12:00:00,0.9174012108627733
2020-12-27 16:00:00,0.5359740851014825
2020-12-27 20:00:00,-0.5184731887650932
2020-12-28 00:00:00,-0.5818997155432818
2020-12-28 04:00:00,-0.8291844138324872
2020-12-28 08:00:00,-0.8562685183717649
2020-12-28 12:00:00,-0.6622598963030774
2020-12-28 16:00:00,0.3627259380536304
2020-12-28 20:00:00,-0.6523748437600536
2020-12-29 00:00:00,0.09720110942616796
2020-12-29 04:00:00,-0.7206691306531456
2020-12-29 08:00:00,0.5788879660944296
2020-12-29 12:00:00,-0.48466708103287803
2020-12-29 16:00:00,-0.26563749413095195
2020-12-29 20:00:00,0.4491413313727024
2020-12-30 00:00:00,-0.43657257828941654
2020-12-30 04:00:00,0.9375092041257055
2020-12-30 08:00:00,0.7855891751656594
2020-12-30 12:00:00,0.8032600539047714
2020-12-30 16:00:00,-0.7430544081318782
2020-12-30 20:00:00,-0.03713589041900784
2020-12-31 00:00:00,-0.751696196012789
2020-12-31 04:00:00,0.5331096200122339
2020-12-31 08:00:00,-0.7537089191776543
2020-12-31 12:00:00,-0.5596452887325144
2020-12-31 16:00:00,0.8753023364824511
2020-12-31 20:00:00,-0.667924782233009
2021-01-01 00:00:00,-0.7225982728427939
2021-01-01 04:00:00,-0.15539002115920095
2021-01-01 08:00:00,-0.6377699323287614
2021-01-01 12:00:00,-0.39007700515603994
2021-01-01 16:00:00,0.8443384708891294
2021-01-01 20:00:00,0.28215830727220503
2021-01-02 00:00:00,-0.8453294085331888
2021-01-02 04:00:00,-0.400342635425522
2021-01-02 08:00:00,0.2541086058461497
2021-01-02 12:00:00,0.5862468094724735
2021-01-02 16:00:00,0.9428756187920283
2021-01-02 20:00:00,0.8153369233230747
2021-01-03 00:00:00,0.5840889486189643
2021-01-03 04:00:00,-0.7917155833650878
2021-01-03 08:00:00,-0.15584407637400693
2021-01-03 12:00:00,-0.2828652126856856
2021-01-03 16:00:00,-0.03943816207309841
2021-01-03 20:00:00,0.11433639731016729
2021-01-04 00:00:00,-0.924166163419499
2021-01-04 04:00:00,-0.8511815546411197
2021-01-04 08:00:00,0.2291810579474923
2021-01-04 12:00:00,0.9383568977701469
2021-01-04 16:00:00,0.06583355066764501
2021-01-04 20:00:00,-0.4074571696524721
2021-01-05 00:00:00,-0.7494790694824842
2021-01-05 04:00:00,-0.34126710008643546
2021-01-05 08:00:00,0.6827717612544235
2021-01-05 12:00:00,-0.6873170690740943
2021-01-05 16:00:00,-0.1800052094818452
2021-01-05 20:00:00,0.6646535250384247
2021-01-06 00:00:00,-0.26334435470495965
2021-01-06 04:00:00,-0.5135867217530017
2021-01-06 08:00:00,0.8677617335868848
2021-01-06 12:00:00,0.050212796023164336
2021-01-06 16:00:00,-0.5236254635074793
2021-01-06 20:00:00,-0.30061297950885335
2021-01-07 00:00:00,0.7646218823481716
2021-01-07 04:00:00,-0.35826849823293366
2021-01-07 08:00:00,-0.7452475472523911
2021-01-07 12:00:00,-0.5651516202216159
2021-01-07 16:00:00,0.3715452651794467
2021-01-07 20:00:00,0.9410799105290691
2021-01-08 00:00:00,-0.35035273233064473
2021-01-08 04:00:00,-0.07678970844682662
2021-01-08 08:00:00,-0.6394364330928883
2021-01-08 12:00:00,0.03325918151395556
2021-01-08 16:00:00,0.8275347164694199
2021-01-08 20:00:00,-0.5170934675549548
2021-01-09 00:00:00,-0.1568277267572663
2021-01-09 04:00:00,-0.8914967652245209
2021-01-09 08:00:00,-0.7302760669670603
2021-01-09 12:00:00,-0.46362836693930853
2021-01-09 16:00:00,-0.516684539147128
2021-01-09 20:00:00,-0.9224374255322049
2021-01-10 00:00:00,-0.7298755459382431
2021-01-10 04:00:00,0.0038545668615957065
2021-01-10 08:00:00,-0.7724348092248363
2021-01-10 12:00:00,0.9370989464415501
2021-01-10 16:00:00,0.7050158594471073
2021-01-10 20:00:00,0.8960754425807258
2021-01-11 00:00:00,0.8547538432110487
2021-01-11 04:00:00,0.8470429450444883
2021-01-11 08:00:00,0.8518189360013962
2021-01-11 12:00:00,-0.7151323319103502
2021-01-11 16:00:00,0.872665063752579
2021-01-11 20:00:00,0.3945764683447321
2021-01-12 00:00:00,-0.734345282323385
2021-01-12 04:00:00,-0.8057014350803728
2021-01-12 08:00:00,-0.7005341155993782
2021-01-12 12:00:00,-0.5250948437588324
2021-01-12 16:00:00,0.8528584425440886
2021-01-12 20:00:00,-0.4745485319515899
2021-01-13 00:00:00,-0.4371453107451079
2021-01-13 04:00:00,0.4430666269459256
2021-01-13 08:00:00,-0.6156896166945891
2021-01-13 12:00:00,-0.25877887936530225
2021-01-13 16:00:00,-0.7887161692444558
2021-01-13 20:00:00,-0.673392728687552
2021-01-14 00:00:00,0.7740012177373891
2021-01-14 04:00:00,-0.738419692565152
2021-01-14 08:00:00,-0.45015443176957615
2021-01-14 12:00:00,-0.7103031039960385
2021-01-14 16:00:00,0.8992497207723064
2021-01-14 20:00:00,-0.41196408915629146
2021-01-15 00:00:00,-0.027910182680494347
2021-01-15 04:00:00,-0.6736874353378245
2021-01-15 08:00:00,-0.3551729476727487
2021-01-15 12:00:00,-0.7994315206254505
2021-01-15 16:00:00,0.9342560565990374
2021-01-15 20:00:00,0.8862749831620507
2021-01-16 00:00:00,-0.4877427804320311
2021-01-16 04:00:00,-0.5307264213115052
2021-01-16 08:00:00,-0.714160614207949
2021-01-16 12:00:00,-0.41117740291171345
2021-01-16 16:00:00,0.4602574730219437
2021-01-16 20:00:00,-0.5644755346099642
2021-01-17 00:00:00,0.21006137804573535
2021-01-17 04:00:00,-0.9151581237832997
2021-01-17 08:00:00,0.3377370531483901
2021-01-17 12:00:00,0.9189128519728677
2021-01-17 16:00:00,-0.050559761507399534
2021-01-17 20:00:00,-0.7347881460215037
2021-01-18 00:00:00,-0.5955494723992761
2021-01-18 04:00:00,-0.4368762729088831
2021-01-18 08:00:00,-0.521170883205661
2021-01-18 12:00:00,0.7786657195241171
2021-01-18 16:00:00,0.9368176950438061
2021-01-18 20:00:00,-0.3465884178257524
2021-01-19 00:00:00,-0.8021814670459154
2021-01-19 04:00:00,0.1826927834596637
2021-01-19 08:00:00,-0.4652028635766719
2021-01-19 12:00:00,0.7769392319694075
2021-01-19 16:00:00,0.209292092590162
2021-01-19 20:00:00,0.8109995606792181
2021-01-20 00:00:00,-0.6568708020810705
2021-01-20 04:00:00,0.3859231158484379
2021-01-20 08:00:00,0.0012721610930733146
2021-01-20 12:00:00,0.8861484865964558
2021-01-20 16:00:00,0.4624824070893249
2021-01-20 20:00:00,0.6185473975744185
2021-01-21 00:00:00,-0.9024768699301752
2021-01-21 04:00:00,-0.6797856196876927
2021-01-21 08:00:00,-0.3796789316593766
2021-01-21 12:00:00,0.9332469120129047
2021-01-21 16:00:00,0.832117214554659
2021-01-21 20:00:00,0.020174385813543423
2021-01-22 00:00:00,-0.18833412658338
2021-01-22 04:00:00,0.7521354341307234
2021-01-22 08:00:00,-0.7076442682066875
2021-01-22 12:00:00,-0.5739281489027859
2021-01-22 16:00:00,-0.5951846344391208
2021-01-22 20:00:00,-0.606286760281394
2021-01-23 00:00:00,-0.9213411934159083
2021-01-23 04:00:00,-0.7623578571851484
2021-01-23 08:00:00,-0.7206848071120131
2021-01-23 12:00:00,0.37868196639306223
2021-01-23 16:00:00,-0.36791514264761155
2021-01-23 20:00:00,-0.8505694699958803
2021-01-24 00:00:00,-0.8569295470157257
2021-01-24 04:00:00,-0.6864474661729937
2021-01-24 08:00:00,0.4318832256051935
2021-01-24 12:00:00,-0.6817683213750204
2021-01-24 16:00:00,0.8122126825640675
2021-01-24 20:00:00,0.865740109346381
2021-01-25 00:00:00,-0.39627284345662506
2021-01-25 04:00:00,0.8234103014810592
2021-01-25 08:00:00,-0.4208974709534351
2021-01-25 12:00:00,-0.3309222896251004
2021-01-25 16:00:00,0.9261115060206266
2021-01-25 20:00:00,0.4027419362924118
2021-01-26 00:00:00,0.5178074083646181
2021-01-26 04:00:00,-0.47355513582465447
2021-01-26 08:00:00,-0.30207830178321765
2021-01-26 12:00:00,-0.41836843732276535
2021-01-26 16:00:00,0.8761015565374403
2021-01-26 20:00:00,0.03578100129175673
2021-01-27 00:00:00,-0.8945122453342225
2021-01-27 04:00:00,-0.7339978232151572
2021-01-27 08:00:00,-0.7437720259575628
2021-01-27 12:00:00,0.8370328353188554
2021-01-27 16:00:00,0.9307782292987087
2021-01-27 20:00:00,0.5006799477326715
2021-01-28 00:00:00,-0.2893857332037513
2021-01-28 04:00:00,-0.7234794259159042
2021-01-28 08:00:00,-0.7419430813705508
2021-01-28 12:00:00,-0.6519631948966297
2021-01-28 16:00:00,0.8539161450063346
2021-01-28 20:00:00,0.14140614549741426
2021-01-29 00:00:00,0.6066249526536679
2021-01-29 04:00:00,0.7818260097408595
2021-01-29 08:00:00,0.8564056348422696
2021-01-29 12:00:00,0.9429631427778948
2021-01-29 16:00:00,0.03222565994617244
2021-01-29 20:00:00,-0.006810284233140584
2021-01-30 00:00:00,-0.69561689412598
2021-01-30 04:00:00,-0.6980129599584902
2021-01-30 08:00:00,-0.7397616754846139
2021-01-30 12:00:00,-0.5700788127651314
2021-01-30 16:00:00,-0.8718441536338672
2021-01-30 20:00:00,-0.7358533226402512
2021-01-31 00:00:00,-0.8795499828561397
2021-01-31 04:00:00,-0.7302748639339045
2021-01-31 08:00:00,-0.7478675181959634
2021-01-31 12:00:00,0.3019300509583675
2021-01-31 16:00:00,0.9406566416911316
2021-01-31 20:00:00,0.6902603465767182
2021-02-01 00:00:00,-0.6057812016999053
2021-02-01 04:00:00,0.4507094320606888
2021-02-01 08:00:00,0.3623385574624748
2021-02-01 12:00:00,0.7564982903398476
2021-02-01 16:00:00,0.40050126627574745
2021-02-01 20:00:00,-0.9306691936790884
2021-02-02 00:00:00,-0.8665834908422485
2021-02-02 04:00:00,-0.5762647683434564
2021-02-02 08:00:00,-0.05350974415209353
2021-02-02 12:00:00,0.9411698901468992
2021-02-02 16:00:00,0.3677828051067156
2021-02-02 20:00:00,-0.027141850119133303
2021-02-03 00:00:00,-0.6533596602233881
2021-02-03 04:00:00,-0.41254743793112386
2021-02-03 08:00:00,-0.3588708483561432
2021-02-03 12:00:00,0.697272291097633
2021-02-03 16:00:00,0.7860299248088487
2021-02-03 20:00:00,0.8221627668129754
2021-02-04 00:00:00,-0.7883840774257237
2021-02-04 04:00:00,0.7649712472116943
2021-02-04 08:00:00,-0.7491003875397351
2021-02-04 12:00:00,0.927549466199365
2021-02-04 16:00:00,0.3078743865637535
2021-02-04 20:00:00,-0.6274963015590254
2021-02-05 00:00:00,-0.6780977094941166
2021-02-05 04:00:00,-0.6898905084276251
2021-02-05 08:00:00,-0.6784182004225563
2021-02-05 12:00:00,-0.40493725186569024
2021-02-05 16:00:00,0.9401817066455206
2021-02-05 20:00:00,0.3945842652972323
2021-02-06 00:00:00,-0.8020779280198485
2021-02-06 04:00:00,0.9228051704582211
2021-02-06 08:00:00,-0.5514131237778899
2021-02-06 12:00:00,0.4989223703406713
2021-02-06 16:00:00,0.08580607798217674
2021-02-06 20:00:00,-0.38758031260312736
2021-02-07 00:00:00,-0.061088870304256526
2021-02-07 04:00:00,0.5126538491295883
2021-02-07 08:00:00,-0.8296341556653641
2021-02-07 12:00:00,-0.5972634717762122
2021-02-07 16:00:00,0.8870752383997927
2021-02-07 20:00:00,-0.20319620722038184
2021-02-08 00:00:00,-0.8373435775306797
2021-02-08 04:00:00,-0.7365228546553746
2021-02-08 08:00:00,-0.6055705789845651
2021-02-08 12:00:00,-0.44795355691536054
2021-02-08 16:00:00,0.9455991450019822
2021-02-08 20:00:00,0.011677481786299427
2021-02-09 00:00:00,0.26207158539872244
2021-02-09 04:00:00,-0.15009251374896238
2021-02-09 08:00:00,-0.6367243098939005
2021-02-09 12:00:00,-0.5278710201861283
2021-02-09 16:00:00,-0.38730874471039173
2021-02-09 20:00:00,-0.8759334671843914
2021-02-10 00:00:00,-0.9073410985909752
2021-02-10 04:00:00,-0.7083644813195182
2021-02-10 08:00:00,-0.3653295536144751
2021-02-10 12:00:00,0.48797336451556694
2021-02-10 16:00:00,0.943943193217356
2021-02-10 20:00:00,-0.12704154668495818
2021-02-11 00:00:00,-0.6973736441596496
2021-02-11 04:00:00,-0.63737481382114
2021-02-11 08:00:00,-0.5753142991633876
2021-02-11 12:00:00,0.6623516489274263
2021-02-11 16:00:00,0.934530090127814
2021-02-11 20:00:00,0.02568806266184195
2021-02-12 00:00:00,0.09521631608135195
2021-02-12 04:00:00,-0.4601958120947424
2021-02-12 08:00:00,-0.6132442589267462
2021-02-12 12:00:00,-0.9087498019350312
2021-02-12 16:00:00,0.7768455848027322
2021-02-12 20:00:00,-0.3350390942240036
2021-02-13 00:00:00,-0.8251100841755963
2021-02-13 04:00:00,-0.7186359389017469
2021-02-13 08:00:00,-0.5021706855481435
2021-02-13 12:00:00,0.8933462487849937
2021-02-13 16:00:00,0.42709239691270173
2021-02-13 20:00:00,-0.6569901928269747
2021-02-14 00:00:00,-0.7838716071680171
2021-02-14 04:00:00,-0.32446191477932457
2021-02-14 08:00:00,0.9106477802570783
2021-02-14 12:00:00,0.12197796133825378
2021-02-14 16:00:00,0.7541855696322517
2021-02-14 20:00:00,-0.7067270164313566
2021-02-15 00:00:00,-0.766381824451462
2021-02-15 04:00:00,0.8846135514179262
2021-02-15 08:00:00,-0.213045891297489
2021-02-15 12:00:00,-0.34293614124488336
2021-02-15 16:00:00,-0.2598012302193112
2021-02-15 20:00:00,-0.5607233777615086
2021-02-16 00:00:00,-0.4468419317175469
2021-02-16 04:00:00,0.9411325430294376
2021-02-16 08:00:00,0.7757013753143671
2021-02-16 12:00:00,-0.7426599157967924
2021-02-16 16:00:00,0.9333447907066921
2021-02-16 20:00:00,-0.23980960069845322
2021-02-17 00:00:00,-0.6644562338051542
2021-02-17 04:00:00,-0.23492936290284464
2021-02-17 08:00:00,0.2671855767274035
2021-02-17 12:00:00,0.47717799925591536
2021-02-17 16:00:00,0.2881529812530989
2021-02-17 20:00:00,-0.7574065175064353
2021-02-18 00:00:00,-0.8926370255673166
2021-02-18 04:00:00,-0.8027844182547176
2021-02-18 08:00:00,-0.41600613851207957
2021-02-18 12:00:00,0.13433141969197224
2021-02-18 16:00:00,0.9262517451837533
2021-02-18 20:00:00,-0.7790849630980642
2021-02-19 00:00:00,-0.7036842826526688
2021-02-19 04:00:00,0.4154886569412824
2021-02-19 08:00:00,-0.5074698534351814
2021-02-19 12:00:00,0.8895990348551586
2021-02-19 16:00:00,0.7784962320982262
2021-02-19 20:00:00,0.884955770735556
2021-02-20 00:00:00,0.018990351979250246
2021-02-20 04:00:00,-0.274894819297343
2021-02-20 08:00:00,-0.898881560746222
2021-02-20 12:00:00,-0.6752887784502002
2021-02-20 16:00:00,0.8976458625552582
2021-02-20 20:00:00,-0.23542794897291366
2021-02-21 00:00:00,0.6244772604668359
2021-02-21 04:00:00,-0.7094657075070636
2021-02-21 08:00:00,-0.7526861323262107
2021-02-21 12:00:00,0.10519785157619066
2021-02-21 16:00:00,-0.1366817388975203
2021-02-21 20:00:00,0.37514759280422344
2021-02-22 00:00:00,-0.271694201487734
2021-02-22 04:00:00,0.9399434105487734
2021-02-22 08:00:00,0.3438634392448237
2021-02-22 12:00:00,0.9124554205428576
2021-02-22 16:00:00,0.9389578184424127
2021-02-22 20:00:00,-0.34344213122630873
2021-02-23 00:00:00,-0.5872102067686918
2021-02-23 04:00:00,-0.3614150860090944
2021-02-23 08:00:00,0.3383679284638812
2021-02-23 12:00:00,0.926824193043122
2021-02-23 16:00:00,0.41793432244492523
2021-02-23 20:00:00,-0.6731098568262831
2021-02-24 00:00:00,-0.7820804654334246
2021-02-24 04:00:00,-0.5910201843517446
2021-02-24 08:00:00,-0.5643763388595888
2021-02-24 12:00:00,-0.7614515347664927
2021-02-24 16:00:00,0.8918310528150077
2021-02-24 20:00:00,-0.859940387823727
2021-02-25 00:00:00,-0.6117985769078655
2021-02-25 04:00:00,-0.64424524702464
2021-02-25 08:00:00,-0.5182932493305631
2021-02-25 12:00:00,0.9094868422873847
2021-02-25 16:00:00,0.9148901646048626
2021-02-25 20:00:00,0.3834811563856433
2021-02-26 00:00:00,0.7965046592278673
2021-02-26 04:00:00,0.8679442038043551
2021-02-26 08:00:00,0.7028947871692274
2021-02-26 12:00:00,-0.36909139046912703
2021-02-26 16:00:00,-0.6673455587347678
2021-02-26 20:00:00,-0.895836081884845
2021-02-27 00:00:00,-0.6516804779744853
2021-02-27 04:00:00,-0.74945627209371
2021-02-27 08:00:00,-0.8578275304791032
2021-02-27 12:00:00,-0.6365812140284097
2021-02-27 16:00:00,-0.27077681347248744
2021-02-27 20:00:00,-0.9204786213853259
2021-02-28 00:00:00,0.8321057230187063
2021-02-28 04:00:00,0.7511682707622663
2021-02-28 08:00:00,0.8633513867981839
2021-02-28 12:00:00,-0.4186856551742304
2021-02-28 16:00:00,0.7567702287523534
2021-02-28 20:00:00,-0.3402950613363556
2021-03-01 00:00:00,-0.6644839510150252
2021-03-01 04:00:00,-0.38217497233927206
2021-03-01 08:00:00,-0.8106452885028854
2021-03-01 12:00:00,0.8761299190508668
2021-03-01 16:00:00,0.8513292796545543
2021-03-01 20:00:00,0.1295488814369119
2021-03-02 00:00:00,-0.6757485687523254
2021-03-02 04:00:00,-0.7616181609092284
2021-03-02 08:00:00,-0.723986037422379
2021-03-02 12:00:00,-0.6391713355352991
2021-03-02 16:00:00,0.8129644386247812
2021-03-02 20:00:00,0.9027299596613997
2021-03-03 00:00:00,-0.5647724141269577
2021-03-03 04:00:00,-0.8139465323849857
2021-03-03 08:00:00,-0.09649788219597247
2021-03-03 12:00:00,0.8995820753351667
2021-03-03 16:00:00,0.8642372165346063
2021-03-03 20:00:00,-0.195538824103946
2021-03-04 00:00:00,-0.7909728489811492
2021-03-04 04:00:00,-0.21744569525641752
2021-03-04 08:00:00,-0.37861557183424815
2021-03-04 12:00:00,0.8245194643150824
2021-03-04 16:00:00,0.634758807170103
2021-03-04 20:00:00,0.7879393176391559
2021-03-05 00:00:00,-0.8933284399354161
2021-03-05 04:00:00,0.37422318763642104
2021-03-05 08:00:00,-0.7944168473557501
2021-03-05 12:00:00,-0.4166716230947824
2021-03-05 16:00:00,0.8534801191218417
2021-03-05 20:00:00,0.48907376100561273
2021-03-06 00:00:00,-0.670654574647612
2021-03-06 04:00:00,-0.8436664991046505
2021-03-06 08:00:00,-0.5928035297631511
2021-03-06 12:00:00,-0.28631751576991843
2021-03-06 16:00:00,0.8613409823961556
2021-03-06 20:00:00,0.5789737292121737
2021-03-07 00:00:00,-0.5233779580352064
2021-03-07 04:00:00,0.014252919511965913
2021-03-07 08:00:00,-0.8003720120528982
2021-03-07 12:00:00,0.9232098943724183
2021-03-07 16:00:00,0.19449177410894034
2021-03-07 20:00:00,-0.19927507932582475
2021-03-08 00:00:00,-0.2195904726066348
2021-03-08 04:00:00,0.6253488367415941
2021-03-08 08:00:00,0.6324894439255819
2021-03-08 12:00:00,0.7429546825900469
2021-03-08 16:00:00,0.8714008212927434
2021-03-08 20:00:00,-0.898872499345573
2021-03-09 00:00:00,-0.051705423492019
2021-03-09 04:00:00,0.8515326112269511
2021-03-09 08:00:00,-0.269863386709931
2021-03-09 12:00:00,-0.32322264806239975
2021-03-09 16:00:00,0.3048068165650325
2021-03-09 20:00:00,-0.8519882959515312
2021-03-10 00:00:00,-0.7600676691788879
2021-03-10 04:00:00,0.9101979235829571
2021-03-10 08:00:00,-0.4025100080068118
2021-03-10 12:00:00,0.05744390228994442
2021-03-10 16:00:00,0.6446043814901888
2021-03-10 20:00:00,0.44671626618491156
2021-03-11 00:00:00,0.45088750254259763
2021-03-11 04:00:00,-0.8013580427395126
2021-03-11 08:00:00,-0.8708660565006697
2021-03-11 12:00:00,0.547527344382482
2021-03-11 16:00:00,0.8301794010257432
2021-03-11 20:00:00,0.3394569273866021
2021-03-12 00:00:00,-0.2515472514638882
2021-03-12 04:00:00,-0.8826629314548754
2021-03-12 08:00:00,-0.8237189884590144
2021-03-12 12:00:00,0.2403434988360317
2021-03-12 16:00:00,0.9238718617671784
2021-03-12 20:00:00,-0.06747526508185585
2021-03-13 00:00:00,-0.6443006689473029
2021-03-13 04:00:00,-0.7011885947944482
2021-03-13 08:00:00,-0.7490283329995039
2021-03-13 12:00:00,0.9344459114075134
2021-03-13 16:00:00,0.10646751530497385
2021-03-13 20:00:00,-0.3130282847241742
2021-03-14 00:00:00,-0.03985079249549684
2021-03-14 04:00:00,-0.749382986990302
2021-03-14 08:00:00,-0.8284551121280788
2021-03-14 12:00:00,0.5625457966924139
2021-03-14 16:00:00,-0.09978124880310378
2021-03-14 20:00:00,-0.40085822036012514
2021-03-15 00:00:00,0.1283293483858754
2021-03-15 04:00:00,0.4420342167788821
2021-03-15 08:00:00,0.9414331929166924
2021-03-15 12:00:00,0.912548542530816
2021-03-15 16:00:00,0.2688363916025146
2021-03-15 20:00:00,-0.6753737919157151
2021-03-16 00:00:00,-0.8122701910859781
2021-03-16 04:00:00,0.2720809173540499
2021-03-16 08:00:00,-0.3193185549785185
2021-03-16 12:00:00,-0.22058059251066903
2021-03-16 16:00:00,-0.30749558093549384
2021-03-16 20:00:00,-0.769496329200026
2021-03-17 00:00:00,-0.8334992242328682
2021-03-17 04:00:00,-0.6683553671049901
2021-03-17 08:00:00,-0.7347370676735208
2021-03-17 12:00:00,0.9201531968366325
2021-03-17 16:00:00,0.9012703351792345
2021-03-17 20:00:00,0.8622087620769703
2021-03-18 00:00:00,-0.13037840533592254
2021-03-18 04:00:00,-0.8235394481416226
2021-03-18 08:00:00,-0.8023422538856738
2021-03-18 12:00:00,-0.6303707032196677
2021-03-18 16:00:00,0.8760186222262171
2021-03-18 20:00:00,0.9082261737405077
2021-03-19 00:00:00,-0.6159390307572807
2021-03-19 04:00:00,-0.43404736857521586
2021-03-19 08:00:00,-0.7159326559559416
2021-03-19 12:00:00,-0.15843820963028374
2021-03-19 16:00:00,0.8910990335557356
2021-03-19 20:00:00,-0.7404402151531507
2021-03-20 00:00:00,-0.35235620669637
2021-03-20 04:00:00,-0.8082658498814856
2021-03-20 08:00:00,-0.8009396441620749
2021-03-20 12:00:00,0.4575519078688396
2021-03-20 16:00:00,0.9180911165476536
2021-03-20 20:00:00,-0.4371818271639118
2021-03-21 00:00:00,0.13786700791898593
2021-03-21 04:00:00,-0.2748081703537286
2021-03-21 08:00:00,-0.10884438575378083
2021-03-21 12:00:00,0.9159674072781911
2021-03-21 16:00:00,0.41503986407480226
2021-03-21 20:00:00,-0.8168231359520055
2021-03-22 00:00:00,-0.6996673343614895
2021-03-22 04:00:00,-0.19295736133915334
2021-03-22 08:00:00,-0.7702413869591027
2021-03-22 12:00:00,0.8721357162215131
2021-03-22 16:00:00,0.8821432581989689
2021-03-22 20:00:00,0.8148368466560248
2021-03-23 00:00:00,0.9050007338611499
2021-03-23 04:00:00,-0.5225303748117541
2021-03-23 08:00:00,0.25024145192809405
2021-03-23 12:00:00,-0.7811348151483843
2021-03-23 16:00:00,-0.390107271927389
2021-03-23 20:00:00,-0.4174271869559625
2021-03-24 00:00:00,-0.718886839930412
2021-03-24 04:00:00,-0.3914526727667188
2021-03-24 08:00:00,0.8892812185808953
2021-03-24 12:00:00,0.8339035403720364
2021-03-24 16:00:00,0.6565905570153577
2021-03-24 20:00:00,0.37700905644470856
2021-03-25 00:00:00,0.9451070152585832
2021-03-25 04:00:00,-0.16398903012299734
2021-03-25 08:00:00,-0.6639606416341761
2021-03-25 12:00:00,-0.5606668932967039
2021-03-25 16:00:00,0.8305727344125018
2021-03-25 20:00:00,-0.0547363932059934
2021-03-26 00:00:00,-0.5679544516029977
2021-03-26 04:00:00,-0.5887860813941078
2021-03-26 08:00:00,-0.48187101128285
2021-03-26 12:00:00,0.34859766944313325
2021-03-26 16:00:00,-0.6063766239438275
2021-03-26 20:00:00,0.2284528222637354
2021-03-27 00:00:00,-0.1920640287635964
2021-03-27 04:00:00,-0.8119671109470501
2021-03-27 08:00:00,-0.9116690439351942
2021-03-27 12:00:00,-0.623320579282042
2021-03-27 16:00:00,0.4406371174651662
2021-03-27 20:00:00,0.9015971772422081
2021-03-28 00:00:00,-0.44202065211899716
2021-03-28 04:00:00,-0.8030639751232225
2021-03-28 08:00:00,-0.7865068010088261
2021-03-28 12:00:00,-0.3370791443535942
2021-03-28 16:00:00,0.7905117782598041
2021-03-28 20:00:00,0.8976335848277232
2021-03-29 00:00:00,-0.515404788959412
2021-03-29 04:00:00,-0.5414559297791789
2021-03-29 08:00:00,0.4266348446859423
2021-03-29 12:00:00,0.9320213641038417
2021-03-29 16:00:00,0.5904484286119425
2021-03-29 20:00:00,-0.2272552892702752
2021-03-30 00:00:00,-0.7868601426300599
2021-03-30 04:00:00,-0.7431285562682248
2021-03-30 08:00:00,-0.22756385486648495
2021-03-30 12:00:00,0.9246991988835416
2021-03-30 16:00:00,0.18596622429333381
2021-03-30 20:00:00,-0.6634293313866315
2021-03-31 00:00:00,-0.6937303289050379
2021-03-31 04:00:00,-0.35194647668568135
2021-03-31 08:00:00,0.8940809443202105
2021-03-31 12:00:00,0.829642787253354
2021-03-31 16:00:00,0.2467166196440432
2021-03-31 20:00:00,-0.10432040318759954
2021-04-01 00:00:00,-0.9119662882685153
2021-04-01 04:00:00,-0.8675262743336213
2021-04-01 08:00:00,-0.6183366979827108
2021-04-01 12:00:00,0.8150478376641351
2021-04-01 16:00:00,-0.017999304287749686
2021-04-01 20:00:00,0.4309215817084791
2021-04-02 00:00:00,-0.8254130943505268
2021-04-02 04:00:00,0.8032609462746187
2021-04-02 08:00:00,-0.5715768467625554
2021-04-02 12:00:00,-0.6231295550421008
2021-04-02 16:00:00,0.14311568834368757
2021-04-02 20:00:00,-0.09288845846868513
2021-04-03 00:00:00,-0.7734072624114289
2021-04-03 04:00:00,-0.6814732794367736
2021-04-03 08:00:00,-0.7102997243626221
2021-04-03 12:00:00,0.8521874242727118
2021-04-03 16:00:00,0.3087229051983255
2021-04-03 20:00:00,0.9141230508965736
2021-04-04 00:00:00,0.5983255421058905
2021-04-04 04:00:00,0.2802943666537599
2021-04-04 08:00:00,-0.8496078214337491
2021-04-04 12:00:00,-0.7558363535937128
2021-04-04 16:00:00,0.3542177710015645
2021-04-04 20:00:00,-0.5688411632492252
2021-04-05 00:00:00,-0.7429390678057728
2021-04-05 04:00:00,0.22826076488901265
2021-04-05 08:00:00,0.6452377902451426
2021-04-05 12:00:00,0.3309046045840896
2021-04-05 16:00:00,0.9145803753348222
2021-04-05 20:00:00,-0.05893756350342941
2021-04-06 00:00:00,-0.7037917849504521
2021-04-06 04:00:00,-0.23848373741930456
2021-04-06 08:00:00,-0.6853297893209167
2021-04-06 12:00:00,0.7218471965528465
2021-04-06 16:00:00,0.9330219934112507
2021-04-06 20:00:00,-0.6013370093418823
2021-04-07 00:00:00,-0.6043070448369672
2021-04-07 04:00:00,-0.24571258312717228
2021-04-07 08:00:00,0.6300640519213944
2021-04-07 12:00:00,0.9240156227068788
2021-04-07 16:00:00,0.30635040402538155
2021-04-07 20:00:00,-0.16488337829908448
2021-04-08 00:00:00,-0.886315373900834
2021-04-08 04:00:00,-0.7191495992689164
2021-04-08 08:00:00,-0.44828644725438377
2021-04-08 12:00:00,-0.10404005082295675
2021-04-08 16:00:00,0.9327197181017529
2021-04-08 20:00:00,-0.472685778905852
2021-04-09 00:00:00,-0.8128520503351964
2021-04-09 04:00:00,-0.5939058950202407
2021-04-09 08:00:00,-0.4751327985752472
2021-04-09 12:00:00,0.9246311910991346
2021-04-09 16:00:00,0.761263330548635
2021-04-09 20:00:00,-0.40205043676957747
2021-04-10 00:00:00,-0.7682004138436317
2021-04-10 04:00:00,0.46127887360799286
2021-04-10 08:00:00,0.9392470310043121
2021-04-10 12:00:00,-0.3331379591083969
2021-04-10 16:00:00,-0.14267667366924508
2021-04-10 20:00:00,-0.40922789280727695
2021-04-11 00:00:00,-0.13467776522912217
2021-04-11 04:00:00,-0.6924826929179554
2021-04-11 08:00:00,-0.673698626292587
2021-04-11 12:00:00,-0.8132068546340127
2021-04-11 16:00:00,-0.5895275733620347
2021-04-11 20:00:00,-0.10223943784890126
2021-04-12 00:00:00,-0.8847853262675209
2021-04-12 04:00:00,0.6470285641373288
2021-04-12 08:00:00,0.9388475431857778
2021-04-12 12:00:00,0.8643375245190621
2021-04-12 16:00:00,0.19459993382392304
2021-04-12 20:00:00,-0.7971523594533166
2021-04-13 00:00:00,-0.828491170315264
2021-04-13 04:00:00,0.40217395622346436
2021-04-13 08:00:00,0.7822840237701156
2021-04-13 12:00:00,0.9315328004834095
2021-04-13 16:00:00,-0.026951331601880086
2021-04-13 20:00:00,-0.48962595313770213
2021-04-14 00:00:00,-0.7767969849362879
2021-04-14 04:00:00,-0.5259067584238974
2021-04-14 08:00:00,0.7542827599332994
2021-04-14 12:00:00,0.8334370051761995
2021-04-14 16:00:00,0.8494321406875214
2021-04-14 20:00:00,0.7079043437259612
2021-04-15 00:00:00,-0.9101644967886708
2021-04-15 04:00:00,-0.7329440994847691
2021-04-15 08:00:00,-0.6631332513030881
2021-04-15 12:00:00,-0.3200850237781266
2021-04-15 16:00:00,0.11780557743372688
2021-04-15 20:00:00,0.6297940493421674
2021-04-16 00:00:00,-0.4197451522539925
2021-04-16 04:00:00,0.37715805289589954
2021-04-16 08:00:00,0.9350820659338006
2021-04-16 12:00:00,0.7482779503285351
2021-04-16 16:00:00,0.45112333546056194
2021-04-16 20:00:00,-0.7735197811221523
2021-04-17 00:00:00,-0.8697930207286698
2021-04-17 04:00:00,-0.6007604067343849
2021-04-17 08:00:00,-0.6749270146618268
2021-04-17 12:00:00,0.7935273631926155
2021-04-17 16:00:00,0.8855615063051387
2021-04-17 20:00:00,0.20075369194593828
2021-04-18 00:00:00,-0.8166483702875252
2021-04-18 04:00:00,0.9381410577671504
2021-04-18 08:00:00,0.7099405114479204
2021-04-18 12:00:00,0.4148292360450456
2021-04-18 16:00:00,-0.3654646165091322
2021-04-18 20:00:00,-0.8778187075017432
2021-04-19 00:00:00,-0.7937511253647965
2021-04-19 04:00:00,-0.609495208874304
2021-04-19 08:00:00,-0.4951593976427693
2021-04-19 12:00:00,0.9139235731879998
2021-04-19 16:00:00,0.9250192785520563
2021-04-19 20:00:00,-0.1849514967952225
2021-04-20 00:00:00,-0.7502133104994132
2021-04-20 04:00:00,-0.11917991038149259
2021-04-20 08:00:00,-0.016669096326474828
2021-04-20 12:00:00,0.6062654161868373
2021-04-20 16:00:00,0.3991796676822524
2021-04-20 20:00:00,-0.33329962159033827
2021-04-21 00:00:00,-0.932827202912591
2021-04-21 04:00:00,-0.7379992729127651
2021-04-21 08:00:00,-0.7495535180173879
2021-04-21 12:00:00,0.5966366508189326
2021-04-21 16:00:00,0.8676082055480956
2021-04-21 20:00:00,-0.7692968853227534
2021-04-22 00:00:00,0.6966681272505971
2021-04-22 04:00:00,0.9190731191848538
2021-04-22 08:00:00,-0.5003807490947919
2021-04-22 12:00:00,0.4232566192537339
2021-04-22 16:00:00,-0.5490714039514442
2021-04-22 20:00:00,0.7969242037822675
2021-04-23 00:00:00,0.8752583677066494
2021-04-23 04:00:00,0.8945327908653634
2021-04-23 08:00:00,0.47651637222466764
2021-04-23 12:00:00,-0.523726540572973
2021-04-23 16:00:00,-0.8708888099907888
2021-04-23 20:00:00,-0.8454395899478404
2021-04-24 00:00:00,-0.7832895707449885
2021-04-24 04:00:00,-0.52099030713577
2021-04-24 08:00:00,-0.792354675406321
2021-04-24 12:00:00,0.7557648385990299
2021-04-24 16:00:00,0.7261345804772985
2021-04-24 20:00:00,-0.7738516241888538
2021-04-25 00:00:00,-0.746472769672776
2021-04-25 04:00:00,-0.6894331879137809
2021-04-25 08:00:00,-0.8090351052522423
2021-04-25 12:00:00,0.8830759452645834
2021-04-25 16:00:00,0.6322322276808873
2021-04-25 20:00:00,0.015065893018739302
2021-04-26 00:00:00,0.9235591863058301
2021-04-26 04:00:00,0.7580984095828245
2021-04-26 08:00:00,-0.3767417818636547
2021-04-26 12:00:00,-0.39148043601222604
2021-04-26 16:00:00,-0.6538922690940632
2021-04-26 20:00:00,-0.36847255208689933
2021-04-27 00:00:00,0.40338236488253776
2021-04-27 04:00:00,-0.943195179369757
2021-04-27 08:00:00,-0.4234073471871698
2021-04-27 12:00:00,-0.3068864319069035
2021-04-27 16:00:00,0.6380467362320115
2021-04-27 20:00:00,-0.6646421330620442
2021-04-28 00:00:00,-0.8541206741324328
2021-04-28 04:00:00,-0.06248176982605003
2021-04-28 08:00:00,0.5198282500619694
2021-04-28 12:00:00,0.2039624213807161
2021-04-28 16:00:00,0.12298913642211287
2021-04-28 20:00:00,-0.8582644352886797
2021-04-29 00:00:00,0.9005637519104902
2021-04-29 04:00:00,-0.5480417203483497
2021-04-29 08:00:00,-0.09405192811577191
2021-04-29 12:00:00,-0.045990139154182264
2021-04-29 16:00:00,0.4439553601408873
2021-04-29 20:00:00,0.8501279663962856
2021-04-30 00:00:00,-0.8366131032918237
2021-04-30 04:00:00,-0.6541470896135555
2021-04-30 08:00:00,-0.12883273812512264
2021-04-30 12:00:00,-0.3843820439611843
2021-04-30 16:00:00,0.9436781885152371
2021-04-30 20:00:00,0.0026821835091301364
2021-05-01 00:00:00,-0.42087087077731167
2021-05-01 04:00:00,-0.38518198651414537
2021-05-01 08:00:00,-0.6888703977643192
2021-05-01 12:00:00,-0.505408056333394
2021-05-01 16:00:00,0.013134191060011636
2021-05-01 20:00:00,-0.7766742376049619
2021-05-02 00:00:00,-0.9107451962420683
2021-05-02 04:00:00,0.41666970141639154
2021-05-02 08:00:00,0.11207176503757757
2021-05-02 12:00:00,0.7651981445359194
2021-05-02 16:00:00,-0.16654501138206954
2021-05-02 20:00:00,-0.9043598652989728
2021-05-03 00:00:00,-0.5634351031102366
2021-05-03 04:00:00,0.8918571752127682
2021-05-03 08:00:00,0.5085505981098205
2021-05-03 12:00:00,0.5098243249228441
2021-05-03 16:00:00,0.8482214607166393
2021-05-03 20:00:00,-0.6308568035322377
2021-05-04 00:00:00,0.15574038920112068
2021-05-04 04:00:00,0.9308515525992831
2021-05-04 08:00:00,-0.6422381234287229
2021-05-04 12:00:00,-0.14363518754853352
2021-05-04 16:00:00,0.9011111343654452
2021-05-04 20:00:00,-0.09826251546583611
2021-05-05 00:00:00,-0.5897374742424162
2021-05-05 04:00:00,-0.29307547632375
2021-05-05 08:00:00,-0.6272915080323713
2021-05-05 12:00:00,-0.34232634077124136
2021-05-05 16:00:00,0.9336592025890016
2021-05-05 20:00:00,0.004552102884595792
2021-05-06 00:00:00,-0.5384762618629383
2021-05-06 04:00:00,-0.6085265214977493
2021-05-06 08:00:00,-0.6066561144620977
2021-05-06 12:00:00,0.6475622358062167
2021-05-06 16:00:00,0.7456337853994183
2021-05-06 20:00:00,0.9267102443266286
2021-05-07 00:00:00,-0.753471865980317
2021-05-07 04:00:00,-0.11151101513485086
2021-05-07 08:00:00,-0.6533490551724584
2021-05-07 12:00:00,-0.44955595009428595
2021-05-07 16:00:00,0.8992994644296859
2021-05-07 20:00:00,0.8327636577763826
2021-05-08 00:00:00,-0.5880046650793908
2021-05-08 04:00:00,-0.7168362153728701
2021-05-08 08:00:00,-0.5849740447416621
2021-05-08 12:00:00,0.6785074005620604
2021-05-08 16:00:00,0.8646820897399289
2021-05-08 20:00:00,0.21297745377123636
2021-05-09 00:00:00,-0.8390990279064837
2021-05-09 04:00:00,-0.33609541287035744
2021-05-09 08:00:00,0.3208346277470605
2021-05-09 12:00:00,-0.5240053158238194
2021-05-09 16:00:00,0.8512401041710996
2021-05-09 20:00:00,-0.8049151756612132
2021-05-10 00:00:00,-0.6016832325110804
2021-05-10 04:00:00,-0.04078422401437917
2021-05-10 08:00:00,-0.13766042811708587
2021-05-10 12:00:00,0.9124554991308821
2021-05-10 16:00:00,0.8976673213369178
2021-05-10 20:00:00,0.8668241193764394
2021-05-11 00:00:00,0.8047422773102509
2021-05-11 04:00:00,-0.6600516166939068
2021-05-11 08:00:00,-0.9007870479624132
2021-05-11 12:00:00,-0.6873219066472362
2021-05-11 16:00:00,0.000884006894509821
2021-05-11 20:00:00,-0.6527683918408005
2021-05-12 00:00:00,-0.8755051261802833
2021-05-12 04:00:00,-0.04318767871122578
2021-05-12 08:00:00,-0.308371024797376
2021-05-12 12:00:00,0.8637842982442216
2021-05-12 16:00:00,0.9030683889222905
2021-05-12 20:00:00,0.8934056539285397
2021-05-13 00:00:00,0.9118084069476682
2021-05-13 04:00:00,0.8640938890426133
2021-05-13 08:00:00,-0.7491728474634047
2021-05-13 12:00:00,-0.06052935716693194
2021-05-13 16:00:00,-0.6647742989498668
2021-05-13 20:00:00,0.4950899694772887
2021-05-14 00:00:00,-0.7109788638819481
2021-05-14 04:00:00,-0.7224257500113509
2021-05-14 08:00:00,-0.5043558845691475
2021-05-14 12:00:00,-0.38939203580771753
2021-05-14 16:00:00,-0.19119531636254447
2021-05-14 20:00:00,-0.9229216142441711
2021-05-15 00:00:00,-0.3107234545709338
2021-05-15 04:00:00,-0.5504238103553079
2021-05-15 08:00:00,0.863936453118254
2021-05-15 12:00:00,0.8851246568026941
2021-05-15 16:00:00,0.050370837907555754
2021-05-15 20:00:00,0.9002932473281984
2021-05-16 00:00:00,-0.5407756617578238
2021-05-16 04:00:00,-0.6403328808971668
2021-05-16 08:00:00,-0.70113302732841
2021-05-16 12:00:00,-0.6450714195866015
2021-05-16 16:00:00,0.8352916532998148
2021-05-16 20:00:00,0.943446366501863
2021-05-17 00:00:00,0.6545784146234338
2021-05-17 04:00:00,0.301001729099319
2021-05-17 08:00:00,0.7098455533597335
2021-05-17 12:00:00,-0.8639418754597225
2021-05-17 16:00:00,-0.6203548170701679
2021-05-17 20:00:00,0.3843426008929879
2021-05-18 00:00:00,-0.6548341777686459
2021-05-18 04:00:00,-0.763373570257481
2021-05-18 08:00:00,-0.7655852579462856
2021-05-18 12:00:00,-0.7618385330133004
2021-05-18 16:00:00,0.9226314594121043
2021-05-18 20:00:00,0.4284665737483808
2021-05-19 00:00:00,-0.5314114128201833
2021-05-19 04:00:00,0.8474738481797697
2021-05-19 08:00:00,0.8802890563052052
2021-05-19 12:00:00,0.695312672690573
2021-05-19 16:00:00,0.900904128540468
2021-05-19 20:00:00,-0.3019779031859582
2021-05-20 00:00:00,-0.7880292538661572
2021-05-20 04:00:00,-0.5080643861608726
2021-05-20 08:00:00,-0.6928139426958967
2021-05-20 12:00:00,-0.7055153356055998
2021-05-20 16:00:00,0.20469204192007037
2021-05-20 20:00:00,0.4644802027852409
2021-05-21 00:00:00,-0.871317535337989
2021-05-21 04:00:00,-0.8030224480174605
2021-05-21 08:00:00,-0.48774514465139374
2021-05-21 12:00:00,-0.08893694949423901
2021-05-21 16:00:00,0.9442409175138141
2021-05-21 20:00:00,0.5233837052582223
2021-05-22 00:00:00,0.2620118178815855
2021-05-22 04:00:00,-0.7611528952317118
2021-05-22 08:00:00,-0.6733327188139865
2021-05-22 12:00:00,-0.5691263603680493
2021-05-22 16:00:00,-0.2322315770257007
2021-05-22 20:00:00,-0.8866055519750164
2021-05-23 00:00:00,-0.8954026356286434
2021-05-23 04:00:00,-0.6256395905004806
2021-05-23 08:00:00,0.38022826824632416
2021-05-23 12:00:00,0.9416630069628924
2021-05-23 16:00:00,0.8460887083815031
2021-05-23 20:00:00,0.7178857341287243
2021-05-24 00:00:00,-0.7785453648270607
2021-05-24 04:00:00,-0.7954427276555708
2021-05-24 08:00:00,-0.5539525267432425
2021-05-24 12:00:00,-0.07189214059188553
2021-05-24 16:00:00,0.874905450079458
2021-05-24 20:00:00,0.20833453357142484
2021-05-25 00:00:00,-0.8324704315957754
2021-05-25 04:00:00,-0.7533073365655875
2021-05-25 08:00:00,-0.7720092880540539
2021-05-25 12:00:00,0.6143560209921848
2021-05-25 16:00:00,0.8801963299848208
2021-05-25 20:00:00,-0.833510914306731
2021-05-26 00:00:00,-0.7763916667192962
2021-05-26 04:00:00,-0.3619943723813834
2021-05-26 08:00:00,0.10945326232459981
2021-05-26 12:00:00,0.7642508131884718
2021-05-26 16:00:00,0.8788347204691304
2021-05-26 20:00:00,0.1521645885302155
2021-05-27 00:00:00,-0.9033412986431311
2021-05-27 04:00:00,-0.2214812530046852
2021-05-27 08:00:00,-0.655974104395597
2021-05-27 12:00:00,0.5169065296776222
2021-05-27 16:00:00,0.7839632765884843
2021-05-27 20:00:00,-0.5600082202004206
2021-05-28 00:00:00,-0.7983103815901836
2021-05-28 04:00:00,-0.5362056571829202
2021-05-28 08:00:00,0.9099279432846541
2021-05-28 12:00:00,0.8848221255671356
2021-05-28 16:00:00,0.4778301726205866
2021-05-28 20:00:00,0.20727851338405046
2021-05-29 00:00:00,-0.7361755380160985
2021-05-29 04:00:00,-0.9136713133648852
2021-05-29 08:00:00,-0.6463661373808518
2021-05-29 12:00:00,0.42208897535433737
2021-05-29 16:00:00,0.8928713452379882
2021-05-29 20:00:00,0.22523383414323672
2021-05-30 00:00:00,-0.800369244405504
2021-05-30 04:00:00,-0.6767081384884965
2021-05-30 08:00:00,-0.41975683932340846
2021-05-30 12:00:00,-0.7273596321938939
2021-05-30 16:00:00,0.1557530174458096
2021-05-30 20:00:00,-0.8952965272377663
2021-05-31 00:00:00,-0.8456991421443445
2021-05-31 04:00:00,0.7955145944949852
2021-05-31 08:00:00,0.7738258260532793
2021-05-31 12:00:00,0.8658102199436236
2021-05-31 16:00:00,0.5018110543536147
2021-05-31 20:00:00,-0.8225077622085004
2021-06-01 00:00:00,-0.8912033283036902
2021-06-01 04:00:00,-0.20639451042003049
2021-06-01 08:00:00,-0.5653430587657784
2021-06-01 12:00:00,0.7256522122762723
2021-06-01 16:00:00,0.9184798009734418
2021-06-01 20:00:00,-0.4162341089328784
2021-06-02 00:00:00,-0.7541185397669804
2021-06-02 04:00:00,-0.6595416850259082
2021-06-02 08:00:00,-0.19407522909199348
2021-06-02 12:00:00,0.5397845691626981
2021-06-02 16:00:00,0.9102923734585856
2021-06-02 20:00:00,-0.6789120512007198
2021-06-03 00:00:00,-0.8079352912919621
2021-06-03 04:00:00,-0.5592222446263786
2021-06-03 08:00:00,0.7865714338074868
2021-06-03 12:00:00,0.7729541036512431
2021-06-03 16:00:00,0.730487156462531
2021-06-03 20:00:00,-0.7744061164798077
2021-06-04 00:00:00,-0.821693655385001
2021-06-04 04:00:00,0.7343029542271962
2021-06-04 08:00:00,0.830775157194235
2021-06-04 12:00:00,-0.010167755038884596
2021-06-04 16:00:00,0.7584602318470501
2021-06-04 20:00:00,-0.8741743926596528
2021-06-05 00:00:00,-0.7638453207550417
2021-06-05 04:00:00,-0.419744606273209
2021-06-05 08:00:00,-0.5346374738564257
2021-06-05 12:00:00,0.9409071757403739
2021-06-05 16:00:00,0.7659024121274718
2021-06-05 20:00:00,-0.6361094376845108
2021-06-06 00:00:00,0.132455543450667
2021-06-06 04:00:00,-0.742937884414039
2021-06-06 08:00:00,-0.6646749099526987
2021-06-06 12:00:00,-0.419784665890868
2021-06-06 16:00:00,0.532870655778817
2021-06-06 20:00:00,-0.7771485931503216
2021-06-07 00:00:00,0.3485924769259625
2021-06-07 04:00:00,0.806422378018591
2021-06-07 08:00:00,-0.5252897181345295
2021-06-07 12:00:00,0.3465170259238198
2021-06-07 16:00:00,0.7730349346116304
2021-06-07 20:00:00,0.4773824788717303
2021-06-08 00:00:00,0.9331448312130932
2021-06-08 04:00:00,0.8065253823068516
2021-06-08 08:00:00,0.11492037409251055
2021-06-08 12:00:00,-0.49421037534945755
2021-06-08 16:00:00,0.8413183527197449
2021-06-08 20:00:00,-0.5318174991189885
2021-06-09 00:00:00,-0.7144087877730951
2021-06-09 04:00:00,-0.592521453854808
2021-06-09 08:00:00,0.2968796906451611
2021-06-09 12:00:00,0.7272625062709743
2021-06-09 16:00:00,0.930603996723343
2021-06-09 20:00:00,0.040502569808871104
2021-06-10 00:00:00,-0.8005087322628851
2021-06-10 04:00:00,-0.702256570791929
2021-06-10 08:00:00,-0.6640860158726926
2021-06-10 12:00:00,0.8697036663623421
2021-06-10 16:00:00,0.6054918793721302
2021-06-10 20:00:00,-0.3804643129911977
2021-06-11 00:00:00,-0.6479174406018858
2021-06-11 04:00:00,-0.6538313542676943
2021-06-11 08:00:00,-0.46081461134885343
2021-06-11 12:00:00,0.11150411529643153
2021-06-11 16:00:00,-0.8676438456650094
2021-06-11 20:00:00,-0.8504894730295233
2021-06-12 00:00:00,-0.8367915320561989
2021-06-12 04:00:00,0.934447532919399
2021-06-12 08:00:00,0.17648274026043712
2021-06-12 12:00:00,0.5972206029303071
2021-06-12 16:00:00,-0.4486339722941423
2021-06-12 20:00:00,-0.8914652623681194
2021-06-13 00:00:00,-0.8050946285926678
2021-06-13 04:00:00,-0.2827982535072152
2021-06-13 08:00:00,-0.08444445169376984
2021-06-13 12:00:00,0.8454793084229787
2021-06-13 16:00:00,0.3794131477849796
2021-06-13 20:00:00,0.9432710517463104
2021-06-14 00:00:00,0.8430944539316948
2021-06-14 04:00:00,-0.011030795908451865
2021-06-14 08:00:00,-0.6496781601657028
2021-06-14 12:00:00,-0.7602727646005139
2021-06-14 16:00:00,0.8932456329641812
2021-06-14 20:00:00,0.055654788404494754
2021-06-15 00:00:00,-0.6484279228619954
2021-06-15 04:00:00,-0.5166036809887218
2021-06-15 08:00:00,-0.6852848346601198
2021-06-15 12:00:00,0.4979975620017382
2021-06-15 16:00:00,0.5175611511606694
2021-06-15 20:00:00,0.9155296902507835
2021-06-16 00:00:00,-0.5822067468741984
2021-06-16 04:00:00,-0.7973152301748394
2021-06-16 08:00:00,-0.13955398068149866
2021-06-16 12:00:00,0.35123196197656165
2021-06-16 16:00:00,0.8012212325314334
2021-06-16 20:00:00,0.8955802757034028
2021-06-17 00:00:00,-0.810406827401724
2021-06-17 04:00:00,-0.7594286165810993
2021-06-17 08:00:00,-0.43039162184645213
2021-06-17 12:00:00,-0.28361423500028604
2021-06-17 16:00:00,0.9272363616559337
2021-06-17 20:00:00,0.9122998472276054
2021-06-18 00:00:00,-0.6063063722025508
2021-06-18 04:00:00,-0.4930230895362675
2021-06-18 08:00:00,-0.601454760554926
2021-06-18 12:00:00,0.41921596192918126
2021-06-18 16:00:00,0.9284016051167407
2021-06-18 20:00:00,0.7254988537986022
2021-06-19 00:00:00,-0.68208703765925
2021-06-19 04:00:00,-0.4939986509021986
2021-06-19 08:00:00,-0.6210789445130885
2021-06-19 12:00:00,-0.732065552278205
2021-06-19 16:00:00,0.8378006836448147
2021-06-19 20:00:00,-0.6958576956148292
2021-06-20 00:00:00,-0.8131973046210427
2021-06-20 04:00:00,-0.5232993664154506
2021-06-20 08:00:00,-0.6156252856116976
2021-06-20 12:00:00,0.9433005972384166
2021-06-20 16:00:00,0.7920248667283454
2021-06-20 20:00:00,-0.1895294165790309
2021-06-21 00:00:00,-0.47516372454454997
2021-06-21 04:00:00,-0.705117429657323
2021-06-21 08:00:00,0.922950029743678
2021-06-21 12:00:00,0.8579568726427159
2021-06-21 16:00:00,-0.05279947630243223
2021-06-21 20:00:00,-0.6001127059170819
2021-06-22 00:00:00,-0.5433423368667742
2021-06-22 04:00:00,-0.4624812308932885
2021-06-22 08:00:00,-0.9186938108085676
2021-06-22 12:00:00,0.851578314936118
2021-06-22 16:00:00,0.9380015586628729
2021-06-22 20:00:00,0.03867273720205392
2021-06-23 00:00:00,-0.6254641778944967
2021-06-23 04:00:00,-0.3767230353698049
2021-06-23 08:00:00,-0.5902307965187921
2021-06-23 12:00:00,-0.4618011944734899
2021-06-23 16:00:00,0.7408160927442411
2021-06-23 20:00:00,-0.676149589230642
2021-06-24 00:00:00,-0.7935611232090943
2021-06-24 04:00:00,-0.48014197259237323
2021-06-24 08:00:00,-0.5964915278378589
2021-06-24 12:00:00,-0.15937436138282815
2021-06-24 16:00:00,0.9336703501439705
2021-06-24 20:00:00,0.7015388450941863
2021-06-25 00:00:00,-0.8898171412837941
2021-06-25 04:00:00,0.06474972050488066
2021-06-25 08:00:00,-0.3142550108763197
2021-06-25 12:00:00,0.7159101023183977
2021-06-25 16:00:00,0.9119519723966765
2021-06-25 20:00:00,0.7825231683909757
2021-06-26 00:00:00,-0.6504644384046145
2021-06-26 04:00:00,-0.7744168826931088
2021-06-26 08:00:00,-0.07528951566652661
2021-06-26 12:00:00,0.8023893995615589
2021-06-26 16:00:00,0.514811841162311
2021-06-26 20:00:00,-0.6728840134297723
2021-06-27 00:00:00,-0.8303290614631764
2021-06-27 04:00:00,-0.12142920927772614
2021-06-27 08:00:00,-0.4872509035369345
2021-06-27 12:00:00,0.7784190226798493
2021-06-27 16:00:00,-0.07120130656761328
2021-06-27 20:00:00,-0.8595003225238536
2021-06-28 00:00:00,0.7528399021522176
2021-06-28 04:00:00,-0.6919520062141248
2021-06-28 08:00:00,-0.2751809932593745
2021-06-28 12:00:00,0.6358852348856788
2021-06-28 16:00:00,0.20883733142336885
2021-06-28 20:00:00,-0.38179959096462807
2021-06-29 00:00:00,-0.913019255663779
2021-06-29 04:00:00,-0.43560645798546743
2021-06-29 08:00:00,0.5323880017857306
2021-06-29 12:00:00,0.8581599631545254
2021-06-29 16:00:00,0.877781204215069
2021-06-29 20:00:00,-0.6537109770392117
2021-06-30 00:00:00,-0.7831985962582837
2021-06-30 04:00:00,-0.5686963035698959
2021-06-30 08:00:00,0.0394933094033447
2021-06-30 12:00:00,0.7651401124360002
2021-06-30 16:00:00,0.5700691642098895
2021-06-30 20:00:00,-0.72552224260317
2021-07-01 00:00:00,-0.8002727644672406
2021-07-01 04:00:00,-0.832169014579054
2021-07-01 08:00:00,0.8645195880894784
2021-07-01 12:00:00,0.6635358742870057
2021-07-01 16:00:00,0.4105326838164763
2021-07-01 20:00:00,-0.30144569494505835
2021-07-02 00:00:00,-0.9271736456956372
2021-07-02 04:00:00,-0.47571084338719904
2021-07-02 08:00:00,-0.2954147788624989
2021-07-02 12:00:00,0.6662271933483969
2021-07-02 16:00:00,0.8457889906248461
2021-07-02 20:00:00,-0.8828412031750498
2021-07-03 00:00:00,-0.7974267832827517
2021-07-03 04:00:00,-0.7495015591492574
2021-07-03 08:00:00,0.3980247547439079
2021-07-03 12:00:00,0.7670496083497682
2021-07-03 16:00:00,-0.5413201561588613
2021-07-03 20:00:00,-0.6643122205884713
2021-07-04 00:00:00,-0.23809505148381488
2021-07-04 04:00:00,-0.785998210594422
2021-07-04 08:00:00,0.9305266692969664
2021-07-04 12:00:00,-0.3439377966201172
2021-07-04 16:00:00,-0.5005585115254084
2021-07-04 20:00:00,-0.5431127352812817
2021-07-05 00:00:00,0.3468746382355761
2021-07-05 04:00:00,0.9264048410181542
2021-07-05 08:00:00,0.5119712656677227
2021-07-05 12:00:00,0.7994313938208195
2021-07-05 16:00:00,-0.37191198175222456
2021-07-05 20:00:00,0.07260843987028584
2021-07-06 00:00:00,-0.8866417544978581
2021-07-06 04:00:00,-0.8233725541061704
2021-07-06 08:00:00,0.5829348869487728
2021-07-06 12:00:00,0.8790691198693537
2021-07-06 16:00:00,0.40564059891932164
2021-07-06 20:00:00,-0.5267494409089281
2021-07-07 00:00:00,-0.8764345710757144
2021-07-07 04:00:00,-0.2672981730283615
2021-07-07 08:00:00,0.2759157651712912
2021-07-07 12:00:00,0.14907488820305437
2021-07-07 16:00:00,0.413646241911214
2021-07-07 20:00:00,-0.9109970987247128
2021-07-08 00:00:00,-0.1517078103434278
2021-07-08 04:00:00,0.9020297004706885
2021-07-08 08:00:00,0.8711097280857993
2021-07-08 12:00:00,0.5559643625488861
2021-07-08 16:00:00,-0.336797944915181
2021-07-08 20:00:00,-0.8979472936394596
2021-07-09 00:00:00,-0.8365254904329078
2021-07-09 04:00:00,0.08960876213558652
2021-07-09 08:00:00,-0.4628304590227559
2021-07-09 12:00:00,-0.5043843378566388
2021-07-09 16:00:00,0.8920322442735429
2021-07-09 20:00:00,-0.80722824221545
2021-07-10 00:00:00,-0.4456503633204856
2021-07-10 04:00:00,-0.1408621800136818
2021-07-10 08:00:00,-0.4937397642235091
2021-07-10 12:00:00,-0.1945399934534552
2021-07-10 16:00:00,-0.8645986999145786
2021-07-10 20:00:00,0.9147698656460942
2021-07-11 00:00:00,-0.517463506727572
2021-07-11 04:00:00,-0.6350465607033281
2021-07-11 08:00:00,-0.5904450970070552
2021-07-11 12:00:00,-0.06195492566729014
2021-07-11 16:00:00,0.703794676474834
2021-07-11 20:00:00,-0.06494516652968807
2021-07-12 00:00:00,0.9268501218663183
2021-07-12 04:00:00,-0.058489615557036176
2021-07-12 08:00:00,0.1040076413001278
2021-07-12 12:00:00,0.8687316761163593
2021-07-12 16:00:00,0.42002745429201566
2021-07-12 20:00:00,0.8315554204946464
2021-07-13 00:00:00,-0.624475219820916
2021-07-13 04:00:00,-0.8887179368625464
2021-07-13 08:00:00,-0.3410304032797912
2021-07-13 12:00:00,-0.531345661223444
2021-07-13 16:00:00,0.9377512695518734
2021-07-13 20:00:00,-0.11515027134606375
2021-07-14 00:00:00,-0.695449114987669
2021-07-14 04:00:00,0.45737062730544553
2021-07-14 08:00:00,-0.38493642757411267
2021-07-14 12:00:00,0.8795442213054102
2021-07-14 16:00:00,0.30772897828986884
2021-07-14 20:00:00,-0.8164660375476399
2021-07-15 00:00:00,-0.8525314748244007
2021-07-15 04:00:00,-0.4334202245223501
2021-07-15 08:00:00,-0.16589714543296008
2021-07-15 12:00:00,0.9275689053587822
2021-07-15 16:00:00,0.846632926928219
2021-07-15 20:00:00,0.548149484365115
2021-07-16 00:00:00,-0.8183665554886556
2021-07-16 04:00:00,-0.6928509334304314
2021-07-16 08:00:00,-0.659924906276331
2021-07-16 12:00:00,0.6531278528320913
2021-07-16 16:00:00,0.9120471725300754
2021-07-16 20:00:00,-0.3337544753778551
2021-07-17 00:00:00,-0.7043265383258197
2021-07-17 04:00:00,-0.43146234146499357
2021-07-17 08:00:00,-0.7261693041097361
2021-07-17 12:00:00,0.8274730012850261
2021-07-17 16:00:00,0.21911509793966416
2021-07-17 20:00:00,-0.6439394662118312
2021-07-18 00:00:00,-0.7618774549582341
2021-07-18 04:00:00,0.7804763613301664
2021-07-18 08:00:00,-0.49771436232171007
2021-07-18 12:00:00,-0.1754785026792405
2021-07-18 16:00:00,0.6234962407982436
2021-07-18 20:00:00,-0.7252769034476615
2021-07-19 00:00:00,-0.11240534714043587
2021-07-19 04:00:00,-0.5983499246582276
2021-07-19 08:00:00,0.0432527117510409
2021-07-19 12:00:00,0.9307031382392975
2021-07-19 16:00:00,0.9399834810433769
2021-07-19 20:00:00,-0.5144986686802914
2021-07-20 00:00:00,-0.6056069051784368
2021-07-20 04:00:00,0.7337049894632998
2021-07-20 08:00:00,-0.2898043842875096
2021-07-20 12:00:00,0.24781582090162388
2021-07-20 16:00:00,0.2396184339675256
2021-07-20 20:00:00,-0.8364848346444798
2021-07-21 00:00:00,-0.7439450566035948
2021-07-21 04:00:00,-0.5502781939169581
2021-07-21 08:00:00,0.8780933695095647
2021-07-21 12:00:00,0.7208996747754431
2021-07-21 16:00:00,0.5076401748112735
2021-07-21 20:00:00,0.9227806999853547
2021-07-22 00:00:00,-0.7485203772987076
2021-07-22 04:00:00,-0.6955303281213928
2021-07-22 08:00:00,-0.5975859563322456
2021-07-22 12:00:00,-0.3196598144123547
2021-07-22 16:00:00,0.8958920714612869
2021-07-22 20:00:00,-0.6984612750927821
2021-07-23 00:00:00,-0.8274751019545452
2021-07-23 04:00:00,-0.07658100165275267
2021-07-23 08:00:00,-0.09063662517853184
2021-07-23 12:00:00,0.28537584774712577
2021-07-23 16:00:00,-0.5102799983252586
2021-07-23 20:00:00,0.208948266183472
2021-07-24 00:00:00,0.9406538043215188
2021-07-24 04:00:00,0.03913733785062561
2021-07-24 08:00:00,-0.4434779656114596
2021-07-24 12:00:00,-0.34510069618284506
2021-07-24 16:00:00,-0.7149594982744654
2021-07-24 20:00:00,0.9107168978842108
2021-07-25 00:00:00,-0.7043991993960227
2021-07-25 04:00:00,-0.3694254502431167
2021-07-25 08:00:00,0.3461197168192535
2021-07-25 12:00:00,-0.1740612574882154
2021-07-25 16:00:00,0.842597342000724
2021-07-25 20:00:00,-0.5589811053509911
2021-07-26 00:00:00,0.6679946127534677
2021-07-26 04:00:00,0.9451503040087299
2021-07-26 08:00:00,0.05985981166608661
2021-07-26 12:00:00,-0.3259585851586645
2021-07-26 16:00:00,-0.39326875958065005
2021-07-26 20:00:00,0.23438752926913406
2021-07-27 00:00:00,0.8850857903081393
2021-07-27 04:00:00,-0.4673111701556061
2021-07-27 08:00:00,-0.7850559486685524
2021-07-27 12:00:00,-0.64577524302432
2021-07-27 16:00:00,0.35243658253183036
2021-07-27 20:00:00,-0.2523556238439877
2021-07-28 00:00:00,-0.27117382253735617
2021-07-28 04:00:00,0.4609265686714936
2021-07-28 08:00:00,-0.6298099957102038
2021-07-28 12:00:00,0.7038384344901593
2021-07-28 16:00:00,0.7692030447884153
2021-07-28 20:00:00,0.8601810292439729
2021-07-29 00:00:00,-0.8562790996459737
2021-07-29 04:00:00,-0.7864396506137289
2021-07-29 08:00:00,-0.6747036005479382
2021-07-29 12:00:00,0.12633572576721694
2021-07-29 16:00:00,0.3346328409596777
2021-07-29 20:00:00,-0.5778347304670326
2021-07-30 00:00:00,-0.7129042018348439
2021-07-30 04:00:00,-0.7866904861458173
2021-07-30 08:00:00,-0.5764674688748973
2021-07-30 12:00:00,0.9423927688278013
2021-07-30 16:00:00,-0.3328763744451291
2021-07-30 20:00:00,-0.4157380500546716
2021-07-31 00:00:00,0.9103139191697621
2021-07-31 04:00:00,-0.3711004765458456
2021-07-31 08:00:00,-0.45449620002410296
2021-07-31 12:00:00,-0.47405643534561787
2021-07-31 16:00:00,-0.5151056147293466
2021-07-31 20:00:00,-0.8312302878099893
2021-08-01 00:00:00,0.7468036892590727
2021-08-01 04:00:00,0.8799480385036647
2021-08-01 08:00:00,0.06699911062382577
2021-08-01 12:00:00,-0.5450392797790705
2021-08-01 16:00:00,-0.6865829928689688
2021-08-01 20:00:00,0.9153813790863906
2021-08-02 00:00:00,0.8410148095183441
2021-08-02 04:00:00,-0.25424957890440153
2021-08-02 08:00:00,-0.6093820952007969
2021-08-02 12:00:00,-0.29568596058194946
2021-08-02 16:00:00,0.3236734395549484
2021-08-02 20:00:00,-0.7748374589186364
2021-08-03 00:00:00,-0.11841670583444523
2021-08-03 04:00:00,0.7723958744935282
2021-08-03 08:00:00,0.4738267348285835
2021-08-03 12:00:00,-0.787446119421019
2021-08-03 16:00:00,0.9024152303205258
2021-08-03 20:00:00,-0.3355373671633108
2021-08-04 00:00:00,-0.7396564469276571
2021-08-04 04:00:00,-0.5650597739738515
2021-08-04 08:00:00,-0.33908797643887933
2021-08-04 12:00:00,0.47820179516333855
2021-08-04 16:00:00,0.9406950768330192
2021-08-04 20:00:00,-0.18466031550102957
2021-08-05 00:00:00,-0.6110477100519524
2021-08-05 04:00:00,-0.49749457541521164
2021-08-05 08:00:00,-0.5313252788374226
2021-08-05 12:00:00,0.9385173935477182
2021-08-05 16:00:00,0.9288001419699528
2021-08-05 20:00:00,0.748581285796484
2021-08-06 00:00:00,-0.6791871693528894
2021-08-06 04:00:00,-0.6260758563546556
2021-08-06 08:00:00,-0.5509243177254736
2021-08-06 12:00:00,-0.45826219765140336
2021-08-06 16:00:00,0.9345449323156532
2021-08-06 20:00:00,0.8893367957999315
2021-08-07 00:00:00,-0.8092503499902836
2021-08-07 04:00:00,-0.40369101440413835
2021-08-07 08:00:00,-0.5770883243529944
2021-08-07 12:00:00,-0.2346167753195782
2021-08-07 16:00:00,0.9321783046666064
2021-08-07 20:00:00,0.15021911096215912
2021-08-08 00:00:00,-0.38366144449122125
2021-08-08 04:00:00,-0.5873831044335437
2021-08-08 08:00:00,0.050219088104387404
2021-08-08 12:00:00,-0.5991934440476735
2021-08-08 16:00:00,0.8343300879604503
2021-08-08 20:00:00,-0.21908090732032964
2021-08-09 00:00:00,-0.822943802588993
2021-08-09 04:00:00,-0.32275003029612853
2021-08-09 08:00:00,-0.8802634405198482
2021-08-09 12:00:00,0.9292163314930934
2021-08-09 16:00:00,0.4814237446155335
2021-08-09 20:00:00,-0.4410663870037846
2021-08-10 00:00:00,0.21516675958857834
2021-08-10 04:00:00,-0.7918390704550806
2021-08-10 08:00:00,-0.8149001385944952
2021-08-10 12:00:00,0.020453847427977716
2021-08-10 16:00:00,0.7304596051126063
2021-08-10 20:00:00,-0.38993367020176023
2021-08-11 00:00:00,-0.6658881155066008
2021-08-11 04:00:00,-0.7519094713916218
2021-08-11 08:00:00,-0.10016005639759179
2021-08-11 12:00:00,0.33403711961800825
2021-08-11 16:00:00,0.917992638182607
2021-08-11 20:00:00,-0.7068847119068442
2021-08-12 00:00:00,0.4605133817456496
2021-08-12 04:00:00,-0.7051981090828776
2021-08-12 08:00:00,0.7880526958531606
2021-08-12 12:00:00,0.4695350705643881
2021-08-12 16:00:00,0.7805482118588329
2021-08-12 20:00:00,-0.5700925502323542
2021-08-13 00:00:00,-0.8770049896550711
2021-08-13 04:00:00,-0.6581006118896765
2021-08-13 08:00:00,0.04121315252921832
2021-08-13 12:00:00,0.7633183703698435
2021-08-13 16:00:00,0.3975820058686951
2021-08-13 20:00:00,-0.8444666176230348
2021-08-14 00:00:00,0.8472747000106938
2021-08-14 04:00:00,-0.7890924789476403
2021-08-14 08:00:00,-0.7028178149533537
2021-08-14 12:00:00,0.9040716523814437
2021-08-14 16:00:00,-0.1749491301521493
2021-08-14 20:00:00,-0.4427608203390798
2021-08-15 00:00:00,-0.4469498791749961
2021-08-15 04:00:00,-0.5938890459401656
2021-08-15 08:00:00,0.8112225848555759
2021-08-15 12:00:00,0.665493459404101
2021-08-15 16:00:00,0.630950913356859
2021-08-15 20:00:00,-0.22113453355149543
2021-08-16 00:00:00,-0.43618707295553555
2021-08-16 04:00:00,0.9208453939933373
2021-08-16 08:00:00,-0.7694042766225507
2021-08-16 12:00:00,-0.30257923445522544
2021-08-16 16:00:00,0.8771026037746559
2021-08-16 20:00:00,-0.6433306838917158
2021-08-17 00:00:00,-0.041077161319215315
2021-08-17 04:00:00,0.11298124090236615
2021-08-17 08:00:00,-0.5961278654705713
2021-08-17 12:00:00,0.8579564664803468
2021-08-17 16:00:00,0.7663534541989091
2021-08-17 20:00:00,0.04742605378196897
2021-08-18 00:00:00,0.7776393638869622
2021-08-18 04:00:00,0.06019963380686276
2021-08-18 08:00:00,-0.896488767319582
2021-08-18 12:00:00,-0.597723003605401
2021-08-18 16:00:00,-0.018032367812676295
2021-08-18 20:00:00,0.4589141376749814
2021-08-19 00:00:00,-0.6428330684902173
2021-08-19 04:00:00,0.24734738865782546
2021-08-19 08:00:00,-0.6442340600116687
2021-08-19 12:00:00,-0.11425284792269415
2021-08-19 16:00:00,0.9275527489521259
2021-08-19 20:00:00,0.7535171659872267
2021-08-20 00:00:00,-0.7877435192511307
2021-08-20 04:00:00,-0.47043492426591255
2021-08-20 08:00:00,-0.7364147537476587
2021-08-20 12:00:00,-0.3329768169684367
2021-08-20 16:00:00,0.9423326178758806
2021-08-20 20:00:00,0.13147266827730567
2021-08-21 00:00:00,-0.521552876640616
2021-08-21 04:00:00,-0.6992635695140332
2021-08-21 08:00:00,-0.659546317128314
2021-08-21 12:00:00,0.8659970205277892
2021-08-21 16:00:00,0.4370750163587985
2021-08-21 20:00:00,0.5523720011274589
2021-08-22 00:00:00,-0.8072655537302144
2021-08-22 04:00:00,-0.7713630924888282
2021-08-22 08:00:00,-0.6604219307945087
2021-08-22 12:00:00,-0.20642798453909775
2021-08-22 16:00:00,0.9439099394687098
2021-08-22 20:00:00,-0.040845113248651636
2021-08-23 00:00:00,0.09120092506550785
2021-08-23 04:00:00,0.8767452216473084
2021-08-23 08:00:00,-0.5758022920853083
2021-08-23 12:00:00,-0.20166086331711702
2021-08-23 16:00:00,0.45118730645309507
2021-08-23 20:00:00,-0.5526418135219981
2021-08-24 00:00:00,-0.8075500019129558
2021-08-24 04:00:00,-0.04674691978790212
2021-08-24 08:00:00,-0.70634214411766
2021-08-24 12:00:00,0.14652643403247437
2021-08-24 16:00:00,0.9385570278176929
2021-08-24 20:00:00,0.7226856764230336
2021-08-25 00:00:00,-0.6772379545138731
2021-08-25 04:00:00,-0.6459912923082229
2021-08-25 08:00:00,-0.5599689823236401
2021-08-25 12:00:00,0.76442600025271
2021-08-25 16:00:00,0.7808441912632459
2021-08-25 20:00:00,-0.441270466129016
2021-08-26 00:00:00,-0.7832965784158407
2021-08-26 04:00:00,-0.21481798055109672
2021-08-26 08:00:00,0.8875149334611662
2021-08-26 12:00:00,-0.18915900081147807
2021-08-26 16:00:00,0.6300775863800657
2021-08-26 20:00:00,-0.7684171642623577
2021-08-27 00:00:00,-0.7626118300905583
2021-08-27 04:00:00,0.4314914048826581
2021-08-27 08:00:00,-0.4557891756778672
2021-08-27 12:00:00,0.21223963820966812
2021-08-27 16:00:00,0.8765656332501572
2021-08-27 20:00:00,-0.8080540628359
2021-08-28 00:00:00,-0.28631477422460844
2021-08-28 04:00:00,-0.5449456758803796
2021-08-28 08:00:00,-0.6773593632536591
2021-08-28 12:00:00,-0.7238976723583168
2021-08-28 16:00:00,0.7420500180610629
2021-08-28 20:00:00,-0.23152255538358316
2021-08-29 00:00:00,-0.8186742049453613
2021-08-29 04:00:00,0.9211355963760394
2021-08-29 08:00:00,-0.05665173720044655
2021-08-29 12:00:00,-0.3173973469210554
2021-08-29 16:00:00,-0.3347163127767312
2021-08-29 20:00:00,-0.6040601189598703
2021-08-30 00:00:00,0.7729417994832226
2021-08-30 04:00:00,0.8806245368855993
2021-08-30 08:00:00,0.7234368753918775
2021-08-30 12:00:00,-0.5046073015636858
2021-08-30 16:00:00,0.8518195242076434
2021-08-30 20:00:00,-0.40678181599662544
2021-08-31 00:00:00,0.9064080698166223
2021-08-31 04:00:00,-0.14444237617451458
2021-08-31 08:00:00,0.5001352855844515
2021-08-31 12:00:00,0.7554466587567779
2021-08-31 16:00:00,0.6033253679820726
2021-08-31 20:00:00,-0.8349327514799763
2021-09-01 00:00:00,-0.8231256463736741
2021-09-01 04:00:00,-0.25008265160716847
2021-09-01 08:00:00,-0.5429511892663845
2021-09-01 12:00:00,0.5847516620427848
2021-09-01 16:00:00,0.27784634343899023
2021-09-01 20:00:00,0.9421300169180716
2021-09-02 00:00:00,-0.49199106023922295
2021-09-02 04:00:00,0.3452754092078217
2021-09-02 08:00:00,0.3133490449981511
2021-09-02 12:00:00,-0.5810172663992815
2021-09-02 16:00:00,0.7526561200542964
2021-09-02 20:00:00,-0.892283826503913
2021-09-03 00:00:00,-0.8058875494079948
2021-09-03 04:00:00,0.49509965728508176
2021-09-03 08:00:00,-0.37192893200179167
2021-09-03 12:00:00,0.9150629890358012
2021-09-03 16:00:00,0.8468779818639139
2021-09-03 20:00:00,-0.7639916429562138
2021-09-04 00:00:00,-0.5689491783466879
2021-09-04 04:00:00,-0.5596703724487635
2021-09-04 08:00:00,-0.6378290004859021
2021-09-04 12:00:00,0.7601242911436252
2021-09-04 16:00:00,-0.17741253443992558
2021-09-04 20:00:00,0.6591016443061222
2021-09-05 00:00:00,-0.7549997873655145
2021-09-05 04:00:00,-0.4692862554337384
2021-09-05 08:00:00,-0.6182060178670883
2021-09-05 12:00:00,0.6660595433784651
2021-09-05 16:00:00,0.6844210315554892
2021-09-05 20:00:00,0.054808397156562695
2021-09-06 00:00:00,0.9156137518483851
2021-09-06 04:00:00,-0.3927056684057354
2021-09-06 08:00:00,-0.6859006508001961
2021-09-06 12:00:00,0.6955652659852918
2021-09-06 16:00:00,0.4681310743161268
2021-09-06 20:00:00,-0.6798166690568049
2021-09-07 00:00:00,0.345680311885103
2021-09-07 04:00:00,-0.5211017019542534
2021-09-07 08:00:00,-0.1544802315914253
2021-09-07 12:00:00,0.941713712677084
2021-09-07 16:00:00,0.9358805131283499
2021-09-07 20:00:00,0.05584063939609521
2021-09-08 00:00:00,-0.5889176099789861
2021-09-08 04:00:00,-0.6921957420858852
2021-09-08 08:00:00,-0.3787318762571477
2021-09-08 12:00:00,0.25835820473223914
2021-09-08 16:00:00,-0.1360652436698807
2021-09-08 20:00:00,-0.8469442735104445
2021-09-09 00:00:00,-0.7271374147849787
2021-09-09 04:00:00,-0.42989174430378696
2021-09-09 08:00:00,-0.742048030758135
2021-09-09 12:00:00,0.5426538516107459
2021-09-09 16:00:00,0.9372645064702031
2021-09-09 20:00:00,-0.40291295477856626
2021-09-10 00:00:00,-0.6787209708700792
2021-09-10 04:00:00,-0.612664639244212
2021-09-10 08:00:00,-0.3578523742954923
2021-09-10 12:00:00,0.8727999477301788
2021-09-10 16:00:00,0.9363933903472554
2021-09-10 20:00:00,-0.565042458927839
2021-09-11 00:00:00,0.010989562296152743
2021-09-11 04:00:00,-0.636319424766294
2021-09-11 08:00:00,-0.5731150293075914
2021-09-11 12:00:00,-0.3330628779286548
2021-09-11 16:00:00,-0.6519936314229946
2021-09-11 20:00:00,-0.6446085718414746
2021-09-12 00:00:00,-0.7836702602667412
2021-09-12 04:00:00,-0.19304103956419202
2021-09-12 08:00:00,-0.8819633278628497
2021-09-12 12:00:00,0.9253971223007111
2021-09-12 16:00:00,0.01863287716677835
2021-09-12 20:00:00,-0.7505354174768332
2021-09-13 00:00:00,0.8950951938053777
2021-09-13 04:00:00,0.6137490980844773
2021-09-13 08:00:00,0.7992398207171781
2021-09-13 12:00:00,0.09435700435526385
2021-09-13 16:00:00,0.9440998955188636
2021-09-13 20:00:00,-0.6299028982637147
2021-09-14 00:00:00,-0.5711141261992607
2021-09-14 04:00:00,-0.5009420160424828
2021-09-14 08:00:00,-0.36704417965260017
2021-09-14 12:00:00,0.7863584483843917
2021-09-14 16:00:00,0.9436765267736607
2021-09-14 20:00:00,-0.4035017676924313
2021-09-15 00:00:00,-0.2368042054863744
2021-09-15 04:00:00,-0.41726210908841954
2021-09-15 08:00:00,-0.6190930394731989
2021-09-15 12:00:00,0.881240173062267
2021-09-15 16:00:00,0.9060691608208682
2021-09-15 20:00:00,-0.3815675072635742
2021-09-16 00:00:00,-0.7467038706132247
2021-09-16 04:00:00,-0.35650482894945545
2021-09-16 08:00:00,-0.053181145326604874
2021-09-16 12:00:00,0.2219751486804575
2021-09-16 16:00:00,0.9228941671424297
2021-09-16 20:00:00,-0.6089248259039356
2021-09-17 00:00:00,-0.6862360412175086
2021-09-17 04:00:00,-0.6878580849772834
2021-09-17 08:00:00,-0.547895511293421
2021-09-17 12:00:00,0.9036576078297266
2021-09-17 16:00:00,0.5058999447655071
2021-09-17 20:00:00,0.7461030576609946
2021-09-18 00:00:00,-0.28830424793276327
2021-09-18 04:00:00,-0.859501655185921
2021-09-18 08:00:00,0.8896012922076054
2021-09-18 12:00:00,-0.748304055128977
2021-09-18 16:00:00,-0.4183135727130536
2021-09-18 20:00:00,-0.5683223335430926
2021-09-19 00:00:00,-0.2517436277663254
2021-09-19 04:00:00,-0.477700867755618
2021-09-19 08:00:00,-0.9020764831660173
2021-09-19 12:00:00,0.9084747968804617
2021-09-19 16:00:00,0.8461508387159116
2021-09-19 20:00:00,-0.06033533869257949
2021-09-20 00:00:00,-0.003744573715544914
2021-09-20 04:00:00,0.939000456217016
2021-09-20 08:00:00,0.43851652515657286
2021-09-20 12:00:00,0.8910085203578001
2021-09-20 16:00:00,0.8794828404622522
2021-09-20 20:00:00,-0.5596114938024149
2021-09-21 00:00:00,-0.6525722139093745
2021-09-21 04:00:00,0.7003068897053144
2021-09-21 08:00:00,-0.7116955741921418
2021-09-21 12:00:00,-0.6180463309754227
2021-09-21 16:00:00,0.08719254377424523
2021-09-21 20:00:00,0.445608121423371
2021-09-22 00:00:00,0.914875746115567
2021-09-22 04:00:00,-0.2242124258111748
2021-09-22 08:00:00,-0.8109139231939286
2021-09-22 12:00:00,-0.7271295486645019
2021-09-22 16:00:00,-0.20825219367591324
2021-09-22 20:00:00,0.8025222269443899
2021-09-23 00:00:00,-0.7426262460663655
2021-09-23 04:00:00,-0.38450441001624336
2021-09-23 08:00:00,-0.6003481826578169
2021-09-23 12:00:00,-0.045824153085763146
2021-09-23 16:00:00,0.8323227900608217
2021-09-23 20:00:00,0.9004894762568133
2021-09-24 00:00:00,-0.7922634059385918
2021-09-24 04:00:00,-0.7052662828222802
2021-09-24 08:00:00,0.5298315158105459
2021-09-24 12:00:00,0.9421594034018148
2021-09-24 16:00:00,0.4623828648683335
2021-09-24 20:00:00,-0.6183067820046101
2021-09-25 00:00:00,-0.646222574827816
2021-09-25 04:00:00,-0.6126542189377812
2021-09-25 08:00:00,-0.5591148571122803
2021-09-25 12:00:00,0.9208518919665167
2021-09-25 16:00:00,-0.016353737989916444
2021-09-25 20:00:00,-0.6360948666091609
2021-09-26 00:00:00,-0.7926192226969501
2021-09-26 04:00:00,-0.04652659790279371
2021-09-26 08:00:00,0.8892969175098764
2021-09-26 12:00:00,0.9248533046656844
2021-09-26 16:00:00,-0.3824248165386142
2021-09-26 20:00:00,-0.6911139190496558
2021-09-27 00:00:00,-0.39082283140635077
2021-09-27 04:00:00,-0.1840209442190735
2021-09-27 08:00:00,-0.6636131206968959
2021-09-27 12:00:00,0.1980322992075258
2021-09-27 16:00:00,0.8697761006691292
2021-09-27 20:00:00,-0.4795734452012026
2021-09-28 00:00:00,0.3044530044095021
2021-09-28 04:00:00,-0.5314869354129138
2021-09-28 08:00:00,0.01980115960388784
2021-09-28 12:00:00,0.9150885160143923
2021-09-28 16:00:00,0.9270620873623324
2021-09-28 20:00:00,-0.5035703163668794
2021-09-29 00:00:00,-0.7411611682990701
2021-09-29 04:00:00,-0.047015428640259614
2021-09-29 08:00:00,-0.7523524111617426
2021-09-29 12:00:00,-0.7202222309050803
2021-09-29 16:00:00,0.7704704850973033
2021-09-29 20:00:00,0.10123922749237178
2021-09-30 00:00:00,-0.3629408470925346
2021-09-30 04:00:00,0.9119902977772201
2021-09-30 08:00:00,-0.5299892778698228
2021-09-30 12:00:00,0.2691122532671676
2021-09-30 16:00:00,0.6690262646199303
2021-09-30 20:00:00,0.18457322176158647
2021-10-01 00:00:00,-0.8524001626380577
2021-10-01 04:00:00,-0.6362032395480463
2021-10-01 08:00:00,0.3594951295204956
2021-10-01 12:00:00,0.9363518701869256
2021-10-01 16:00:00,0.34053305141105006
2021-10-01 20:00:00,-0.5191617325997216
2021-10-02 00:00:00,-0.6644179530573282
2021-10-02 04:00:00,-0.6975825083978773
2021-10-02 08:00:00,-0.7588460349215194
2021-10-02 12:00:00,-0.7481441856337749
2021-10-02 16:00:00,0.7302806543637842
2021-10-02 20:00:00,-0.1780885299792295
2021-10-03 00:00:00,-0.3289065271066316
2021-10-03 04:00:00,0.29163322773750633
2021-10-03 08:00:00,-0.87597992042309
2021-10-03 12:00:00,-0.42138330065982227
2021-10-03 16:00:00,0.04785949167735311
2021-10-03 20:00:00,0.9268228380498992
2021-10-04 00:00:00,0.5252855885591637
2021-10-04 04:00:00,0.026439323526032694
2021-10-04 08:00:00,-0.6268060696247351
2021-10-04 12:00:00,-0.7214876892972887
2021-10-04 16:00:00,0.9349121159403025
2021-10-04 20:00:00,0.8795205971981721
2021-10-05 00:00:00,-0.4058448401247271
2021-10-05 04:00:00,-0.47893557614592797
2021-10-05 08:00:00,-0.7651918389786673
2021-10-05 12:00:00,0.4240053759449362
2021-10-05 16:00:00,0.6525334341697058
2021-10-05 20:00:00,0.6597887938249128
2021-10-06 00:00:00,0.256048174252468
2021-10-06 04:00:00,-0.9365411123118735
2021-10-06 08:00:00,-0.2884543123843858
2021-10-06 12:00:00,0.8861045024026093
2021-10-06 16:00:00,0.9350961115772736
2021-10-06 20:00:00,-0.41280437610717446
2021-10-07 00:00:00,-0.5585574035168412
2021-10-07 04:00:00,-0.49728311842126
2021-10-07 08:00:00,-0.48681799996479136
2021-10-07 12:00:00,0.6493118725343995
2021-10-07 16:00:00,0.9074977000391493
2021-10-07 20:00:00,-0.8116725044382934
2021-10-08 00:00:00,-0.8062214195914345
2021-10-08 04:00:00,-0.7111251507867734
2021-10-08 08:00:00,-0.014175229082728833
2021-10-08 12:00:00,0.9336824683746904
2021-10-08 16:00:00,0.6094699933613482
2021-10-08 20:00:00,-0.7071978914085211
2021-10-09 00:00:00,-0.6963195743769209
2021-10-09 04:00:00,-0.6221572678061067
2021-10-09 08:00:00,-0.40169692779006966
2021-10-09 12:00:00,0.9435242230913258
2021-10-09 16:00:00,0.6677395554028431
2021-10-09 20:00:00,-0.3453528715447878
2021-10-10 00:00:00,-0.5210029244521684
2021-10-10 04:00:00,0.8118201683112025
2021-10-10 08:00:00,0.8775911453720818
2021-10-10 12:00:00,0.5843123992485152
2021-10-10 16:00:00,-0.18981509189495843
2021-10-10 20:00:00,-0.8649136941597478
2021-10-11 00:00:00,0.9310601455835995
2021-10-11 04:00:00,0.08070622998234159
2021-10-11 08:00:00,-0.5514825041966906
2021-10-11 12:00:00,-0.5464928340973239
2021-10-11 16:00:00,0.07930245681919842
2021-10-11 20:00:00,-0.8106826110794954
2021-10-12 00:00:00,-0.6849930033826627
2021-10-12 04:00:00,-0.1150123218982043
2021-10-12 08:00:00,-0.3467970938915972
2021-10-12 12:00:00,0.45439584395223737
2021-10-12 16:00:00,0.9397486682897005
2021-10-12 20:00:00,0.38728971001731427
2021-10-13 00:00:00,0.7467028815695141
2021-10-13 04:00:00,-0.8668563393875649
2021-10-13 08:00:00,0.40474922006019987
2021-10-13 12:00:00,0.2050450535942001
2021-10-13 16:00:00,0.3934189918904475
2021-10-13 20:00:00,-0.0352254388316635
2021-10-14 00:00:00,-0.8783392751613905
2021-10-14 04:00:00,-0.5393845183914718
2021-10-14 08:00:00,-0.8933413690454055
2021-10-14 12:00:00,-0.4781652830908788
2021-10-14 16:00:00,0.6600549679861156
2021-10-14 20:00:00,0.6390166658326147
2021-10-15 00:00:00,-0.8993025343967762
2021-10-15 04:00:00,0.8980227453183727
2021-10-15 08:00:00,0.4492094516432573
2021-10-15 12:00:00,-0.0705397959668772
2021-10-15 16:00:00,0.5735615901482437
2021-10-15 20:00:00,0.8502050977448521
2021-10-16 00:00:00,0.6561210115869242
2021-10-16 04:00:00,-0.8919339278040731
2021-10-16 08:00:00,-0.7723551353724974
2021-10-16 12:00:00,-0.5718661789266589
2021-10-16 16:00:00,0.21396581429892314
2021-10-16 20:00:00,-0.46732088362783386
2021-10-17 00:00:00,-0.80035018271499
2021-10-17 04:00:00,-0.48232259290717666
2021-10-17 08:00:00,-0.5398655309428451
2021-10-17 12:00:00,0.7120243664776919
2021-10-17 16:00:00,0.8216875368455616
2021-10-17 20:00:00,-0.5654693341844623
2021-10-18 00:00:00,0.9432941590688954
2021-10-18 04:00:00,0.05077814027761031
2021-10-18 08:00:00,-0.30198572378901894
2021-10-18 12:00:00,0.6522215366305377
2021-10-18 16:00:00,0.5023000536554757
2021-10-18 20:00:00,-0.5836200598930037
2021-10-19 00:00:00,-0.8195341072989736
2021-10-19 04:00:00,-0.3565927032564223
2021-10-19 08:00:00,-0.5982017554421175
2021-10-19 12:00:00,-0.22376827494709559
2021-10-19 16:00:00,0.9399886401302286
2021-10-19 20:00:00,0.48556580038820674
2021-10-20 00:00:00,-0.32674065670226327
2021-10-20 04:00:00,-0.7395588798016781
2021-10-20 08:00:00,-0.692558831468804
2021-10-20 12:00:00,-0.5010281874393216
2021-10-20 16:00:00,0.9422976386471971
2021-10-20 20:00:00,-0.10504967445970523
2021-10-21 00:00:00,-0.3813857001828863
2021-10-21 04:00:00,0.268068211265998
2021-10-21 08:00:00,-0.5569606777568634
2021-10-21 12:00:00,0.8527041098850201
2021-10-21 16:00:00,0.8681899361811684
2021-10-21 20:00:00,-0.5470801298515897
2021-10-22 00:00:00,-0.6841998600155095
2021-10-22 04:00:00,-0.6653563470174639
2021-10-22 08:00:00,-0.6619108925631966
2021-10-22 12:00:00,-0.575677020802789
2021-10-22 16:00:00,0.9408249129668875
2021-10-22 20:00:00,0.48296108694965106
2021-10-23 00:00:00,-0.6989375821838918
2021-10-23 04:00:00,-0.708320309778482
2021-10-23 08:00:00,-0.6107944250158432
2021-10-23 12:00:00,0.6208680977294142
2021-10-23 16:00:00,0.2473215818493031
2021-10-23 20:00:00,-0.46401470101222486
2021-10-24 00:00:00,-0.7041027147118262
2021-10-24 04:00:00,-0.6484883798983538
2021-10-24 08:00:00,-0.6011556030808926
2021-10-24 12:00:00,0.9274477377517144
2021-10-24 16:00:00,0.9293746222545701
2021-10-24 20:00:00,0.26420525454195803
2021-10-25 00:00:00,-0.565672320981198
2021-10-25 04:00:00,-0.18189564261313038
2021-10-25 08:00:00,-0.4080663668733336
2021-10-25 12:00:00,0.5809360130673018
2021-10-25 16:00:00,0.8439357635208283
2021-10-25 20:00:00,-0.34019205595427804
2021-10-26 00:00:00,-0.9061356113996917
2021-10-26 04:00:00,-0.7834780925747242
2021-10-26 08:00:00,-0.38561946703700223
2021-10-26 12:00:00,0.35263583436385815
2021-10-26 16:00:00,0.9368670341244031
2021-10-26 20:00:00,-0.0007999548067207862
2021-10-27 00:00:00,0.9109709392617743
2021-10-27 04:00:00,-0.49639278216138794
2021-10-27 08:00:00,0.41552071994359907
2021-10-27 12:00:00,0.9124644900757487
2021-10-27 16:00:00,-0.4350371785390868
2021-10-27 20:00:00,-0.4488097861017544
2021-10-28 00:00:00,-0.6809072387363366
2021-10-28 04:00:00,-0.5639138744445664
2021-10-28 08:00:00,-0.28372993616647463
2021-10-28 12:00:00,0.9248848910227502
2021-10-28 16:00:00,-0.01607101158641835
2021-10-28 20:00:00,0.9170701892507581
2021-10-29 00:00:00,-0.01027607444480738
2021-10-29 04:00:00,-0.7225565955097516
2021-10-29 08:00:00,-0.6656226237211725
2021-10-29 12:00:00,-0.5790838739873582
2021-10-29 16:00:00,0.7561093760817809
2021-10-29 20:00:00,-0.11333244238808823
2021-10-30 00:00:00,-0.8921373938124277
2021-10-30 04:00:00,-0.6353765950270336
2021-10-30 08:00:00,-0.5498442634739434
2021-10-30 12:00:00,0.08132153695684993
2021-10-30 16:00:00,0.9345246830900608
2021-10-30 20:00:00,-0.5345401696923674
2021-10-31 00:00:00,-0.29506204396909363
2021-10-31 04:00:00,0.3252241830186647
2021-10-31 08:00:00,-0.3829584813925211
2021-10-31 12:00:00,0.9055111699314664
2021-10-31 16:00:00,0.7904915933400105
2021-10-31 20:00:00,-0.7836666517926312
2021-11-01 00:00:00,-0.6918963877782196
2021-11-01 04:00:00,0.6969407868070766
2021-11-01 08:00:00,0.8069674970367292
2021-11-01 12:00:00,0.1352036095326689
2021-11-01 16:00:00,-0.3933273877966854
2021-11-01 20:00:00,-0.6785686690346221
2021-11-02 00:00:00,-0.8224528340444123
2021-11-02 04:00:00,-0.44638597697341803
2021-11-02 08:00:00,-0.7207097514506942
2021-11-02 12:00:00,0.9362786240349988
2021-11-02 16:00:00,0.5898418336637535
2021-11-02 20:00:00,-0.460315527585784
2021-11-03 00:00:00,-0.6026496701005305
2021-11-03 04:00:00,-0.7014437089743084
2021-11-03 08:00:00,-0.6245104308283045
2021-11-03 12:00:00,-0.5067211987725379
2021-11-03 16:00:00,0.9444003552111088
2021-11-03 20:00:00,0.8586921712817513
2021-11-04 00:00:00,-0.6682762495399349
2021-11-04 04:00:00,-0.6201454346671773
2021-11-04 08:00:00,-0.574562804390049
2021-11-04 12:00:00,0.1450537521248101
2021-11-04 16:00:00,0.906043348830402
2021-11-04 20:00:00,0.11351148209041512
2021-11-05 00:00:00,-0.8630767079226829
2021-11-05 04:00:00,-0.3926518519089859
2021-11-05 08:00:00,-0.5488086366783943
2021-11-05 12:00:00,0.49662859273341653
2021-11-05 16:00:00,0.8773149896119469
2021-11-05 20:00:00,-0.6204058214929813
2021-11-06 00:00:00,-0.8337288617053642
2021-11-06 04:00:00,-0.7305708724509397
2021-11-06 08:00:00,0.07554950470144622
2021-11-06 12:00:00,0.9233168895495586
2021-11-06 16:00:00,0.20303823611971789
2021-11-06 20:00:00,-0.6269618901566376
2021-11-07 00:00:00,-0.7552707189193356
2021-11-07 04:00:00,0.3065519397366836
2021-11-07 08:00:00,-0.7265267620105071
2021-11-07 12:00:00,0.5781052030533927
2021-11-07 16:00:00,-0.2540052931442088
2021-11-07 20:00:00,0.04026918901439265
2021-11-08 00:00:00,0.7486079490506189
2021-11-08 04:00:00,0.9441040405605468
2021-11-08 08:00:00,0.32051108700454467
2021-11-08 12:00:00,-0.16540315981069456
2021-11-08 16:00:00,-0.1346766151301612
2021-11-08 20:00:00,-0.7705703495625097
2021-11-09 00:00:00,0.7285652740715054
2021-11-09 04:00:00,0.3873638184535447
2021-11-09 08:00:00,-0.4224501348806792
2021-11-09 12:00:00,-0.5989620615081671
2021-11-09 16:00:00,0.8615121305489014
2021-11-09 20:00:00,-0.4367427485859116
2021-11-10 00:00:00,-0.7102659543501748
2021-11-10 04:00:00,-0.6402834048973269
2021-11-10 08:00:00,-0.6386410879939168
2021-11-10 12:00:00,-0.5985075754877582
2021-11-10 16:00:00,0.9452571839824427
2021-11-10 20:00:00,0.44942880606191005
2021-11-11 00:00:00,0.9138566094888743
2021-11-11 04:00:00,-0.48965342297620806
2021-11-11 08:00:00,-0.7457438114070135
2021-11-11 12:00:00,-0.48698521495687963
2021-11-11 16:00:00,-0.3208633468013348
2021-11-11 20:00:00,-0.8332139178379024
2021-11-12 00:00:00,-0.8285471108746854
2021-11-12 04:00:00,0.21365284284214825
2021-11-12 08:00:00,-0.43140690530552145
2021-11-12 12:00:00,0.9299504535492175
2021-11-12 16:00:00,0.7915114005308114
2021-11-12 20:00:00,0.6251432636497974
2021-11-13 00:00:00,-0.7814450612993511
2021-11-13 04:00:00,-0.8477464245217543
2021-11-13 08:00:00,-0.715628773395027
2021-11-13 12:00:00,-0.45266809229060834
2021-11-13 16:00:00,0.920947868314132
2021-11-13 20:00:00,0.516657245786832
2021-11-14 00:00:00,-0.7531246288621108
2021-11-14 04:00:00,0.14821144943156678
2021-11-14 08:00:00,-0.41897561982995657
2021-11-14 12:00:00,-0.08190724853392163
2021-11-14 16:00:00,0.4936177610165806
2021-11-14 20:00:00,0.9032864608684232
2021-11-15 00:00:00,0.7274240518398273
2021-11-15 04:00:00,0.9154039779561931
2021-11-15 08:00:00,-0.8333135012044585
2021-11-15 12:00:00,0.22588855603533828
2021-11-15 16:00:00,0.8758218770796456
2021-11-15 20:00:00,0.39085231863663783
2021-11-16 00:00:00,-0.3706381735845415
2021-11-16 04:00:00,0.9385084504185244
2021-11-16 08:00:00,0.30139060099308307
2021-11-16 12:00:00,0.7924144861757558
2021-11-16 16:00:00,-0.47750230101775987
2021-11-16 20:00:00,-0.830443956676482
2021-11-17 00:00:00,-0.6026740954513483
2021-11-17 04:00:00,-0.14324192539163194
2021-11-17 08:00:00,-0.6116631638500167
2021-11-17 12:00:00,0.8919138255602275
2021-11-17 16:00:00,-0.7189174133274695
2021-11-17 20:00:00,-0.7038428560816198
2021-11-18 00:00:00,-0.7507442419264254
2021-11-18 04:00:00,-0.24566293916753826
2021-11-18 08:00:00,0.019191871456575832
2021-11-18 12:00:00,0.7990483284503327
2021-11-18 16:00:00,0.9421499177486827
2021-11-18 20:00:00,0.7880956890669999
2021-11-19 00:00:00,-0.4343699669621822
2021-11-19 04:00:00,-0.30099611302892215
2021-11-19 08:00:00,-0.8107392991507577
2021-11-19 12:00:00,-0.36847095147946024
2021-11-19 16:00:00,0.37999100529534613
2021-11-19 20:00:00,-0.7300264168783526
2021-11-20 00:00:00,-0.8752116580538981
2021-11-20 04:00:00,-0.43744237615866055
2021-11-20 08:00:00,-0.6811885123123227
2021-11-20 12:00:00,-0.7033883382399653
2021-11-20 16:00:00,0.855260580806835
2021-11-20 20:00:00,0.8987201779590287
2021-11-21 00:00:00,-0.5092157794562358
2021-11-21 04:00:00,-0.31125538854020013
2021-11-21 08:00:00,-0.7261717922427948
2021-11-21 12:00:00,-0.07325263356715364
2021-11-21 16:00:00,0.5925618390212518
2021-11-21 20:00:00,0.8735636845230264
2021-11-22 00:00:00,-0.5939815986999011
2021-11-22 04:00:00,0.9311922136333619
2021-11-22 08:00:00,0.010923811241594963
2021-11-22 12:00:00,-0.5894641717201471
2021-11-22 16:00:00,0.9094173620031566
2021-11-22 20:00:00,0.4280153973908151
2021-11-23 00:00:00,-0.30445826463125025
2021-11-23 04:00:00,-0.47855996556845876
2021-11-23 08:00:00,-0.6568816048939011
2021-11-23 12:00:00,0.917504221698273
2021-11-23 16:00:00,-0.030372372511908326
2021-11-23 20:00:00,-0.5495698284199552
2021-11-24 00:00:00,-0.7553020196110429
2021-11-24 04:00:00,-0.43912199423446463
2021-11-24 08:00:00,-0.6042600498886505
2021-11-24 12:00:00,0.6096844836611597
2021-11-24 16:00:00,0.9205323280783115
2021-11-24 20:00:00,-0.5783441786725515
2021-11-25 00:00:00,-0.42265593060798856
2021-11-25 04:00:00,0.18747428028753862
2021-11-25 08:00:00,-0.6161492660892494
2021-11-25 12:00:00,0.8533436955998808
2021-11-25 16:00:00,0.8438105511464706
2021-11-25 20:00:00,-0.30395874629641245
2021-11-26 00:00:00,-0.8564336684656092
2021-11-26 04:00:00,-0.2767276994178832
2021-11-26 08:00:00,0.5044433885547603
2021-11-26 12:00:00,0.9439300625271817
2021-11-26 16:00:00,0.0635981951515478
2021-11-26 20:00:00,-0.5585495713421365
2021-11-27 00:00:00,-0.6063272351015102
2021-11-27 04:00:00,-0.52792913579744
2021-11-27 08:00:00,-0.7030899571626639
2021-11-27 12:00:00,0.7021574139382247
2021-11-27 16:00:00,-0.5455130806370748
2021-11-27 20:00:00,-0.4911198660505534
2021-11-28 00:00:00,0.43988401348652634
2021-11-28 04:00:00,0.741978846216319
2021-11-28 08:00:00,-0.7469866839021682
2021-11-28 12:00:00,-0.4788273374227989
2021-11-28 16:00:00,-0.6153896057224908
2021-11-28 20:00:00,0.8928715160181944
2021-11-29 00:00:00,0.9010818553780653
2021-11-29 04:00:00,0.5315290326138508
2021-11-29 08:00:00,-0.745519307594601
2021-11-29 12:00:00,-0.6126656935285077
2021-11-29 16:00:00,-0.46277569529057666
2021-11-29 20:00:00,0.825816722378806
2021-11-30 00:00:00,-0.5241225136676322
2021-11-30 04:00:00,-0.174814566926895
2021-11-30 08:00:00,0.25928213807762296
2021-11-30 12:00:00,0.3705107796127395
2021-11-30 16:00:00,0.9317575325822344
2021-11-30 20:00:00,0.6617036368910673
2021-12-01 00:00:00,-0.813681477352697
2021-12-01 04:00:00,-0.6492769868489406
2021-12-01 08:00:00,-0.6684711127568123
2021-12-01 12:00:00,0.17675019568950076
2021-12-01 16:00:00,0.9202501089835892
2021-12-01 20:00:00,0.6225398508951663
2021-12-02 00:00:00,-0.30389719324546577
2021-12-02 04:00:00,-0.09648449046559583
2021-12-02 08:00:00,-0.868052847591914
2021-12-02 12:00:00,-0.6941683932189063
2021-12-02 16:00:00,0.729644650419954
2021-12-02 20:00:00,-0.29879285411296186
2021-12-03 00:00:00,-0.8460473118121146
2021-12-03 04:00:00,-0.7129666330442426
2021-12-03 08:00:00,-0.38821098897047746
2021-12-03 12:00:00,0.5221812831018512
2021-12-03 16:00:00,0.9388850876897893
2021-12-03 20:00:00,0.9158873842646779
2021-12-04 00:00:00,0.8595163727320222
2021-12-04 04:00:00,-0.6299266687585952
2021-12-04 08:00:00,0.9388110143435722
2021-12-04 12:00:00,-0.3725750783499226
2021-12-04 16:00:00,-0.446440293406242
2021-12-04 20:00:00,-0.48089945144443336
2021-12-05 00:00:00,-0.5728674044524515
2021-12-05 04:00:00,-0.6444293374003797
2021-12-05 08:00:00,-0.8333160720646504
2021-12-05 12:00:00,-0.6320508417996392
2021-12-05 16:00:00,0.9176817629605057
2021-12-05 20:00:00,0.5136695779302235
2021-12-06 00:00:00,-0.5658398736719078
2021-12-06 04:00:00,-0.31630453134890346
2021-12-06 08:00:00,-0.5909022992243135
2021-12-06 12:00:00,0.937626727419498
2021-12-06 16:00:00,0.07687733028634396
2021-12-06 20:00:00,-0.5276963142307911
2021-12-07 00:00:00,-0.14136988364736858
2021-12-07 04:00:00,-0.663540069079228
2021-12-07 08:00:00,-0.8484646865708235
2021-12-07 12:00:00,-0.4419326032521646
2021-12-07 16:00:00,0.7390721045932135
2021-12-07 20:00:00,-0.2737420123404742
2021-12-08 00:00:00,-0.09436849895125789
2021-12-08 04:00:00,-0.8104820167766587
2021-12-08 08:00:00,-0.7597209447022585
2021-12-08 12:00:00,0.9095671975209634
2021-12-08 16:00:00,0.9015495795288243
2021-12-08 20:00:00,-0.3819903365703263
2021-12-09 00:00:00,-0.6435146896938668
2021-12-09 04:00:00,-0.5786736339608888
2021-12-09 08:00:00,-0.3336680028001091
2021-12-09 12:00:00,0.8955102570948789
2021-12-09 16:00:00,0.9220536334044589
2021-12-09 20:00:00,0.6250119372096579
2021-12-10 00:00:00,-0.3706126837037052
2021-12-10 04:00:00,-0.5789753928554747
2021-12-10 08:00:00,-0.8318401224716894
2021-12-10 12:00:00,-0.6632939522337022
2021-12-10 16:00:00,0.9422020874298747
2021-12-10 20:00:00,0.29995922361125227
2021-12-11 00:00:00,-0.5007280502075058
2021-12-11 04:00:00,-0.178985105164046
2021-12-11 08:00:00,-0.7343191757181018
2021-12-11 12:00:00,-0.6810514291980299
2021-12-11 16:00:00,-0.6612731355559358
2021-12-11 20:00:00,-0.38522826108304165
2021-12-12 00:00:00,-0.8956396549188409
2021-12-12 04:00:00,-0.4224928398681545
2021-12-12 08:00:00,-0.8818681016603332
2021-12-12 12:00:00,0.1741758057917888
2021-12-12 16:00:00,0.9106679874688053
2021-12-12 20:00:00,0.8813521715344211
2021-12-13 00:00:00,-0.6021964289013874
2021-12-13 04:00:00,0.6647051437000647
2021-12-13 08:00:00,-0.5896597778279202
2021-12-13 12:00:00,-0.2490420901363522
2021-12-13 16:00:00,0.9151323266387573
2021-12-13 20:00:00,0.9231288716681609
2021-12-14 00:00:00,-0.2581580488688162
2021-12-14 04:00:00,-0.6429281074878437
2021-12-14 08:00:00,-0.6436166029136334
2021-12-14 12:00:00,-0.23809189329559965
2021-12-14 16:00:00,0.8177423546567749
2021-12-14 20:00:00,-0.13954256319690891
2021-12-15 00:00:00,0.5460622184408728
2021-12-15 04:00:00,-0.896555261967646
2021-12-15 08:00:00,-0.796886107705753
2021-12-15 12:00:00,-0.2991341328201525
2021-12-15 16:00:00,0.887097258219148
2021-12-15 20:00:00,0.9332208562033032
2021-12-16 00:00:00,-0.059729757943428746
2021-12-16 04:00:00,-0.7235867379722853
2021-12-16 08:00:00,-0.685043514686191
2021-12-16 12:00:00,-0.4957798376954674
2021-12-16 16:00:00,0.7066757698356038
2021-12-16 20:00:00,0.5463262375410892
2021-12-17 00:00:00,-0.30609612322840796
2021-12-17 04:00:00,-0.8047041409276965
2021-12-17 08:00:00,-0.020561586112449567
2021-12-17 12:00:00,0.30971546618702733
2021-12-17 16:00:00,0.9410390602345357
2021-12-17 20:00:00,0.14579113590690418
2021-12-18 00:00:00,-0.17270071966901585
2021-12-18 04:00:00,-0.5260839295873373
2021-12-18 08:00:00,-0.7753110702091726
2021-12-18 12:00:00,-0.5423075769079161
2021-12-18 16:00:00,-0.7597679602591012
2021-12-18 20:00:00,-0.6906155512774899
2021-12-19 00:00:00,-0.8690033559037298
2021-12-19 04:00:00,0.8292441870491153
2021-12-19 08:00:00,0.28701087542928827
2021-12-19 12:00:00,0.3261404703640246
2021-12-19 16:00:00,0.9072267162548923
2021-12-19 20:00:00,-0.6487726250082511
2021-12-20 00:00:00,-0.41511200475640203
2021-12-20 04:00:00,0.12207321223591786
2021-12-20 08:00:00,-0.17602241858582812
2021-12-20 12:00:00,0.8374470832526217
2021-12-20 16:00:00,0.901799902667202
2021-12-20 20:00:00,0.06141418968629286
2021-12-21 00:00:00,0.10197118332286774
2021-12-21 04:00:00,-0.5611361597242753
2021-12-21 08:00:00,0.84619811590099
2021-12-21 12:00:00,-0.6087107162624789
2021-12-21 16:00:00,0.7499690468538868
2021-12-21 20:00:00,-0.8750024511427267
2021-12-22 00:00:00,-0.687158426661886
2021-12-22 04:00:00,-0.22152220544065618
2021-12-22 08:00:00,-0.5756623451601368
2021-12-22 12:00:00,0.7387795916333173
2021-12-22 16:00:00,0.896615839253993
2021-12-22 20:00:00,-0.4903532579476291
2021-12-23 00:00:00,-0.5993666664991706
2021-12-23 04:00:00,0.5201631154104909
2021-12-23 08:00:00,-0.8003756738412247
2021-12-23 12:00:00,-0.44310063323256726
2021-12-23 16:00:00,0.4777327631379276
2021-12-23 20:00:00,0.9415446024150097
2021-12-24 00:00:00,-0.2666537384696407
2021-12-24 04:00:00,0.03361950091578733
2021-12-24 08:00:00,-0.7046263663544916
2021-12-24 12:00:00,-0.4462831600051
2021-12-24 16:00:00,0.5198334542958787
2021-12-24 20:00:00,0.6526601645781372
2021-12-25 00:00:00,-0.27672298289445346
2021-12-25 04:00:00,-0.8946860581598853
2021-12-25 08:00:00,-0.7701654100012385
2021-12-25 12:00:00,-0.5352900037928063
2021-12-25 16:00:00,-0.02327173498301649
2021-12-25 20:00:00,0.9418087196814469
2021-12-26 00:00:00,0.29433865766496314
2021-12-26 04:00:00,0.8766621964152723
2021-12-26 08:00:00,-0.7622550473900686
2021-12-26 12:00:00,-0.3481716654231484
2021-12-26 16:00:00,-0.4808557876994915
2021-12-26 20:00:00,-0.501672631468065
2021-12-27 00:00:00,0.8936612209712826
2021-12-27 04:00:00,0.10246297036971472
2021-12-27 08:00:00,-0.19530912566151
2021-12-27 12:00:00,-0.08483340877291506
2021-12-27 16:00:00,0.9313198936841753
2021-12-27 20:00:00,0.7488229489154237
2021-12-28 00:00:00,-0.03952689994012068
2021-12-28 04:00:00,0.8693652663948267
2021-12-28 08:00:00,0.41124985380592216
2021-12-28 12:00:00,-0.3196364593232176
2021-12-28 16:00:00,-0.02638755821590619
2021-12-28 20:00:00,0.866353352042122
2021-12-29 00:00:00,-0.8294425512363581
2021-12-29 04:00:00,-0.7074386985141008
2021-12-29 08:00:00,-0.7132823106336342
2021-12-29 12:00:00,-0.0878169354788069
2021-12-29 16:00:00,0.9415603479377719
2021-12-29 20:00:00,-0.2767923023243388
2021-12-30 00:00:00,0.2015868912813094
2021-12-30 04:00:00,-0.26989643416315534
2021-12-30 08:00:00,-0.7282569996196796
2021-12-30 12:00:00,-0.4686427913558175
2021-12-30 16:00:00,-0.2572143862259214
2021-12-30 20:00:00,-0.23224445089314588
2021-12-31 00:00:00,-0.2987670037216532
2021-12-31 04:00:00,-0.8964614633326871
2021-12-31 08:00:00,-0.7459302833316016
2021-12-31 12:00:00,0.9392633707311545
2021-12-31 16:00:00,-0.2807933743256505
2021-12-31 20:00:00,0.8226545996809033
2022-01-01 00:00:00,-0.33604169116492294
2022-01-01 04:00:00,-0.7982847707497724
2022-01-01 08:00:00,-0.5086986674960181
2022-01-01 12:00:00,-0.612618078525593
2022-01-01 16:00:00,-0.4995566134519445
2022-01-01 20:00:00,0.8746255923871034
2022-01-02 00:00:00,-0.7847359236948235
2022-01-02 04:00:00,-0.7656223793734551
2022-01-02 08:00:00,0.17589233307717514
2022-01-02 12:00:00,-0.6832404551009065
2022-01-02 16:00:00,0.4329004665234364
2022-01-02 20:00:00,0.9397983006152613
2022-01-03 00:00:00,-0.5613815135243739
2022-01-03 04:00:00,-0.21661276796913706
2022-01-03 08:00:00,-0.4398085931582
2022-01-03 12:00:00,0.24930056998246666
2022-01-03 16:00:00,0.920073042178133
2022-01-03 20:00:00,0.740749822289715
2022-01-04 00:00:00,0.7089387344700604
2022-01-04 04:00:00,-0.8459703530834781
2022-01-04 08:00:00,-0.3765169508967922
2022-01-04 12:00:00,-0.3581106674877938
2022-01-04 16:00:00,0.8863150322249734
2022-01-04 20:00:00,0.8885416866010274
2022-01-05 00:00:00,-0.7155336239327083
2022-01-05 04:00:00,-0.7139146101430369
2022-01-05 08:00:00,-0.7371567835039373
2022-01-05 12:00:00,0.27544731944384493
2022-01-05 16:00:00,0.8726196462273156
2022-01-05 20:00:00,0.9175721669344601
2022-01-06 00:00:00,0.8937793946788137
2022-01-06 04:00:00,-0.5634177273252723
2022-01-06 08:00:00,-0.6347036308960535
2022-01-06 12:00:00,-0.5575786584004675
2022-01-06 16:00:00,-0.3948710258273181
2022-01-06 20:00:00,-0.9312038374189135
2022-01-07 00:00:00,-0.9158385814492573
2022-01-07 04:00:00,0.799004823650987
2022-01-07 08:00:00,0.8830734504595091
2022-01-07 12:00:00,0.031597249229997564
2022-01-07 16:00:00,0.8380921858374044
2022-01-07 20:00:00,-0.5238207615091188
2022-01-08 00:00:00,-0.8655364396446389
2022-01-08 04:00:00,-0.6945483963338814
2022-01-08 08:00:00,-0.697048629418884
2022-01-08 12:00:00,-0.2889731761095524
2022-01-08 16:00:00,0.7979998039674695
2022-01-08 20:00:00,0.9407541177362438
2022-01-09 00:00:00,0.3227922082838439
2022-01-09 04:00:00,-0.5235281898117514
2022-01-09 08:00:00,-0.741108886676604
2022-01-09 12:00:00,-0.5352240544062092
2022-01-09 16:00:00,-0.1361525105534718
2022-01-09 20:00:00,0.9031381554240254
2022-01-10 00:00:00,-0.11502676342687054
2022-01-10 04:00:00,-0.6768335305087286
2022-01-10 08:00:00,-0.6227447182372445
2022-01-10 12:00:00,0.13839448997193973
2022-01-10 16:00:00,0.9453479934933761
2022-01-10 20:00:00,0.5094841076720457
2022-01-11 00:00:00,-0.5732560835411775
2022-01-11 04:00:00,-0.5668164439393258
2022-01-11 08:00:00,-0.6369222108449661
2022-01-11 12:00:00,-0.09126776216618851
2022-01-11 16:00:00,0.8959747593641771
2022-01-11 20:00:00,0.9177249202598426
2022-01-12 00:00:00,-0.738824445688073
2022-01-12 04:00:00,-0.7193593155353363
2022-01-12 08:00:00,-0.5849980581558493
2022-01-12 12:00:00,0.2056585679075755
2022-01-12 16:00:00,0.9312616638673643
2022-01-12 20:00:00,-0.3294599142539404
2022-01-13 00:00:00,-0.4716714833902484
2022-01-13 04:00:00,-0.6410959187341784
2022-01-13 08:00:00,-0.6031197759926841
2022-01-13 12:00:00,0.5924534570836625
2022-01-13 16:00:00,0.9424481030584282
2022-01-13 20:00:00,0.4112530040853866
2022-01-14 00:00:00,-0.455608599590778
2022-01-14 04:00:00,-0.6404760558099432
2022-01-14 08:00:00,-0.6486900653172989
2022-01-14 12:00:00,0.77692887242308
2022-01-14 16:00:00,0.8979754024679986
2022-01-14 20:00:00,-0.4089937151340435
2022-01-15 00:00:00,-0.7491852571565891
2022-01-15 04:00:00,-0.7261613602273244
2022-01-15 08:00:00,-0.5324427344498489
2022-01-15 12:00:00,-0.3997129134895326
2022-01-15 16:00:00,0.9430852680633527
2022-01-15 20:00:00,0.44242783225088306
2022-01-16 00:00:00,0.19734153760413567
2022-01-16 04:00:00,-0.7331200949509258
2022-01-16 08:00:00,-0.7971724719760012
2022-01-16 12:00:00,0.41652446046369
2022-01-16 16:00:00,0.886677674782261
2022-01-16 20:00:00,-0.1965282434707482
2022-01-17 00:00:00,-0.635177165030336
2022-01-17 04:00:00,-0.4241680869724631
2022-01-17 08:00:00,0.39203916454598003
2022-01-17 12:00:00,-0.06061427168512853
2022-01-17 16:00:00,0.7218045688187168
2022-01-17 20:00:00,0.9298591727626775
2022-01-18 00:00:00,0.043575538542486046
2022-01-18 04:00:00,-0.5163115604260684
2022-01-18 08:00:00,-0.6007234577927291
2022-01-18 12:00:00,0.5116447868709129
2022-01-18 16:00:00,0.870225411190151
2022-01-18 20:00:00,-0.568147924315616
2022-01-19 00:00:00,-0.22576670119931336
2022-01-19 04:00:00,-0.4224618195026914
2022-01-19 08:00:00,-0.1712585813915077
2022-01-19 12:00:00,0.9343542091412766
2022-01-19 16:00:00,0.8803052187483738
2022-01-19 20:00:00,-0.09580976718919086
2022-01-20 00:00:00,-0.8841647590305454
2022-01-20 04:00:00,-0.7953966656350383
2022-01-20 08:00:00,-0.5965124435834879
2022-01-20 12:00:00,-0.32267278839685665
2022-01-20 16:00:00,0.9448472103612364
2022-01-20 20:00:00,0.29948157935727093
2022-01-21 00:00:00,0.8805338865917842
2022-01-21 04:00:00,0.8722630342044501
2022-01-21 08:00:00,-0.5946949219008041
2022-01-21 12:00:00,-0.6866162360653875
2022-01-21 16:00:00,0.5038535338580935
2022-01-21 20:00:00,-0.49699672931312067
2022-01-22 00:00:00,0.9084116269931386
2022-01-22 04:00:00,-0.3467073803972787
2022-01-22 08:00:00,-0.2662756759921875
2022-01-22 12:00:00,0.7401765349958926
2022-01-22 16:00:00,-0.5765208468577923
2022-01-22 20:00:00,-0.33709805401011234
2022-01-23 00:00:00,-0.7391254559673296
2022-01-23 04:00:00,-0.787891640903542
2022-01-23 08:00:00,-0.5682834593398561
2022-01-23 12:00:00,0.20314079579481445
2022-01-23 16:00:00,-0.22739627809604182
2022-01-23 20:00:00,-0.38466737286080327
2022-01-24 00:00:00,0.7311282418388091
2022-01-24 04:00:00,-0.5989624373373021
2022-01-24 08:00:00,-0.7607785297294354
2022-01-24 12:00:00,0.9429181796991746
2022-01-24 16:00:00,0.7860974825321152
2022-01-24 20:00:00,0.5156372707428662
2022-01-25 00:00:00,-0.615426871369338
2022-01-25 04:00:00,-0.8833954049226239
2022-01-25 08:00:00,-0.7230696431580186
2022-01-25 12:00:00,-0.3709991271344082
2022-01-25 16:00:00,0.8723481288137079
2022-01-25 20:00:00,0.4215295475185134
2022-01-26 00:00:00,-0.6816021773893892
2022-01-26 04:00:00,-0.671879259263881
2022-01-26 08:00:00,-0.27952255921595237
2022-01-26 12:00:00,0.5314860545259672
2022-01-26 16:00:00,0.9062559130602494
2022-01-26 20:00:00,0.9286310173609252
2022-01-27 00:00:00,0.1977784433775779
2022-01-27 04:00:00,-0.5459297545121136
2022-01-27 08:00:00,-0.8014748046562757
2022-01-27 12:00:00,-0.6782003466904934
2022-01-27 16:00:00,-0.20605443032252507
2022-01-27 20:00:00,-0.32023740659439354
2022-01-28 00:00:00,0.8620428840394854
2022-01-28 04:00:00,-0.5443867289906827
2022-01-28 08:00:00,-0.8058524438707969
2022-01-28 12:00:00,-0.528146536480325
2022-01-28 16:00:00,0.8014913935001976
2022-01-28 20:00:00,-0.6528666217411665
2022-01-29 00:00:00,-0.538995366302248
2022-01-29 04:00:00,-0.7845572997646131
2022-01-29 08:00:00,-0.7114217310899376
2022-01-29 12:00:00,-0.7880710671908243
2022-01-29 16:00:00,0.8761742961242884
2022-01-29 20:00:00,-0.23834129849871422
2022-01-30 00:00:00,0.7110009877547302
2022-01-30 04:00:00,-0.6136105463744252
2022-01-30 08:00:00,-0.761180527718898
2022-01-30 12:00:00,0.22866699398469545
2022-01-30 16:00:00,-0.3300376328030471
2022-01-30 20:00:00,0.2879426363765758
2022-01-31 00:00:00,0.7384729478281769
2022-01-31 04:00:00,0.931911384295017
2022-01-31 08:00:00,-0.6926447909617088
2022-01-31 12:00:00,-0.29988567526697807
2022-01-31 16:00:00,0.8927042435564853
2022-01-31 20:00:00,0.7995565353066456
2022-02-01 00:00:00,-0.5732066474819262
2022-02-01 04:00:00,-0.6674774063078751
2022-02-01 08:00:00,-0.6673184355630482
2022-02-01 12:00:00,0.7270765710163478
2022-02-01 16:00:00,0.8518629898681139
2022-02-01 20:00:00,0.39927961912100446
2022-02-02 00:00:00,-0.7793469125507666
2022-02-02 04:00:00,-0.8036159770269732
2022-02-02 08:00:00,-0.545857605249075
2022-02-02 12:00:00,-0.4669973804415725
2022-02-02 16:00:00,0.9451350612531197
2022-02-02 20:00:00,0.40629435896735705
2022-02-03 00:00:00,0.3544378203876497
2022-02-03 04:00:00,-0.6702757097230468
2022-02-03 08:00:00,-0.7534754710439132
2022-02-03 12:00:00,0.4682808969637554
2022-02-03 16:00:00,0.665865557201687
2022-02-03 20:00:00,-0.4966694187334845
2022-02-04 00:00:00,-0.20145371353145117
2022-02-04 04:00:00,-0.7146330973325087
2022-02-04 08:00:00,0.7037601675298275
2022-02-04 12:00:00,0.10379348684142993
2022-02-04 16:00:00,0.9421900927567851
2022-02-04 20:00:00,0.5782250786446087
2022-02-05 00:00:00,-0.5176343360828679
2022-02-05 04:00:00,-0.579478487447776
2022-02-05 08:00:00,-0.7634161637396593
2022-02-05 12:00:00,-0.6074040471555879
2022-02-05 16:00:00,-0.04486950838995189
2022-02-05 20:00:00,0.483719733558167
2022-02-06 00:00:00,-0.8711832897042483
2022-02-06 04:00:00,-0.8357741956132821
2022-02-06 08:00:00,-0.6111365489488801
2022-02-06 12:00:00,-0.48675505957705195
2022-02-06 16:00:00,0.9445609830401474
2022-02-06 20:00:00,-0.2385828424735922
2022-02-07 00:00:00,0.5359285065194787
2022-02-07 04:00:00,0.797816591955751
2022-02-07 08:00:00,-0.4283478374850431
2022-02-07 12:00:00,-0.15405870542478067
2022-02-07 16:00:00,0.8921499270743529
2022-02-07 20:00:00,0.7898943287475834
2022-02-08 00:00:00,-0.5777309757978205
2022-02-08 04:00:00,-0.6648572276529332
2022-02-08 08:00:00,0.5152356028062626
2022-02-08 12:00:00,0.7518099394760751
2022-02-08 16:00:00,0.5661695123649816
2022-02-08 20:00:00,-0.19208926403545298
2022-02-09 00:00:00,-0.8642593461242
2022-02-09 04:00:00,-0.8423373375429077
2022-02-09 08:00:00,-0.8167830743212298
2022-02-09 12:00:00,-0.4944576004495763
2022-02-09 16:00:00,0.7926717448893041
2022-02-09 20:00:00,0.1821544894391514
2022-02-10 00:00:00,-0.7654761653477494
2022-02-10 04:00:00,-0.50637477043957
2022-02-10 08:00:00,-0.768689683045482
2022-02-10 12:00:00,0.8797387350467017
2022-02-10 16:00:00,0.9427077685382188
2022-02-10 20:00:00,0.2679097813960429
2022-02-11 00:00:00,-0.3769381156519269
2022-02-11 04:00:00,-0.4306805048485972
2022-02-11 08:00:00,-0.7613313604343828
2022-02-11 12:00:00,-0.5720873722574533
2022-02-11 16:00:00,0.4120959979761049
2022-02-11 20:00:00,0.8437810326904714
2022-02-12 00:00:00,0.020011435299128376
2022-02-12 04:00:00,-0.8691577577688981
2022-02-12 08:00:00,-0.6402216914851564
2022-02-12 12:00:00,-0.46520283260115924
2022-02-12 16:00:00,0.13261556907330774
2022-02-12 20:00:00,0.884253941865487
2022-02-13 00:00:00,-0.19837703186953937
2022-02-13 04:00:00,-0.9066428025461872
2022-02-13 08:00:00,-0.8309344824101484
2022-02-13 12:00:00,-0.42750006017577613
2022-02-13 16:00:00,0.648871733696332
2022-02-13 20:00:00,0.8767481941615854
2022-02-14 00:00:00,-0.20290202591639744
2022-02-14 04:00:00,0.7266177495485278
2022-02-14 08:00:00,-0.560858593030284
2022-02-14 12:00:00,0.3813215005949242
2022-02-14 16:00:00,0.9315641410491216
2022-02-14 20:00:00,0.682895848786445
2022-02-15 00:00:00,-0.6418129408784721
2022-02-15 04:00:00,0.14700741944593876
2022-02-15 08:00:00,-0.7913207087167063
2022-02-15 12:00:00,0.7699326809123191
2022-02-15 16:00:00,0.3871105311051029
2022-02-15 20:00:00,-0.6241072145264839
2022-02-16 00:00:00,-0.5113482730330142
2022-02-16 04:00:00,-0.6823649164760142
2022-02-16 08:00:00,-0.6675517052941545
2022-02-16 12:00:00,-0.7139341843118933
2022-02-16 16:00:00,0.9357415434799785
2022-02-16 20:00:00,0.6063542852989574
2022-02-17 00:00:00,-0.7406089126612615
2022-02-17 04:00:00,-0.568527828551193
2022-02-17 08:00:00,-0.39629487625127385
2022-02-17 12:00:00,0.8614039652658101
2022-02-17 16:00:00,0.9276625530179804
2022-02-17 20:00:00,0.6888225548796622
2022-02-18 00:00:00,-0.06613854073665132
2022-02-18 04:00:00,-0.8567228427703807
2022-02-18 08:00:00,-0.8417048739843112
2022-02-18 12:00:00,-0.3016756052137298
2022-02-18 16:00:00,0.9252214872078626
2022-02-18 20:00:00,0.4668809747858622
2022-02-19 00:00:00,-0.6410991642323762
2022-02-19 04:00:00,-0.7370884872504996
2022-02-19 08:00:00,-0.6523833801301552
2022-02-19 12:00:00,-0.01920378992211735
2022-02-19 16:00:00,0.6422821425493885
2022-02-19 20:00:00,0.24432639196957345
2022-02-20 00:00:00,-0.8338199958404048
2022-02-20 04:00:00,-0.6680372361670719
2022-02-20 08:00:00,0.934334342704095
2022-02-20 12:00:00,0.7643494787697194
2022-02-20 16:00:00,-0.06628235869333807
2022-02-20 20:00:00,-0.7003754601260559
2022-02-21 00:00:00,-0.3582422343189205
2022-02-21 04:00:00,0.43082005726481964
2022-02-21 08:00:00,-0.4489048422929968
2022-02-21 12:00:00,0.9147993172447947
2022-02-21 16:00:00,0.9239261451422257
2022-02-21 20:00:00,0.4713341511712784
2022-02-22 00:00:00,0.10216540871679193
2022-02-22 04:00:00,-0.6599089902784228
2022-02-22 08:00:00,-0.8241181503927046
2022-02-22 12:00:00,-0.7045867680741569
2022-02-22 16:00:00,0.5878231527455344
2022-02-22 20:00:00,-0.2052140706084632
2022-02-23 00:00:00,-0.888471481780923
2022-02-23 04:00:00,-0.7641644078084923
2022-02-23 08:00:00,-0.6897203857386023
2022-02-23 12:00:00,0.7725731638511385
2022-02-23 16:00:00,0.7401686280477869
2022-02-23 20:00:00,0.7844362677964924
2022-02-24 00:00:00,-0.19442920876573258
2022-02-24 04:00:00,0.9418795172258856
2022-02-24 08:00:00,0.8494856478853843
2022-02-24 12:00:00,0.22788245362215487
2022-02-24 16:00:00,0.07481537786183355
2022-02-24 20:00:00,-0.5295682639491096
2022-02-25 00:00:00,-0.0020554483449472835
2022-02-25 04:00:00,-0.9407323990850018
2022-02-25 08:00:00,-0.8337239183427327
2022-02-25 12:00:00,-0.44699494453258026
2022-02-25 16:00:00,0.64873809921603
2022-02-25 20:00:00,-0.3184642024889981
2022-02-26 00:00:00,-0.6904704205979801
2022-02-26 04:00:00,-0.5145676219708138
2022-02-26 08:00:00,-0.7391505198792994
2022-02-26 12:00:00,0.0696823070997358
2022-02-26 16:00:00,-0.5932583492804037
2022-02-26 20:00:00,-0.6589597575067947
2022-02-27 00:00:00,-0.4273866841464641
2022-02-27 04:00:00,0.6423764055157485
2022-02-27 08:00:00,-0.8641996392210028
2022-02-27 12:00:00,0.826452005720772
2022-02-27 16:00:00,0.9308433729620708
2022-02-27 20:00:00,0.33511759938908936
2022-02-28 00:00:00,0.781074110301307
2022-02-28 04:00:00,-0.6192770590299094
2022-02-28 08:00:00,-0.6991676189355517
2022-02-28 12:00:00,-0.6438866831659389
2022-02-28 16:00:00,0.9256569039439648
2022-02-28 20:00:00,0.44638408794919265
2022-03-01 00:00:00,0.5428870649040667
2022-03-01 04:00:00,-0.6662331292003087
2022-03-01 08:00:00,-0.8502548561435632
2022-03-01 12:00:00,-0.30963123116258096
2022-03-01 16:00:00,0.8534184766631187
2022-03-01 20:00:00,-0.30032209233126783
2022-03-02 00:00:00,-0.5787136833456158
2022-03-02 04:00:00,-0.42581811738707953
2022-03-02 08:00:00,-0.5343283422987508
2022-03-02 12:00:00,-0.1935657499854019
2022-03-02 16:00:00,0.9438782833724297
2022-03-02 20:00:00,-0.3215405140014551
2022-03-03 00:00:00,-0.6312026273903986
2022-03-03 04:00:00,-0.44770614310235546
2022-03-03 08:00:00,-0.4483916198400385
2022-03-03 12:00:00,-0.2800236831480592
2022-03-03 16:00:00,0.9417395761647087
2022-03-03 20:00:00,0.47860618693162965
2022-03-04 00:00:00,-0.39044367030461213
2022-03-04 04:00:00,0.15644816116725588
2022-03-04 08:00:00,-0.8440731212753438
2022-03-04 12:00:00,0.4548882230023531
2022-03-04 16:00:00,0.8899590430759845
2022-03-04 20:00:00,0.19370533614590563
2022-03-05 00:00:00,0.5189591860874531
2022-03-05 04:00:00,-0.8947328478274668
2022-03-05 08:00:00,-0.8472924865448207
2022-03-05 12:00:00,-0.6231188617935919
2022-03-05 16:00:00,-0.5513162632088876
2022-03-05 20:00:00,0.2299256292402985
2022-03-06 00:00:00,-0.8996898594247752
2022-03-06 04:00:00,-0.7881867893510125
2022-03-06 08:00:00,0.8377041014494278
2022-03-06 12:00:00,0.9264199948631932
2022-03-06 16:00:00,0.5319116623263314
2022-03-06 20:00:00,-0.19038591668350158
2022-03-07 00:00:00,-0.09200631026270528
2022-03-07 04:00:00,0.7634240942761358
2022-03-07 08:00:00,-0.7736154856580306
2022-03-07 12:00:00,0.04066526419978866
2022-03-07 16:00:00,0.892291371605709
2022-03-07 20:00:00,0.8646234926717531
2022-03-08 00:00:00,0.13869886661903563
2022-03-08 04:00:00,-0.7266427422225968
2022-03-08 08:00:00,-0.7593659326350295
2022-03-08 12:00:00,-0.4228969674158843
2022-03-08 16:00:00,0.8867678818426201
2022-03-08 20:00:00,0.8483596227254526
2022-03-09 00:00:00,-0.8525842971333559
2022-03-09 04:00:00,0.6549805394936945
2022-03-09 08:00:00,0.00913597394285706
2022-03-09 12:00:00,0.058596045733923026
2022-03-09 16:00:00,0.4884973309517491
2022-03-09 20:00:00,-0.9132628957096515
2022-03-10 00:00:00,-0.8978519661253092
2022-03-10 04:00:00,0.4186912613784746
2022-03-10 08:00:00,0.8495913758655844
2022-03-10 12:00:00,-0.2900351511251957
2022-03-10 16:00:00,0.8712636709626782
2022-03-10 20:00:00,-0.7268188650225844
2022-03-11 00:00:00,-0.7673886554242267
2022-03-11 04:00:00,-0.13177376856129755
2022-03-11 08:00:00,-0.3237637314681584
2022-03-11 12:00:00,0.8854185278730702
2022-03-11 16:00:00,0.8740448813823932
2022-03-11 20:00:00,-0.7102932873540344
2022-03-12 00:00:00,-0.7508344014894022
2022-03-12 04:00:00,-0.790413565981723
2022-03-12 08:00:00,-0.6931720704340075
2022-03-12 12:00:00,-0.581425172964191
2022-03-12 16:00:00,0.7120443854537473
2022-03-12 20:00:00,0.5393842778939123
2022-03-13 00:00:00,-0.7856875529469398
2022-03-13 04:00:00,-0.21217452721330243
2022-03-13 08:00:00,-0.8063322554826388
2022-03-13 12:00:00,0.8170276762714778
2022-03-13 16:00:00,0.9000058739044359
2022-03-13 20:00:00,-0.381565755371687
2022-03-14 00:00:00,0.8164283105706621
2022-03-14 04:00:00,-0.0670932072134157
2022-03-14 08:00:00,0.6712932784646095
2022-03-14 12:00:00,-0.24655124402799586
2022-03-14 16:00:00,0.640875718106186
2022-03-14 20:00:00,-0.3876028451912111
2022-03-15 00:00:00,0.4249847294691441
2022-03-15 04:00:00,-0.12235418898860387
2022-03-15 08:00:00,-0.8754895186749231
2022-03-15 12:00:00,-0.7542078729972992
2022-03-15 16:00:00,0.8751127524082127
2022-03-15 20:00:00,0.5670732442987044
2022-03-16 00:00:00,-0.26070653977139857
2022-03-16 04:00:00,0.9387420957177853
2022-03-16 08:00:00,-0.5313580112245707
2022-03-16 12:00:00,0.06984734523762355
2022-03-16 16:00:00,-0.09425276150339092
2022-03-16 20:00:00,0.8107333291720877
2022-03-17 00:00:00,-0.5821996728901214
2022-03-17 04:00:00,-0.761789252182117
2022-03-17 08:00:00,-0.46427258413558997
2022-03-17 12:00:00,-0.5359869157242354
2022-03-17 16:00:00,0.7933021516285989
2022-03-17 20:00:00,-0.6943653219860532
2022-03-18 00:00:00,-0.8122966320776679
2022-03-18 04:00:00,-0.08564171705412954
2022-03-18 08:00:00,-0.5450563172193224
2022-03-18 12:00:00,0.8736973623770344
2022-03-18 16:00:00,0.9203460029870167
2022-03-18 20:00:00,0.8679860965792467
2022-03-19 00:00:00,-0.49161872445284654
2022-03-19 04:00:00,-0.7795095071783449
2022-03-19 08:00:00,-0.7544775194417754
2022-03-19 12:00:00,-0.6608614317249714
2022-03-19 16:00:00,0.6719273344093075
2022-03-19 20:00:00,0.46290263811305277
2022-03-20 00:00:00,0.7210302485409821
2022-03-20 04:00:00,-0.028576253941975507
2022-03-20 08:00:00,-0.9112885514400868
2022-03-20 12:00:00,0.10763605904752765
2022-03-20 16:00:00,0.8636469410322213
2022-03-20 20:00:00,0.7054465554427553
2022-03-21 00:00:00,-0.13306141839171914
2022-03-21 04:00:00,0.7139388994858797
2022-03-21 08:00:00,-0.8086085805649237
2022-03-21 12:00:00,-0.5644196382883503
2022-03-21 16:00:00,0.9304773079196728
2022-03-21 20:00:00,0.1199276556174143
2022-03-22 00:00:00,-0.6574097140475429
2022-03-22 04:00:00,0.7785900248491398
2022-03-22 08:00:00,0.8560301709335904
2022-03-22 12:00:00,-0.22486062897501982
2022-03-22 16:00:00,-0.15428642761493108
2022-03-22 20:00:00,-0.8471794597435951
2022-03-23 00:00:00,-0.7013998473962325
2022-03-23 04:00:00,-0.2359452124069919
2022-03-23 08:00:00,-0.2873601125615637
2022-03-23 12:00:00,-0.03396786341394392
2022-03-23 16:00:00,0.9379181833052617
2022-03-23 20:00:00,0.1172439517296184
2022-03-24 00:00:00,-0.6892680947399117
2022-03-24 04:00:00,0.32739894660966806
2022-03-24 08:00:00,-0.20400142980456773
2022-03-24 12:00:00,-0.022341494442618293
2022-03-24 16:00:00,0.9385076278931525
2022-03-24 20:00:00,-0.17195792754573958
2022-03-25 00:00:00,-0.7660864163044359
2022-03-25 04:00:00,-0.3232026915361808
2022-03-25 08:00:00,-0.5594474825101136
2022-03-25 12:00:00,0.8302728557268896
2022-03-25 16:00:00,0.9149238519762611
2022-03-25 20:00:00,0.05625718069553727
2022-03-26 00:00:00,-0.7962028525541193
2022-03-26 04:00:00,-0.7369246578929891
2022-03-26 08:00:00,-0.6360992824619928
2022-03-26 12:00:00,-0.5717936336512371
2022-03-26 16:00:00,0.8399182811863007
2022-03-26 20:00:00,-0.013401467227631908
2022-03-27 00:00:00,0.9005881858223705
2022-03-27 04:00:00,0.40794172598991474
2022-03-27 08:00:00,-0.892356192143995
2022-03-27 12:00:00,-0.6421498286113083
2022-03-27 16:00:00,0.7710271258979242
2022-03-27 20:00:00,0.5761151309087685
2022-03-28 00:00:00,0.9412317332352778
2022-03-28 04:00:00,0.12004266727636316
2022-03-28 08:00:00,-0.23560566371678793
2022-03-28 12:00:00,-0.5590606094041473
2022-03-28 16:00:00,0.00803104639471896
2022-03-28 20:00:00,0.1175294056103406
2022-03-29 00:00:00,-0.34165621992882644
2022-03-29 04:00:00,-0.8131582071521769
2022-03-29 08:00:00,-0.8161594123339778
2022-03-29 12:00:00,-0.41511534501450603
2022-03-29 16:00:00,0.8925784249704408
2022-03-29 20:00:00,0.621260228413326
2022-03-30 00:00:00,-0.4908341141179241
2022-03-30 04:00:00,0.32121204179348234
2022-03-30 08:00:00,-0.8313424897263962
2022-03-30 12:00:00,-0.46677874926249535
2022-03-30 16:00:00,0.5717575841361703
2022-03-30 20:00:00,0.7931003835498609
2022-03-31 00:00:00,-0.5634506605009911
2022-03-31 04:00:00,-0.8108577512151847
2022-03-31 08:00:00,-0.6783544424367124
2022-03-31 12:00:00,-0.19566496635287398
2022-03-31 16:00:00,0.9444802599005392
2022-03-31 20:00:00,0.67641087983489
2022-04-01 00:00:00,-0.4789723232016108
2022-04-01 04:00:00,0.569126297162445
2022-04-01 08:00:00,-0.7531561201016297
2022-04-01 12:00:00,-0.5361351324468636
2022-04-01 16:00:00,0.8706987849779588
2022-04-01 20:00:00,-0.4856346627143619
2022-04-02 00:00:00,-0.7618641747070551
2022-04-02 04:00:00,0.014174999792914504
2022-04-02 08:00:00,-0.7173739241489969
2022-04-02 12:00:00,-0.5850784804797461
2022-04-02 16:00:00,0.792901632510092
2022-04-02 20:00:00,0.4582068065080628
2022-04-03 00:00:00,-0.3608847923090371
2022-04-03 04:00:00,-0.393262157948013
2022-04-03 08:00:00,-0.7085820072697352
2022-04-03 12:00:00,-0.7115008064284315
2022-04-03 16:00:00,0.8707680044718975
2022-04-03 20:00:00,0.224006835962295
2022-04-04 00:00:00,0.9353270200478545
2022-04-04 04:00:00,0.2720170871682718
2022-04-04 08:00:00,-0.7560581187107971
2022-04-04 12:00:00,-0.2343556935880771
2022-04-04 16:00:00,0.5256318020937468
2022-04-04 20:00:00,0.6889676308912326
2022-04-05 00:00:00,0.7968765276533782
2022-04-05 04:00:00,-0.8835933648266685
2022-04-05 08:00:00,-0.8179690328334037
2022-04-05 12:00:00,-0.5779972991243477
2022-04-05 16:00:00,0.9147404376120934
2022-04-05 20:00:00,0.24488864602706578
2022-04-06 00:00:00,-0.39484670772632574
2022-04-06 04:00:00,0.22084459820862157
2022-04-06 08:00:00,-0.762497826798145
2022-04-06 12:00:00,0.29711416948823205
2022-04-06 16:00:00,0.9179437968553943
2022-04-06 20:00:00,0.788479074995701
2022-04-07 00:00:00,-0.643109599644584
2022-04-07 04:00:00,-0.45651061008443794
2022-04-07 08:00:00,-0.7646225071454315
2022-04-07 12:00:00,-0.4322714270941591
2022-04-07 16:00:00,0.8306523310280962
2022-04-07 20:00:00,-0.3190761324970728
2022-04-08 00:00:00,-0.7554278527592913
2022-04-08 04:00:00,-0.7567656236151149
2022-04-08 08:00:00,-0.49783739837957147
2022-04-08 12:00:00,0.8520818102999613
2022-04-08 16:00:00,0.9347271936803961
2022-04-08 20:00:00,0.7499412184263324
2022-04-09 00:00:00,-0.5118761181423545
2022-04-09 04:00:00,-0.7864508234973212
2022-04-09 08:00:00,-0.7762883431305072
2022-04-09 12:00:00,-0.6702103331008953
2022-04-09 16:00:00,-0.17542110966901237
2022-04-09 20:00:00,0.0738181579689515
2022-04-10 00:00:00,-0.2667435628018854
2022-04-10 04:00:00,-0.673995463576
2022-04-10 08:00:00,-0.8324617365273997
2022-04-10 12:00:00,0.1289025677838985
2022-04-10 16:00:00,0.9129421464839583
2022-04-10 20:00:00,0.920506810320551
2022-04-11 00:00:00,0.9300108200856269
2022-04-11 04:00:00,0.6644351839350466
2022-04-11 08:00:00,-0.7104111421950706
2022-04-11 12:00:00,0.8820337495510345
2022-04-11 16:00:00,0.46054991844465565
2022-04-11 20:00:00,0.6565652848516907
2022-04-12 00:00:00,0.5180663029799679
2022-04-12 04:00:00,-0.9236770834570499
2022-04-12 08:00:00,-0.7461897432618769
2022-04-12 12:00:00,-0.7671578878239951
2022-04-12 16:00:00,0.8694587833362935
2022-04-12 20:00:00,-0.04343629638625489
2022-04-13 00:00:00,-0.527585289489039
2022-04-13 04:00:00,-0.6749470213416524
2022-04-13 08:00:00,-0.7294700167188597
2022-04-13 12:00:00,-0.3293614121647305
2022-04-13 16:00:00,0.9411777361607488
2022-04-13 20:00:00,0.15292975778318693
2022-04-14 00:00:00,-0.5775378350358499
2022-04-14 04:00:00,-0.5845452169479929
2022-04-14 08:00:00,-0.6364908335826173
2022-04-14 12:00:00,0.10342558531419976
2022-04-14 16:00:00,0.9417436057231005
2022-04-14 20:00:00,0.2796692229887271
2022-04-15 00:00:00,-0.6702679880036096
2022-04-15 04:00:00,-0.6094527607894543
2022-04-15 08:00:00,-0.4700128921377902
2022-04-15 12:00:00,-0.15238363744348374
2022-04-15 16:00:00,0.9328921173237275
2022-04-15 20:00:00,-0.5319812474031356
2022-04-16 00:00:00,-0.8667343919109212
2022-04-16 04:00:00,-0.642188877312295
2022-04-16 08:00:00,-0.5908239998105458
2022-04-16 12:00:00,0.09304081386160783
2022-04-16 16:00:00,0.9369751827863222
2022-04-16 20:00:00,-0.45621274251347943
2022-04-17 00:00:00,0.12874932366075797
2022-04-17 04:00:00,-0.6303903900020069
2022-04-17 08:00:00,-0.7650679516367107
2022-04-17 12:00:00,-0.05170089247549955
2022-04-17 16:00:00,0.89430859067387
2022-04-17 20:00:00,0.8979977997905857
2022-04-18 00:00:00,0.848360516840799
2022-04-18 04:00:00,-0.3416497954824501
2022-04-18 08:00:00,0.9264354900624245
2022-04-18 12:00:00,-0.5047516984053236
2022-04-18 16:00:00,0.6835177584099269
2022-04-18 20:00:00,0.8904479919688596
2022-04-19 00:00:00,-0.686469058271346
2022-04-19 04:00:00,-0.5401644884200195
2022-04-19 08:00:00,-0.7324254929331001
2022-04-19 12:00:00,-0.46012433526342345
2022-04-19 16:00:00,0.9369109815943387
2022-04-19 20:00:00,-0.26421832137817597
2022-04-20 00:00:00,-0.5681013043800549
2022-04-20 04:00:00,-0.5754465452201644
2022-04-20 08:00:00,-0.3654207101293662
2022-04-20 12:00:00,0.92944634395926
2022-04-20 16:00:00,0.8982650528219174
2022-04-20 20:00:00,0.06210638547713466
2022-04-21 00:00:00,-0.7353071149935122
2022-04-21 04:00:00,-0.7500581815179115
2022-04-21 08:00:00,-0.4469932650206658
2022-04-21 12:00:00,0.9257450213260071
2022-04-21 16:00:00,0.8413571339250405
2022-04-21 20:00:00,0.4482060515224709
2022-04-22 00:00:00,0.5327402075703901
2022-04-22 04:00:00,-0.9294044846168402
2022-04-22 08:00:00,-0.8152389724546066
2022-04-22 12:00:00,-0.5679289026378389
2022-04-22 16:00:00,0.8467334044519181
2022-04-22 20:00:00,0.2089754060066554
2022-04-23 00:00:00,-0.7606689211440775
2022-04-23 04:00:00,-0.7258732381885588
2022-04-23 08:00:00,-0.6095739888938022
2022-04-23 12:00:00,-0.560937757323941
2022-04-23 16:00:00,0.4750517321461266
2022-04-23 20:00:00,0.30459132324471044
2022-04-24 00:00:00,-0.3102687957546045
2022-04-24 04:00:00,0.5543566805645249
2022-04-24 08:00:00,-0.9304057716153095
2022-04-24 12:00:00,-0.7208795815440703
2022-04-24 16:00:00,0.9319622966810782
2022-04-24 20:00:00,0.8946605278138323
2022-04-25 00:00:00,-0.3990480277888032
2022-04-25 04:00:00,0.7591677340609534
2022-04-25 08:00:00,0.7035042903663273
2022-04-25 12:00:00,0.3285285173582019
2022-04-25 16:00:00,0.8934527451792851
2022-04-25 20:00:00,0.7647815398919129
2022-04-26 00:00:00,-0.8609637038902639
2022-04-26 04:00:00,-0.7353112517208561
2022-04-26 08:00:00,-0.6573508416133793
2022-04-26 12:00:00,-0.32972249823513344
2022-04-26 16:00:00,0.9451832371023291
2022-04-26 20:00:00,0.8158712491634936
2022-04-27 00:00:00,-0.23810957463547622
2022-04-27 04:00:00,-0.7294815834172437
2022-04-27 08:00:00,-0.6996349421739647
2022-04-27 12:00:00,0.05083418561948492
2022-04-27 16:00:00,0.9216045212596611
2022-04-27 20:00:00,-0.10023093049889997
2022-04-28 00:00:00,-0.7489388182590458
2022-04-28 04:00:00,-0.5859136806119131
2022-04-28 08:00:00,-0.6330634597965538
2022-04-28 12:00:00,0.22382323334230422
2022-04-28 16:00:00,0.9431401480507539
2022-04-28 20:00:00,0.2853194139086805
2022-04-29 00:00:00,-0.514509168924114
2022-04-29 04:00:00,-0.633919686457275
2022-04-29 08:00:00,-0.6451090403541401
2022-04-29 12:00:00,0.4742934399575558
2022-04-29 16:00:00,0.9102795820737914
2022-04-29 20:00:00,0.7142677078423584
2022-04-30 00:00:00,-0.8010965387104453
2022-04-30 04:00:00,-0.7985142790292642
2022-04-30 08:00:00,-0.6752262919700172
2022-04-30 12:00:00,-0.4255293027326878
2022-04-30 16:00:00,0.9410917257230369
2022-04-30 20:00:00,0.4067748368602836
2022-05-01 00:00:00,0.8177973996127711
2022-05-01 04:00:00,0.3718344816004505
2022-05-01 08:00:00,-0.8325779127451071
2022-05-01 12:00:00,-0.8378371608868811
2022-05-01 16:00:00,0.18136471068453996
2022-05-01 20:00:00,0.762214992106732
2022-05-02 00:00:00,0.6120900479761583
2022-05-02 04:00:00,-0.21878306600405514
2022-05-02 08:00:00,-0.32724222700102035
2022-05-02 12:00:00,-0.3391794489871893
2022-05-02 16:00:00,0.9434922293244022
2022-05-02 20:00:00,0.34258675232889335
2022-05-03 00:00:00,-0.6919688329800288
2022-05-03 04:00:00,-0.6734887578115585
2022-05-03 08:00:00,-0.6824347630501805
2022-05-03 12:00:00,-0.27259801922058974
2022-05-03 16:00:00,0.9331249094349054
2022-05-03 20:00:00,0.904793704030708
2022-05-04 00:00:00,-0.4516333917051861
2022-05-04 04:00:00,-0.7175040996388359
2022-05-04 08:00:00,0.23016539909201056
2022-05-04 12:00:00,0.6181825401590306
2022-05-04 16:00:00,0.7066638626580861
2022-05-04 20:00:00,0.9330763315158268
2022-05-05 00:00:00,-0.7174210489299339
2022-05-05 04:00:00,-0.6573422708228264
2022-05-05 08:00:00,-0.5843729958125893
2022-05-05 12:00:00,-0.4281434426015776
2022-05-05 16:00:00,0.945505114720938
2022-05-05 20:00:00,0.7049003039157766
2022-05-06 00:00:00,-0.49981112550149026
2022-05-06 04:00:00,-0.6225496457908427
2022-05-06 08:00:00,-0.565030508047384
2022-05-06 12:00:00,-0.14708542081982895
2022-05-06 16:00:00,0.9410027986688274
2022-05-06 20:00:00,-0.28554656931826544
2022-05-07 00:00:00,-0.7355520228434732
2022-05-07 04:00:00,-0.6542100445669851
2022-05-07 08:00:00,-0.500265113583749
2022-05-07 12:00:00,-0.32051433633645926
2022-05-07 16:00:00,0.044974577203361746
2022-05-07 20:00:00,-0.9243180644720336
2022-05-08 00:00:00,0.9442233018555193
2022-05-08 04:00:00,0.8610972301960139
2022-05-08 08:00:00,-0.1984851618425912
2022-05-08 12:00:00,-0.548847213809072
2022-05-08 16:00:00,-0.45086046257205037
2022-05-08 20:00:00,0.7423393470945505
2022-05-09 00:00:00,-0.42248994623239006
2022-05-09 04:00:00,0.7215861337931088
2022-05-09 08:00:00,-0.6057412744603202
2022-05-09 12:00:00,0.8427640047207939
2022-05-09 16:00:00,0.8732480815672378
2022-05-09 20:00:00,0.9196945488751558
2022-05-10 00:00:00,0.08388750024453866
2022-05-10 04:00:00,-0.12950191582216058
2022-05-10 08:00:00,-0.6486135610313867
2022-05-10 12:00:00,-0.74921937893153
2022-05-10 16:00:00,0.047745511829128416
2022-05-10 20:00:00,-0.8734588386057206
2022-05-11 00:00:00,-0.556761783523378
2022-05-11 04:00:00,-0.7205690907644182
2022-05-11 08:00:00,0.45430883263808103
2022-05-11 12:00:00,0.8060294326962587
2022-05-11 16:00:00,0.940535411565986
2022-05-11 20:00:00,-0.2197651096451034
2022-05-12 00:00:00,-0.19572095779130833
2022-05-12 04:00:00,-0.5224330076792344
2022-05-12 08:00:00,0.6091974075687366
2022-05-12 12:00:00,-0.402985409047813
2022-05-12 16:00:00,-0.1638397408436891
2022-05-12 20:00:00,-0.6037124450128133
2022-05-13 00:00:00,-0.8069084410054048
2022-05-13 04:00:00,-0.3663313008880517
2022-05-13 08:00:00,-0.5932740172424026
2022-05-13 12:00:00,-0.6983421432721788
2022-05-13 16:00:00,0.44968287716795297
2022-05-13 20:00:00,0.5380448505458604
2022-05-14 00:00:00,-0.8953935080744002
2022-05-14 04:00:00,-0.7764915984631876
2022-05-14 08:00:00,-0.7368255836445237
2022-05-14 12:00:00,-0.019542148835462445
2022-05-14 16:00:00,0.6778755493955757
2022-05-14 20:00:00,0.8759773895384159
2022-05-15 00:00:00,-0.36514454782958083
2022-05-15 04:00:00,-0.8252926649456319
2022-05-15 08:00:00,-0.7306827597278925
2022-05-15 12:00:00,-0.1321325968843854
2022-05-15 16:00:00,0.9109047489325159
2022-05-15 20:00:00,-0.12774857620448135
2022-05-16 00:00:00,0.8852115140083281
2022-05-16 04:00:00,-0.06314121574732831
2022-05-16 08:00:00,0.7995022943773097
2022-05-16 12:00:00,0.41158817198506176
2022-05-16 16:00:00,0.9229036961489726
2022-05-16 20:00:00,-0.06933060814893428
2022-05-17 00:00:00,-0.8677625614431635
2022-05-17 04:00:00,-0.71301061685762
2022-05-17 08:00:00,-0.7115491295897926
2022-05-17 12:00:00,-0.20122978242744363
2022-05-17 16:00:00,0.9386772268421858
2022-05-17 20:00:00,0.8452555215259661
2022-05-18 00:00:00,-0.6201164380659026
2022-05-18 04:00:00,-0.5592193756603614
2022-05-18 08:00:00,-0.5795968602810908
2022-05-18 12:00:00,-0.453911861887098
2022-05-18 16:00:00,0.9440872119969027
2022-05-18 20:00:00,0.5919819751199683
2022-05-19 00:00:00,-0.47143574088858414
2022-05-19 04:00:00,-0.467436998658417
2022-05-19 08:00:00,-0.765636481207892
2022-05-19 12:00:00,0.1568324382653104
2022-05-19 16:00:00,0.9418595503466575
2022-05-19 20:00:00,0.1020663883873518
2022-05-20 00:00:00,-0.6351887965904605
2022-05-20 04:00:00,-0.504968748936392
2022-05-20 08:00:00,-0.5469215213528523
2022-05-20 12:00:00,-0.3153720496621306
2022-05-20 16:00:00,0.9439114270954527
2022-05-20 20:00:00,0.6524651378491364
2022-05-21 00:00:00,-0.7678135981104917
2022-05-21 04:00:00,-0.7360339098357255
2022-05-21 08:00:00,-0.6606298130109325
2022-05-21 12:00:00,-0.45160657831223966
2022-05-21 16:00:00,0.8296220670582881
2022-05-21 20:00:00,0.27042806445328427
2022-05-22 00:00:00,-0.8756207861848665
2022-05-22 04:00:00,-0.6717575090041956
2022-05-22 08:00:00,-0.6551589572675177
2022-05-22 12:00:00,0.9426835935698895
2022-05-22 16:00:00,0.41938343205281936
2022-05-22 20:00:00,-0.2173191640337934
2022-05-23 00:00:00,-0.21272827985045006
2022-05-23 04:00:00,-0.6753463634694257
2022-05-23 08:00:00,0.6550041477870803
2022-05-23 12:00:00,0.7761556088080503
2022-05-23 16:00:00,0.9367912281912327
2022-05-23 20:00:00,0.8259430533605369
2022-05-24 00:00:00,0.22361653002171047
2022-05-24 04:00:00,-0.8547399551545203
2022-05-24 08:00:00,-0.7857422055590175
2022-05-24 12:00:00,-0.49720721327990075
2022-05-24 16:00:00,0.9158425768819657
2022-05-24 20:00:00,0.35372303682326106
2022-05-25 00:00:00,-0.4966016589350751
2022-05-25 04:00:00,-0.38549596839371364
2022-05-25 08:00:00,-0.5140910206272176
2022-05-25 12:00:00,0.4934100708689556
2022-05-25 16:00:00,0.9079575579779567
2022-05-25 20:00:00,0.7962246488525512
2022-05-26 00:00:00,-0.8875898427540831
2022-05-26 04:00:00,-0.7465481262560925
2022-05-26 08:00:00,-0.4065977331385922
2022-05-26 12:00:00,0.8975886705295454
2022-05-26 16:00:00,0.927090664238225
2022-05-26 20:00:00,-0.2971788960836489
2022-05-27 00:00:00,-0.6241016666265964
2022-05-27 04:00:00,-0.4553140381417397
2022-05-27 08:00:00,-0.02064748658726498
2022-05-27 12:00:00,-0.5061614647070352
2022-05-27 16:00:00,0.7753910277272507
2022-05-27 20:00:00,0.5913801951861378
2022-05-28 00:00:00,-0.8488852858828262
2022-05-28 04:00:00,-0.6220628991265271
2022-05-28 08:00:00,-0.7738991769577486
2022-05-28 12:00:00,-0.6461766466612023
2022-05-28 16:00:00,0.50148583482902
2022-05-28 20:00:00,-0.621721182206161
2022-05-29 00:00:00,-0.8366295145461009
2022-05-29 04:00:00,-0.4051335054145657
2022-05-29 08:00:00,-0.6884597873126438
2022-05-29 12:00:00,0.9163021794761288
2022-05-29 16:00:00,0.841088323574749
2022-05-29 20:00:00,-0.4156210626382763
2022-05-30 00:00:00,0.14535581208981693
2022-05-30 04:00:00,0.9278737797433295
2022-05-30 08:00:00,0.7720246943368242
2022-05-30 12:00:00,-0.15329277688381598
2022-05-30 16:00:00,0.5813429042546978
2022-05-30 20:00:00,-0.8522879563061438
2022-05-31 00:00:00,0.9261489307898159
2022-05-31 04:00:00,-0.4655441847362143
2022-05-31 08:00:00,-0.6358910144149015
2022-05-31 12:00:00,-0.43437847043048866
2022-05-31 16:00:00,0.44627615359439043
2022-05-31 20:00:00,0.7048423731144328
2022-06-01 00:00:00,-0.7256333166171895
2022-06-01 04:00:00,-0.5687977730336532
2022-06-01 08:00:00,-0.5390231312763585
2022-06-01 12:00:00,-0.2629496840284229
2022-06-01 16:00:00,0.9442246291450047
2022-06-01 20:00:00,0.892373391322072
2022-06-02 00:00:00,0.06846032043465576
2022-06-02 04:00:00,-0.7469759225370608
2022-06-02 08:00:00,-0.7613069317810703
2022-06-02 12:00:00,-0.5499139603430306
2022-06-02 16:00:00,0.8420144097029274
2022-06-02 20:00:00,-0.21882322269984097
2022-06-03 00:00:00,-0.44439757393903595
2022-06-03 04:00:00,-0.572750595543636
2022-06-03 08:00:00,-0.6020943919458254
2022-06-03 12:00:00,0.9219463759450585
2022-06-03 16:00:00,0.911116124413987
2022-06-03 20:00:00,-0.49912791373391413
2022-06-04 00:00:00,-0.6520884258313018
2022-06-04 04:00:00,-0.634546909787802
2022-06-04 08:00:00,-0.602135330867882
2022-06-04 12:00:00,-0.6027694998455
2022-06-04 16:00:00,0.9085063200565261
2022-06-04 20:00:00,-0.3780697968954431
2022-06-05 00:00:00,-0.34775409776783356
2022-06-05 04:00:00,-0.6601140089910081
2022-06-05 08:00:00,-0.6661060114719917
2022-06-05 12:00:00,0.5281719885104885
2022-06-05 16:00:00,0.8517411529786213
2022-06-05 20:00:00,0.9264557542839973
2022-06-06 00:00:00,0.19231884120603326
2022-06-06 04:00:00,0.9366244046619842
2022-06-06 08:00:00,-0.025269213494093758
2022-06-06 12:00:00,-0.1770850506068486
2022-06-06 16:00:00,0.7666040950172749
2022-06-06 20:00:00,-0.40868224820755156
2022-06-07 00:00:00,-0.8047505037533945
2022-06-07 04:00:00,0.9289319088632825
2022-06-07 08:00:00,-0.5207583542286252
2022-06-07 12:00:00,-0.4265857224937871
2022-06-07 16:00:00,0.08590789501722446
2022-06-07 20:00:00,-0.019716850420591937
2022-06-08 00:00:00,0.9205533821395179
2022-06-08 04:00:00,0.3552064489974683
2022-06-08 08:00:00,-0.7168889793968285
2022-06-08 12:00:00,-0.8535399607801671
2022-06-08 16:00:00,-0.07976794982261118
2022-06-08 20:00:00,-0.5668240149368253
2022-06-09 00:00:00,-0.8182726015217389
2022-06-09 04:00:00,-0.6166373010493669
2022-06-09 08:00:00,-0.5494368017403083
2022-06-09 12:00:00,0.6755811758081559
2022-06-09 16:00:00,0.9337621685812596
2022-06-09 20:00:00,-0.12920225090070586
2022-06-10 00:00:00,-0.5753551506601423
2022-06-10 04:00:00,0.6229046399562649
2022-06-10 08:00:00,-0.7398087620337084
2022-06-10 12:00:00,0.009477213227973697
2022-06-10 16:00:00,0.9252327624715504
2022-06-10 20:00:00,0.21220909777790675
2022-06-11 00:00:00,-0.607472378444817
2022-06-11 04:00:00,-0.7020945263013815
2022-06-11 08:00:00,-0.6370269307448085
2022-06-11 12:00:00,0.8257946652692669
2022-06-11 16:00:00,0.8696524016811
2022-06-11 20:00:00,0.14227357721358067
2022-06-12 00:00:00,-0.6373585932396026
2022-06-12 04:00:00,0.6500753570996328
2022-06-12 08:00:00,-0.4401735727730901
2022-06-12 12:00:00,-0.5914423318844892
2022-06-12 16:00:00,0.8605783233970457
2022-06-12 20:00:00,-0.45139122490374317
2022-06-13 00:00:00,0.3189603131258644
2022-06-13 04:00:00,0.9321196732441696
2022-06-13 08:00:00,0.5376907167031386
2022-06-13 12:00:00,0.795722084066405
2022-06-13 16:00:00,0.7090719725016229
2022-06-13 20:00:00,-0.8538849824668329
2022-06-14 00:00:00,-0.7669762896724748
2022-06-14 04:00:00,0.6538477513170455
2022-06-14 08:00:00,0.026132840008553346
2022-06-14 12:00:00,-0.7241402989523595
2022-06-14 16:00:00,-0.2430145172797118
2022-06-14 20:00:00,-0.8170074748086547
2022-06-15 00:00:00,-0.5882508548881759
2022-06-15 04:00:00,-0.5667653447936369
2022-06-15 08:00:00,0.8622890974405886
2022-06-15 12:00:00,0.8927028859099274
2022-06-15 16:00:00,0.04510585368619205
2022-06-15 20:00:00,0.8281643248490992
2022-06-16 00:00:00,-0.8215500536350858
2022-06-16 04:00:00,-0.7623925896438977
2022-06-16 08:00:00,-0.658012012270479
2022-06-16 12:00:00,-0.10122465129959647
2022-06-16 16:00:00,0.7404253764181167
2022-06-16 20:00:00,-0.28641353066882946
2022-06-17 00:00:00,-0.2888097906688924
2022-06-17 04:00:00,-0.21225723173555705
2022-06-17 08:00:00,-0.4505170489242308
2022-06-17 12:00:00,-0.7725418349288148
2022-06-17 16:00:00,0.8893088843030467
2022-06-17 20:00:00,-0.8874988206410394
2022-06-18 00:00:00,-0.8279157065949221
2022-06-18 04:00:00,-0.3002841581339321
2022-06-18 08:00:00,0.8996806261473946
2022-06-18 12:00:00,0.8289231865482659
2022-06-18 16:00:00,-0.4334263839764452
2022-06-18 20:00:00,0.7481894087527219
2022-06-19 00:00:00,0.8604375006885918
2022-06-19 04:00:00,-0.6385429107035067
2022-06-19 08:00:00,-0.5760579899848289
2022-06-19 12:00:00,0.17586177430817707
2022-06-19 16:00:00,-0.4431961908350154
2022-06-19 20:00:00,-0.4885697713653722
2022-06-20 00:00:00,-0.4485971086888216
2022-06-20 04:00:00,-0.42452800282991116
2022-06-20 08:00:00,-0.9279973972735497
2022-06-20 12:00:00,0.8914770178111272
2022-06-20 16:00:00,0.2606227349852919
2022-06-20 20:00:00,-0.23386127821371705
2022-06-21 00:00:00,-0.7051472157528196
2022-06-21 04:00:00,-0.7093449442097733
2022-06-21 08:00:00,0.6217078236286296
2022-06-21 12:00:00,0.45690323737129185
2022-06-21 16:00:00,0.8677665310726967
2022-06-21 20:00:00,-0.7836498760373581
2022-06-22 00:00:00,-0.7919664160600298
2022-06-22 04:00:00,-0.5460517904251153
2022-06-22 08:00:00,-0.08729266394157445
2022-06-22 12:00:00,-0.2779006005607281
2022-06-22 16:00:00,0.9402541920693523
2022-06-22 20:00:00,0.2837198995509637
2022-06-23 00:00:00,-0.6831381014335504
2022-06-23 04:00:00,-0.426314278495825
2022-06-23 08:00:00,-0.7099782675877806
2022-06-23 12:00:00,0.10466974764598254
2022-06-23 16:00:00,0.8419862327574288
2022-06-23 20:00:00,-0.023302220299857557
2022-06-24 00:00:00,0.7263602581099249
2022-06-24 04:00:00,-0.9027320673137332
2022-06-24 08:00:00,-0.7657841151120851
2022-06-24 12:00:00,0.16158375783368925
2022-06-24 16:00:00,0.8934055777718521
2022-06-24 20:00:00,-0.16973065626933115
2022-06-25 00:00:00,-0.6394080059049346
2022-06-25 04:00:00,-0.7952344379373439
2022-06-25 08:00:00,-0.6245105465640062
2022-06-25 12:00:00,-0.8663824664186517
2022-06-25 16:00:00,0.8790073662024239
2022-06-25 20:00:00,-0.6167637794862741
2022-06-26 00:00:00,-0.22445605263812535
2022-06-26 04:00:00,-0.6315526987286233
2022-06-26 08:00:00,-0.6657462652517614
2022-06-26 12:00:00,0.7307863045304647
2022-06-26 16:00:00,0.9386494394904465
2022-06-26 20:00:00,-0.2590675552701447
2022-06-27 00:00:00,0.10593300147008347
2022-06-27 04:00:00,-0.45109421999426086
2022-06-27 08:00:00,-0.5900622388558308
2022-06-27 12:00:00,0.5227660752322215
2022-06-27 16:00:00,0.9422197380390325
2022-06-27 20:00:00,-0.023366494425412297
2022-06-28 00:00:00,-0.5886121560718128
2022-06-28 04:00:00,-0.35540786809906116
2022-06-28 08:00:00,-0.6256798935515469
2022-06-28 12:00:00,0.8036975049673114
2022-06-28 16:00:00,0.883074230346115
2022-06-28 20:00:00,0.685029511230134
2022-06-29 00:00:00,-0.7009266003559516
2022-06-29 04:00:00,-0.7316617298510822
2022-06-29 08:00:00,0.6617918996730425
2022-06-29 12:00:00,0.4622082783388504
2022-06-29 16:00:00,0.7911242759042731
2022-06-29 20:00:00,-0.7428203510727956
2022-06-30 00:00:00,-0.484063113984149
2022-06-30 04:00:00,-0.8285093073905135
2022-06-30 08:00:00,0.6890063958843592
2022-06-30 12:00:00,0.8915119956603932
2022-06-30 16:00:00,0.7796233201075617
2022-06-30 20:00:00,-0.516357472334152
2022-07-01 00:00:00,0.6088220594503719
2022-07-01 04:00:00,0.8886893969688677
2022-07-01 08:00:00,-0.19454247476772663
2022-07-01 12:00:00,-0.26439184225928464
2022-07-01 16:00:00,-0.28132423033724446
2022-07-01 20:00:00,-0.8653041276265958
2022-07-02 00:00:00,-0.8230972579258161
2022-07-02 04:00:00,-0.6585083723232746
2022-07-02 08:00:00,-0.7472352299851694
2022-07-02 12:00:00,-0.0862849401165991
2022-07-02 16:00:00,0.4277941778041949
2022-07-02 20:00:00,-0.6396461715393128
2022-07-03 00:00:00,-0.8526706436893196
2022-07-03 04:00:00,-0.7856097389630594
2022-07-03 08:00:00,0.9199510832263349
2022-07-03 12:00:00,-0.16717435449343507
2022-07-03 16:00:00,-0.2394777312649519
2022-07-03 20:00:00,0.1266222797837915
2022-07-04 00:00:00,0.09881784307614948
2022-07-04 04:00:00,-0.3501856863906115
2022-07-04 08:00:00,-0.8781364032895752
2022-07-04 12:00:00,0.9242039216337884
2022-07-04 16:00:00,0.8557228418561185
2022-07-04 20:00:00,-0.057445424191488875
2022-07-05 00:00:00,-0.11529356562362988
2022-07-05 04:00:00,-0.7582366545054845
2022-07-05 08:00:00,-0.6208959094917376
2022-07-05 12:00:00,0.9272468400974079
2022-07-05 16:00:00,0.8605433321243909
2022-07-05 20:00:00,0.7895722239159167
2022-07-06 00:00:00,0.11490685424595869
2022-07-06 04:00:00,-0.9016173252906079
2022-07-06 08:00:00,-0.6388097208292015
2022-07-06 12:00:00,-0.826498161589439
2022-07-06 16:00:00,0.5297301773373766
2022-07-06 20:00:00,0.10456097044712806
2022-07-07 00:00:00,-0.7480463622730487
2022-07-07 04:00:00,-0.8696018411449395
2022-07-07 08:00:00,-0.7407277860397367
2022-07-07 12:00:00,-0.2509065196097596
2022-07-07 16:00:00,0.9349487512901516
2022-07-07 20:00:00,0.8919365228832853
2022-07-08 00:00:00,-0.17445146696706193
2022-07-08 04:00:00,-0.09705943958201807
2022-07-08 08:00:00,-0.7831086788360783
2022-07-08 12:00:00,-0.16702695115998842
2022-07-08 16:00:00,0.9376337456540228
2022-07-08 20:00:00,-0.035302531562284474
2022-07-09 00:00:00,-0.6343205529320227
2022-07-09 04:00:00,-0.5915413151001963
2022-07-09 08:00:00,-0.6169156775196796
2022-07-09 12:00:00,-0.4487397964494609
2022-07-09 16:00:00,0.5585755511783325
2022-07-09 20:00:00,0.44950912341639365
2022-07-10 00:00:00,-0.8953026960171946
2022-07-10 04:00:00,0.7129769067192493
2022-07-10 08:00:00,-0.43351917611068874
2022-07-10 12:00:00,-0.19633601818171295
2022-07-10 16:00:00,0.8409040860885134
2022-07-10 20:00:00,0.03976662400945344
2022-07-11 00:00:00,-0.5289914259042445
2022-07-11 04:00:00,-0.34549781669178686
2022-07-11 08:00:00,-0.8075825099057197
2022-07-11 12:00:00,-0.7098578330533628
2022-07-11 16:00:00,0.91446702397997
2022-07-11 20:00:00,-0.26354074882872985
2022-07-12 00:00:00,0.5814921474677531
2022-07-12 04:00:00,-0.657070750079438
2022-07-12 08:00:00,0.21721809450599155
2022-07-12 12:00:00,0.5123374787423073
2022-07-12 16:00:00,0.7442440152493243
2022-07-12 20:00:00,0.4839702139311935
2022-07-13 00:00:00,-0.9065479744235672
2022-07-13 04:00:00,-0.8647301578687897
2022-07-13 08:00:00,-0.6415966682087302
2022-07-13 12:00:00,0.5719655931710297
2022-07-13 16:00:00,0.9449866380682214
2022-07-13 20:00:00,0.1432498153284051
2022-07-14 00:00:00,-0.42043378521185126
2022-07-14 04:00:00,-0.5500096587410588
2022-07-14 08:00:00,-0.5786886048091535
2022-07-14 12:00:00,-0.1466013794279822
2022-07-14 16:00:00,0.9388555133594199
2022-07-14 20:00:00,0.7180259404542217
2022-07-15 00:00:00,-0.8308573036305448
2022-07-15 04:00:00,-0.5441059783175817
2022-07-15 08:00:00,-0.5126599783856752
2022-07-15 12:00:00,0.12457533848096347
2022-07-15 16:00:00,0.8526401855111757
2022-07-15 20:00:00,-0.1772918516330182
2022-07-16 00:00:00,-0.8669657116023757
2022-07-16 04:00:00,-0.8484585339418975
2022-07-16 08:00:00,-0.6291933152122426
2022-07-16 12:00:00,-0.8089667751316568
2022-07-16 16:00:00,0.8674369893247299
2022-07-16 20:00:00,0.938319709426392
2022-07-17 00:00:00,-0.20617752396130345
2022-07-17 04:00:00,-0.3785884097115181
2022-07-17 08:00:00,-0.3923475544725708
2022-07-17 12:00:00,-0.18856174437551979
2022-07-17 16:00:00,0.6482173893229778
2022-07-17 20:00:00,0.5957053534573066
2022-07-18 00:00:00,-0.93212557059488
2022-07-18 04:00:00,0.5852239899717687
2022-07-18 08:00:00,0.9337688583578946
2022-07-18 12:00:00,0.5943261098566901
2022-07-18 16:00:00,0.5954614898204563
2022-07-18 20:00:00,0.4538028763939862
2022-07-19 00:00:00,-0.9032908909564885
2022-07-19 04:00:00,0.7841303446468934
2022-07-19 08:00:00,-0.7840202036616678
2022-07-19 12:00:00,-0.774169628931303
2022-07-19 16:00:00,0.90239919852637
2022-07-19 20:00:00,0.4817940888629656
2022-07-20 00:00:00,-0.6412013441074343
2022-07-20 04:00:00,-0.47747218396853336
2022-07-20 08:00:00,-0.638310707790352
2022-07-20 12:00:00,-0.04247095666114538
2022-07-20 16:00:00,0.9269198980408058
2022-07-20 20:00:00,0.3390592166354754
2022-07-21 00:00:00,0.238347037821303
2022-07-21 04:00:00,-0.8514473389605968
2022-07-21 08:00:00,-0.8348889707347847
2022-07-21 12:00:00,-0.5540113209086154
2022-07-21 16:00:00,0.6562138894972253
2022-07-21 20:00:00,0.6737656627981943
2022-07-22 00:00:00,-0.830538230008073
2022-07-22 04:00:00,-0.8442222633831342
2022-07-22 08:00:00,-0.5007360375764718
2022-07-22 12:00:00,0.600985630277928
2022-07-22 16:00:00,0.911336861851761
2022-07-22 20:00:00,0.5686666933434671
2022-07-23 00:00:00,-0.8488226809133191
2022-07-23 04:00:00,-0.8157211660472572
2022-07-23 08:00:00,-0.47932778731258247
2022-07-23 12:00:00,0.6381406549736672
2022-07-23 16:00:00,0.39467362953715407
2022-07-23 20:00:00,0.24549076310145418
2022-07-24 00:00:00,-0.8081849290283633
2022-07-24 04:00:00,-0.7699625404338908
2022-07-24 08:00:00,0.39926210127752765
2022-07-24 12:00:00,0.15191742638874975
2022-07-24 16:00:00,0.8447483132449475
2022-07-24 20:00:00,-0.7425314974352791
2022-07-25 00:00:00,0.07200649803380943
2022-07-25 04:00:00,0.9217890568062516
2022-07-25 08:00:00,-0.2648106781089037
2022-07-25 12:00:00,-0.291981663550328
2022-07-25 16:00:00,0.8032411008435921
2022-07-25 20:00:00,-0.01241736760320143
2022-07-26 00:00:00,0.8997454294906346
2022-07-26 04:00:00,0.47397987811531267
2022-07-26 08:00:00,-0.880581536413288
2022-07-26 12:00:00,-0.7521402249183176
2022-07-26 16:00:00,0.45956930295159704
2022-07-26 20:00:00,-0.14556654595741825
2022-07-27 00:00:00,0.24160351224806553
2022-07-27 04:00:00,-0.6809127268828226
2022-07-27 08:00:00,-0.5745686018600449
2022-07-27 12:00:00,-0.6686874249885947
2022-07-27 16:00:00,0.7782822021122209
2022-07-27 20:00:00,0.9440678096623644
2022-07-28 00:00:00,-0.2648274288320869
2022-07-28 04:00:00,-0.2701273925204823
2022-07-28 08:00:00,-0.5659366335585952
2022-07-28 12:00:00,-0.5329116663850503
2022-07-28 16:00:00,0.9418879305083055
2022-07-28 20:00:00,0.09346771131777355
2022-07-29 00:00:00,-0.35805328396076863
2022-07-29 04:00:00,-0.6276256272566193
2022-07-29 08:00:00,-0.4236172182098214
2022-07-29 12:00:00,0.04099433906629742
2022-07-29 16:00:00,0.932569099225512
2022-07-29 20:00:00,-0.04903228901499678
2022-07-30 00:00:00,-0.7838746452089298
2022-07-30 04:00:00,-0.7260285383467362
2022-07-30 08:00:00,-0.7217789471461321
2022-07-30 12:00:00,-0.1541393551340922
2022-07-30 16:00:00,0.9358385559316017
2022-07-30 20:00:00,-0.03147163625506384
2022-07-31 00:00:00,0.1923894410475511
2022-07-31 04:00:00,-0.757888476845343
2022-07-31 08:00:00,-0.7863716898388937
2022-07-31 12:00:00,-0.38611180246048526
2022-07-31 16:00:00,-0.1769733147061903
2022-07-31 20:00:00,0.9404815913861417
2022-08-01 00:00:00,0.26967007148503375
2022-08-01 04:00:00,-0.709412363494983
2022-08-01 08:00:00,-0.39682038935341946
2022-08-01 12:00:00,0.3412714666174893
2022-08-01 16:00:00,0.9086499275225378
2022-08-01 20:00:00,0.4153318563033634
2022-08-02 00:00:00,-0.641772225102798
2022-08-02 04:00:00,-0.3830637816399047
2022-08-02 08:00:00,-0.7494155800737059
2022-08-02 12:00:00,-0.07385942117203706
2022-08-02 16:00:00,0.9407756559656991
2022-08-02 20:00:00,0.6650474113224631
2022-08-03 00:00:00,-0.7333447024500113
2022-08-03 04:00:00,-0.533337680703782
2022-08-03 08:00:00,-0.698412279407478
2022-08-03 12:00:00,0.513930781332362
2022-08-03 16:00:00,0.875427494949347
2022-08-03 20:00:00,-0.2085079725014011
2022-08-04 00:00:00,-0.16329996022191243
2022-08-04 04:00:00,-0.6455234454997767
2022-08-04 08:00:00,-0.6375607081486238
2022-08-04 12:00:00,-0.6734793389767573
2022-08-04 16:00:00,0.9357716019419083
2022-08-04 20:00:00,0.6596672082568144
2022-08-05 00:00:00,-0.7842695383751452
2022-08-05 04:00:00,-0.032992049338165866
2022-08-05 08:00:00,-0.38800259942664317
2022-08-05 12:00:00,-0.1852269089158143
2022-08-05 16:00:00,0.9341784823232046
2022-08-05 20:00:00,-0.39281299688075627
2022-08-06 00:00:00,-0.6059604074272235
2022-08-06 04:00:00,-0.6934450192638703
2022-08-06 08:00:00,-0.7113712918631295
2022-08-06 12:00:00,-0.667881129374795
2022-08-06 16:00:00,-0.6980556317543752
2022-08-06 20:00:00,0.8516188481235378
2022-08-07 00:00:00,0.4078474368033412
2022-08-07 04:00:00,0.587454679947909
2022-08-07 08:00:00,-0.8143222324733751
2022-08-07 12:00:00,-0.42462198199616435
2022-08-07 16:00:00,0.836376954341763
2022-08-07 20:00:00,0.5747357953049181
2022-08-08 00:00:00,0.4721795795789265
2022-08-08 04:00:00,0.1857876129896287
2022-08-08 08:00:00,0.9418115542062898
2022-08-08 12:00:00,0.8663688135264267
2022-08-08 16:00:00,0.7529586517886346
2022-08-08 20:00:00,-0.5548071910076321
2022-08-09 00:00:00,-0.7344900058397127
2022-08-09 04:00:00,-0.8517009789908666
2022-08-09 08:00:00,-0.6676406108100911
2022-08-09 12:00:00,0.9232324549395092
2022-08-09 16:00:00,0.7395605176975111
2022-08-09 20:00:00,-0.4058676046550973
2022-08-10 00:00:00,-0.6826123677276335
2022-08-10 04:00:00,-0.017430357332700937
2022-08-10 08:00:00,-0.6244109034686849
2022-08-10 12:00:00,0.2927550073197427
2022-08-10 16:00:00,0.942376560951238
2022-08-10 20:00:00,-0.10047071514649371
2022-08-11 00:00:00,-0.24654048954651997
2022-08-11 04:00:00,-0.010169594468452768
2022-08-11 08:00:00,-0.24156938004184958
2022-08-11 12:00:00,-0.8247509659647325
2022-08-11 16:00:00,0.9266569103031925
2022-08-11 20:00:00,-0.45229651370153456
2022-08-12 00:00:00,-0.6692299781403432
2022-08-12 04:00:00,-0.5071665461479192
2022-08-12 08:00:00,-0.7067433642641553
2022-08-12 12:00:00,0.6104909560904414
2022-08-12 16:00:00,0.7770740130420168
2022-08-12 20:00:00,-0.29028063537114535
2022-08-13 00:00:00,-0.2820919292502582
2022-08-13 04:00:00,0.3954274978847501
2022-08-13 08:00:00,-0.23662975961474908
2022-08-13 12:00:00,0.7339547072913041
2022-08-13 16:00:00,-0.8883201437136263
2022-08-13 20:00:00,-0.8329658106020655
2022-08-14 00:00:00,-0.8239083083719518
2022-08-14 04:00:00,-0.19366264687602908
2022-08-14 08:00:00,0.921387469129274
2022-08-14 12:00:00,0.7626519114320535
2022-08-14 16:00:00,-0.2950247067026571
2022-08-14 20:00:00,0.5576305971293063
2022-08-15 00:00:00,-0.8619285243341684
2022-08-15 04:00:00,0.9302898394487752
2022-08-15 08:00:00,0.8458256752374903
2022-08-15 12:00:00,-0.027695653041526432
2022-08-15 16:00:00,-0.1741854111793811
2022-08-15 20:00:00,-0.8567645494678832
2022-08-16 00:00:00,-0.69865006587696
2022-08-16 04:00:00,-0.3798734628657186
2022-08-16 08:00:00,-0.7107685074771122
2022-08-16 12:00:00,-0.8711520420764598
2022-08-16 16:00:00,0.9265016803858721
2022-08-16 20:00:00,0.5113643703465345
2022-08-17 00:00:00,-0.8205839346189107
2022-08-17 04:00:00,-0.24143809818564135
2022-08-17 08:00:00,0.778311967262653
2022-08-17 12:00:00,-0.044345080215245546
2022-08-17 16:00:00,0.8359440755640278
2022-08-17 20:00:00,0.06805927519744935
2022-08-18 00:00:00,-0.8750018896712203
2022-08-18 04:00:00,-0.7504867036413653
2022-08-18 08:00:00,-0.669028590617836
2022-08-18 12:00:00,-0.27288215996515724
2022-08-18 16:00:00,0.9348961140955363
2022-08-18 20:00:00,0.6023413392038377
2022-08-19 00:00:00,-0.3723373496137893
2022-08-19 04:00:00,0.9123029080495453
2022-08-19 08:00:00,0.9069663757081876
2022-08-19 12:00:00,0.7709028092021808
2022-08-19 16:00:00,0.17418246547717928
2022-08-19 20:00:00,-0.797006887982594
2022-08-20 00:00:00,-0.029599110957362916
2022-08-20 04:00:00,-0.8701717766519396
2022-08-20 08:00:00,-0.812745378699258
2022-08-20 12:00:00,-0.8058501395085448
2022-08-20 16:00:00,-0.6545871510263842
2022-08-20 20:00:00,0.8364915853830133
2022-08-21 00:00:00,0.8224196332127092
2022-08-21 04:00:00,-0.7360771482035952
2022-08-21 08:00:00,-0.6705411606271711
2022-08-21 12:00:00,0.5420200027521904
2022-08-21 16:00:00,-0.37715729434846845
2022-08-21 20:00:00,-0.540554014619666
2022-08-22 00:00:00,0.8381176434776821
2022-08-22 04:00:00,-0.5971611702937865
2022-08-22 08:00:00,0.5977777748393386
2022-08-22 12:00:00,0.8919260654495371
2022-08-22 16:00:00,0.7395950507766724
2022-08-22 20:00:00,-0.1604227542851099
2022-08-23 00:00:00,-0.8315319340274333
2022-08-23 04:00:00,-0.7664616873021834
2022-08-23 08:00:00,0.35608463283337843
2022-08-23 12:00:00,0.8541975940931725
2022-08-23 16:00:00,0.8039744787834421
2022-08-23 20:00:00,-0.6656708646519232
2022-08-24 00:00:00,-0.8621805847058003
2022-08-24 04:00:00,-0.3339134915151584
2022-08-24 08:00:00,-0.28163037335937496
2022-08-24 12:00:00,-0.4949542586499682
2022-08-24 16:00:00,0.8698401460557887
2022-08-24 20:00:00,0.6184151847631056
2022-08-25 00:00:00,-0.7622273935679573
2022-08-25 04:00:00,-0.417119296593565
2022-08-25 08:00:00,-0.4759830371929156
2022-08-25 12:00:00,0.017636259590305594
2022-08-25 16:00:00,0.9268811635208489
2022-08-25 20:00:00,-0.22048340443512202
2022-08-26 00:00:00,-0.8755300641949817
2022-08-26 04:00:00,-0.6095876912236885
2022-08-26 08:00:00,0.06554960568675276
2022-08-26 12:00:00,0.7885250168699574
2022-08-26 16:00:00,0.9443391954826732
2022-08-26 20:00:00,-0.0998447857326596
2022-08-27 00:00:00,-0.35701433728154197
2022-08-27 04:00:00,-0.5435059299628556
2022-08-27 08:00:00,-0.46732190779058286
2022-08-27 12:00:00,-0.8723733573703087
2022-08-27 16:00:00,0.5452299564803033
2022-08-27 20:00:00,-0.3378280149083507
2022-08-28 00:00:00,-0.7485012592461207
2022-08-28 04:00:00,-0.6365453138451115
2022-08-28 08:00:00,-0.7806521843565108
2022-08-28 12:00:00,-0.4392686213305893
2022-08-28 16:00:00,0.9301330313096555
2022-08-28 20:00:00,0.45589480522862147
2022-08-29 00:00:00,0.8579050148112736
2022-08-29 04:00:00,0.762650841778432
2022-08-29 08:00:00,-0.6784604888965602
2022-08-29 12:00:00,-0.6804011144811283
2022-08-29 16:00:00,0.9343391297691891
2022-08-29 20:00:00,-0.08344994139770548
2022-08-30 00:00:00,-0.5515245034021516
2022-08-30 04:00:00,-0.48774255220166296
2022-08-30 08:00:00,0.06931682344752932
2022-08-30 12:00:00,-0.26190143580220787
2022-08-30 16:00:00,0.9355137554925518
2022-08-30 20:00:00,0.6857302203382742
2022-08-31 00:00:00,-0.639673143813968
2022-08-31 04:00:00,-0.19730180929569766
2022-08-31 08:00:00,-0.6315659192556505
2022-08-31 12:00:00,-0.15870718086715527
2022-08-31 16:00:00,0.9307506647062209
2022-08-31 20:00:00,-0.004720814038871196
2022-09-01 00:00:00,-0.7922121325129053
2022-09-01 04:00:00,-0.5378898068202115
2022-09-01 08:00:00,-0.4729671313765773
2022-09-01 12:00:00,0.16315514705424117
2022-09-01 16:00:00,0.9346015658958488
2022-09-01 20:00:00,0.4377206995406606
2022-09-02 00:00:00,-0.6993110868503901
2022-09-02 04:00:00,-0.7385689523485149
2022-09-02 08:00:00,-0.6948565182337435
2022-09-02 12:00:00,-0.5569251218328027
2022-09-02 16:00:00,0.9431297765594692
2022-09-02 20:00:00,0.7957465897236237
2022-09-03 00:00:00,-0.6935908441524701
2022-09-03 04:00:00,-0.6486005930672093
2022-09-03 08:00:00,-0.6325594689502733
2022-09-03 12:00:00,-0.31002694255622154
2022-09-03 16:00:00,-0.35788087754897163
2022-09-03 20:00:00,0.7802339956583488
2022-09-04 00:00:00,-0.9130610487215735
2022-09-04 04:00:00,-0.8189675429631706
2022-09-04 08:00:00,-0.1641768075656555
2022-09-04 12:00:00,0.863780134639595
2022-09-04 16:00:00,0.8644138958272335
2022-09-04 20:00:00,0.3873976869851319
2022-09-05 00:00:00,-0.37164625800532897
2022-09-05 04:00:00,0.3702643327364147
2022-09-05 08:00:00,0.5195688579043062
2022-09-05 12:00:00,0.21711900451193725
2022-09-05 16:00:00,0.9033582345399219
2022-09-05 20:00:00,-0.011838014269456635
2022-09-06 00:00:00,-0.8511784535464914
2022-09-06 04:00:00,0.9316328030526498
2022-09-06 08:00:00,-0.22880061059424123
2022-09-06 12:00:00,-0.10244946084940798
2022-09-06 16:00:00,0.719557052019575
2022-09-06 20:00:00,0.900004596112094
2022-09-07 00:00:00,-0.5185645460291367
2022-09-07 04:00:00,-0.3937926353312639
2022-09-07 08:00:00,-0.7459587515439821
2022-09-07 12:00:00,-0.6383395369588624
2022-09-07 16:00:00,0.7656457191246646
2022-09-07 20:00:00,0.673337433267575
2022-09-08 00:00:00,0.6099484901293724
2022-09-08 04:00:00,-0.7900847120591883
2022-09-08 08:00:00,-0.47250688154051773
2022-09-08 12:00:00,-0.5470194411472769
2022-09-08 16:00:00,0.9139557080763205
2022-09-08 20:00:00,-0.12526338992333913
2022-09-09 00:00:00,-0.7397704144307569
2022-09-09 04:00:00,0.06568230278022656
2022-09-09 08:00:00,0.876063509546961
2022-09-09 12:00:00,0.6369138285298646
2022-09-09 16:00:00,0.49732759095890505
2022-09-09 20:00:00,-0.2336831869345313
2022-09-10 00:00:00,-0.8957677922994653
2022-09-10 04:00:00,-0.8474634793078383
2022-09-10 08:00:00,-0.28143659328119136
2022-09-10 12:00:00,-0.7732678323924989
2022-09-10 16:00:00,0.17620200866874552
2022-09-10 20:00:00,0.5941700061811934
2022-09-11 00:00:00,0.5338571488000626
2022-09-11 04:00:00,-0.7886909473449352
2022-09-11 08:00:00,-0.6114583682663347
2022-09-11 12:00:00,-0.5392561179454796
2022-09-11 16:00:00,0.4829308192591023
2022-09-11 20:00:00,0.7645986926551185
2022-09-12 00:00:00,0.8413236254008001
2022-09-12 04:00:00,0.9403464652398932
2022-09-12 08:00:00,-0.01738801042598405
2022-09-12 12:00:00,0.5546076866243967
2022-09-12 16:00:00,0.06565127724558352
2022-09-12 20:00:00,-0.7964680165946143
2022-09-13 00:00:00,-0.8811543921932123
2022-09-13 04:00:00,-0.4834373587693664
2022-09-13 08:00:00,0.381994468755466
2022-09-13 12:00:00,0.7968933335503426
2022-09-13 16:00:00,0.9403004003469476
2022-09-13 20:00:00,0.14131505242945738
2022-09-14 00:00:00,-0.656700948320961
2022-09-14 04:00:00,-0.5957051998057346
2022-09-14 08:00:00,-0.668193913072551
2022-09-14 12:00:00,-0.3617890928311317
2022-09-14 16:00:00,0.8902421586703608
2022-09-14 20:00:00,0.7831962100286415
2022-09-15 00:00:00,-0.6040633301547605
2022-09-15 04:00:00,-0.5658571117093496
2022-09-15 08:00:00,0.10592250577701207
2022-09-15 12:00:00,-0.5796665143062173
2022-09-15 16:00:00,0.9182340645577275
2022-09-15 20:00:00,-0.4327594889185789
2022-09-16 00:00:00,-0.7550809917624492
2022-09-16 04:00:00,-0.5679857420220858
2022-09-16 08:00:00,-0.6354616944925752
2022-09-16 12:00:00,0.3245787192154474
2022-09-16 16:00:00,0.9400203674054007
2022-09-16 20:00:00,0.7143854909432185
2022-09-17 00:00:00,-0.6899710250732561
2022-09-17 04:00:00,-0.5732540572107676
2022-09-17 08:00:00,-0.7199202345865061
2022-09-17 12:00:00,-0.6280690896923666
2022-09-17 16:00:00,0.40149547594579216
2022-09-17 20:00:00,0.8118006316234291
2022-09-18 00:00:00,-0.6775454547939093
2022-09-18 04:00:00,-0.2841062515824621
2022-09-18 08:00:00,-0.7907576435903111
2022-09-18 12:00:00,0.8823179000690238
2022-09-18 16:00:00,0.7856582674918478
2022-09-18 20:00:00,0.8468661656888176
2022-09-19 00:00:00,0.5541149980596491
2022-09-19 04:00:00,0.8343547673089751
2022-09-19 08:00:00,0.8603466072714491
2022-09-19 12:00:00,0.05691124364601513
2022-09-19 16:00:00,0.9168769629513248
2022-09-19 20:00:00,-0.38770741953247984
2022-09-20 00:00:00,-0.8388847502324344
2022-09-20 04:00:00,-0.6933741443464705
2022-09-20 08:00:00,-0.642516055309661
2022-09-20 12:00:00,-0.24451733143475515
2022-09-20 16:00:00,0.9437520330019966
2022-09-20 20:00:00,0.6841600599560691
2022-09-21 00:00:00,-0.7314610336023879
2022-09-21 04:00:00,-0.7529195721015185
2022-09-21 08:00:00,-0.48155144254593224
2022-09-21 12:00:00,-0.10797724520646607
2022-09-21 16:00:00,0.9357119829655514
2022-09-21 20:00:00,0.9356201983944435
2022-09-22 00:00:00,0.017551026843907445
2022-09-22 04:00:00,-0.5164187191292652
2022-09-22 08:00:00,-0.622597197239783
2022-09-22 12:00:00,-0.3144036239123609
2022-09-22 16:00:00,0.8013656470441543
2022-09-22 20:00:00,0.38139129397063887
2022-09-23 00:00:00,-0.849187679678223
2022-09-23 04:00:00,-0.8052038917494497
2022-09-23 08:00:00,-0.6588296200585646
2022-09-23 12:00:00,0.6907741131595466
2022-09-23 16:00:00,0.9211949502361468
2022-09-23 20:00:00,0.592005634451457
2022-09-24 00:00:00,-0.40738511272346717
2022-09-24 04:00:00,-0.8446967639028515
2022-09-24 08:00:00,-0.7851402222180488
2022-09-24 12:00:00,-0.6981979420622341
2022-09-24 16:00:00,-0.22742552636659608
2022-09-24 20:00:00,-0.8586760927998367
2022-09-25 00:00:00,0.5024867961479438
2022-09-25 04:00:00,-0.7917632972344781
2022-09-25 08:00:00,-0.7827019595653492
2022-09-25 12:00:00,-0.36051607045834577
2022-09-25 16:00:00,0.7941223876069126
2022-09-25 20:00:00,0.6505870825862612
2022-09-26 00:00:00,0.7921052401446445
2022-09-26 04:00:00,0.6680192181292879
2022-09-26 08:00:00,0.7704488865950303
2022-09-26 12:00:00,0.9261297698347579
2022-09-26 16:00:00,0.763859047838039
2022-09-26 20:00:00,-0.34899100250372345
2022-09-27 00:00:00,-0.8606067675124673
2022-09-27 04:00:00,0.7451875202250433
2022-09-27 08:00:00,0.051400385184486315
2022-09-27 12:00:00,-0.09276187880598015
2022-09-27 16:00:00,0.6995799402747938
2022-09-27 20:00:00,0.9186624584451633
2022-09-28 00:00:00,-0.73068547348738
2022-09-28 04:00:00,-0.19309291630442207
2022-09-28 08:00:00,-0.6407082772296344
2022-09-28 12:00:00,0.15521273839550692
2022-09-28 16:00:00,0.8136778902956895
2022-09-28 20:00:00,0.33132997812172477
2022-09-29 00:00:00,-0.8486488631321355
2022-09-29 04:00:00,-0.7235457132641645
2022-09-29 08:00:00,-0.5850525145380736
2022-09-29 12:00:00,-0.524308637858282
2022-09-29 16:00:00,0.9410792372396847
2022-09-29 20:00:00,0.3913637546365519
2022-09-30 00:00:00,-0.7484093604809497
2022-09-30 04:00:00,-0.3548426709529486
2022-09-30 08:00:00,-0.6289294878819747
2022-09-30 12:00:00,-0.2707450957919309
2022-09-30 16:00:00,0.9430234395847671
2022-09-30 20:00:00,0.15642962528363422
2022-10-01 00:00:00,-0.4797325464282752
2022-10-01 04:00:00,-0.7370488639675299
2022-10-01 08:00:00,-0.6237707728759863
2022-10-01 12:00:00,-0.5360542418561881
2022-10-01 16:00:00,-0.3937457806572971
2022-10-01 20:00:00,-0.13277619034875002
2022-10-02 00:00:00,-0.9342532626522116
2022-10-02 04:00:00,-0.6564633429911736
2022-10-02 08:00:00,0.6463123282848025
2022-10-02 12:00:00,0.9114062247149529
2022-10-02 16:00:00,0.21005600978497158
2022-10-02 20:00:00,-0.1493219497704871
2022-10-03 00:00:00,0.9067130352097859
2022-10-03 04:00:00,0.2969964327941559
2022-10-03 08:00:00,0.07679030039976661
2022-10-03 12:00:00,-0.6733309747464101
2022-10-03 16:00:00,0.9151272694913309
2022-10-03 20:00:00,0.5409784608869871
2022-10-04 00:00:00,-0.6903421375280409
2022-10-04 04:00:00,-0.623869220321398
2022-10-04 08:00:00,0.16209396597010958
2022-10-04 12:00:00,0.7930225625112824
2022-10-04 16:00:00,0.7878868847691204
2022-10-04 20:00:00,0.1557612669799245
2022-10-05 00:00:00,-0.8033141163636962
2022-10-05 04:00:00,-0.9006230829581505
2022-10-05 08:00:00,-0.716303698845877
2022-10-05 12:00:00,0.32899323196973324
2022-10-05 16:00:00,0.92874360262826
2022-10-05 20:00:00,0.6832043896388738
2022-10-06 00:00:00,-0.6777717275363548
2022-10-06 04:00:00,-0.16730211633601597
2022-10-06 08:00:00,-0.5718424213231643
2022-10-06 12:00:00,-0.5425234254129219
2022-10-06 16:00:00,0.9329242322640791
2022-10-06 20:00:00,-0.33248103850135763
2022-10-07 00:00:00,-0.7392309988693272
2022-10-07 04:00:00,-0.7196047739900313
2022-10-07 08:00:00,-0.5029172530359739
2022-10-07 12:00:00,-0.46648976105842255
2022-10-07 16:00:00,0.9448741333664425
2022-10-07 20:00:00,0.12236411674908886
2022-10-08 00:00:00,-0.6059852993362317
2022-10-08 04:00:00,-0.6267352505685629
2022-10-08 08:00:00,-0.5771534418499712
2022-10-08 12:00:00,-0.5376558325471509
2022-10-08 16:00:00,0.1271604515039528
2022-10-08 20:00:00,-0.8812211910167526
2022-10-09 00:00:00,0.9312644048463177
2022-10-09 04:00:00,-0.3938155187353611
2022-10-09 08:00:00,-0.3427423327460391
2022-10-09 12:00:00,0.5406857172662743
2022-10-09 16:00:00,0.004812037603561148
2022-10-09 20:00:00,0.7439626831580864
2022-10-10 00:00:00,-0.009045745444221973
2022-10-10 04:00:00,0.3614268956309696
2022-10-10 08:00:00,0.0005736842004707749
2022-10-10 12:00:00,0.9446904663375127
2022-10-10 16:00:00,0.8077655874844553
2022-10-10 20:00:00,0.6065672481161148
2022-10-11 00:00:00,-0.6977189440456586
2022-10-11 04:00:00,-0.26897812935572185
2022-10-11 08:00:00,-0.7769727791048214
2022-10-11 12:00:00,-0.5918648571273968
2022-10-11 16:00:00,0.9357087711590062
2022-10-11 20:00:00,0.4579903705714748
2022-10-12 00:00:00,-0.6549792411628197
2022-10-12 04:00:00,-0.5888131142501712
2022-10-12 08:00:00,-0.4203342475973717
2022-10-12 12:00:00,-0.3305399276536301
2022-10-12 16:00:00,0.9409105559337086
2022-10-12 20:00:00,0.018311258226737747
2022-10-13 00:00:00,-0.7584042248000018
2022-10-13 04:00:00,-0.4652582958751103
2022-10-13 08:00:00,-0.08074010819679922
2022-10-13 12:00:00,0.9208827788811533
2022-10-13 16:00:00,0.9354475844098737
2022-10-13 20:00:00,0.3232295670537558
2022-10-14 00:00:00,-0.676386829806959
2022-10-14 04:00:00,-0.32606295112829875
2022-10-14 08:00:00,-0.5845381567323245
2022-10-14 12:00:00,-0.3920979965384215
2022-10-14 16:00:00,0.919471714713697
2022-10-14 20:00:00,-0.3089783960056095
2022-10-15 00:00:00,-0.8089527940630675
2022-10-15 04:00:00,-0.7436854985639645
2022-10-15 08:00:00,-0.6365850758647486
2022-10-15 12:00:00,-0.08242912918305093
2022-10-15 16:00:00,-0.0844620837272336
2022-10-15 20:00:00,-0.5744463500580541
2022-10-16 00:00:00,0.34659587344315823
2022-10-16 04:00:00,-0.7496312625620903
2022-10-16 08:00:00,-0.773241531758529
2022-10-16 12:00:00,0.6097535805208396
2022-10-16 16:00:00,0.007710697751048526
2022-10-16 20:00:00,0.9100085060240262
2022-10-17 00:00:00,0.9299090107293722
2022-10-17 04:00:00,-0.3619661091006258
2022-10-17 08:00:00,-0.04633097348073223
2022-10-17 12:00:00,0.8401958471545867
2022-10-17 16:00:00,0.9133744907453747
2022-10-17 20:00:00,-0.2258506584636501
2022-10-18 00:00:00,-0.6572677597467157
2022-10-18 04:00:00,-0.6080937305941602
2022-10-18 08:00:00,-0.10425244018208912
2022-10-18 12:00:00,0.7999210202167406
2022-10-18 16:00:00,0.9326485421253715
2022-10-18 20:00:00,0.4623598022603675
2022-10-19 00:00:00,-0.6772897925404384
2022-10-19 04:00:00,-0.819693520002728
2022-10-19 08:00:00,-0.5809614877001804
2022-10-19 12:00:00,-0.3525332618431642
2022-10-19 16:00:00,0.9250712570514129
2022-10-19 20:00:00,-0.20103759741209898
2022-10-20 00:00:00,-0.7540803669441746
2022-10-20 04:00:00,0.015259790771878537
2022-10-20 08:00:00,-0.19843990851674967
2022-10-20 12:00:00,-0.03718160205486844
2022-10-20 16:00:00,0.9257324140125477
2022-10-20 20:00:00,0.8250456641011329
2022-10-21 00:00:00,-0.703238974861498
2022-10-21 04:00:00,-0.7267569403873889
2022-10-21 08:00:00,-0.6805289664854216
2022-10-21 12:00:00,0.29898120589064214
2022-10-21 16:00:00,0.9428985279996898
2022-10-21 20:00:00,0.10900173083575744
2022-10-22 00:00:00,-0.6646992303798608
2022-10-22 04:00:00,-0.6721536738749196
2022-10-22 08:00:00,-0.6132763243914994
2022-10-22 12:00:00,-0.4525740184485011
2022-10-22 16:00:00,0.9237203186944751
2022-10-22 20:00:00,0.4415959159513733
2022-10-23 00:00:00,-0.6890727809390409
2022-10-23 04:00:00,-0.6136545070880964
2022-10-23 08:00:00,-0.23714002863478648
2022-10-23 12:00:00,-0.07334430491195394
2022-10-23 16:00:00,0.927264828440055
2022-10-23 20:00:00,0.940228932826686
2022-10-24 00:00:00,0.7708267872291512
2022-10-24 04:00:00,0.36861171331355946
2022-10-24 08:00:00,-0.03832036248940369
2022-10-24 12:00:00,-0.8838235230528235
2022-10-24 16:00:00,0.9253151300744933
2022-10-24 20:00:00,-0.693830277285674
2022-10-25 00:00:00,-0.7839308068284402
2022-10-25 04:00:00,-0.6005612008317293
2022-10-25 08:00:00,-0.5374329708424217
2022-10-25 12:00:00,0.0307688704280562
2022-10-25 16:00:00,0.9454393952005204
2022-10-25 20:00:00,0.8893002539729237
2022-10-26 00:00:00,-0.22022787775951227
2022-10-26 04:00:00,-0.559934925107941
2022-10-26 08:00:00,-0.628056748064634
2022-10-26 12:00:00,0.2511979768599008
2022-10-26 16:00:00,0.9210841186745734
2022-10-26 20:00:00,-0.18996963721538784
2022-10-27 00:00:00,-0.7377023695425837
2022-10-27 04:00:00,-0.7108676846563612
2022-10-27 08:00:00,-0.5700117061225242
2022-10-27 12:00:00,0.4381377309522244
2022-10-27 16:00:00,0.937068624322863
2022-10-27 20:00:00,-0.5609524108390246
2022-10-28 00:00:00,0.5297320582700455
2022-10-28 04:00:00,-0.6396735665119092
2022-10-28 08:00:00,-0.5693120316112558
2022-10-28 12:00:00,-0.1213495639589464
2022-10-28 16:00:00,0.9038787104703755
2022-10-28 20:00:00,0.011910922542824814
2022-10-29 00:00:00,-0.7784065529203996
2022-10-29 04:00:00,-0.5732623168648348
2022-10-29 08:00:00,-0.538706563996804
2022-10-29 12:00:00,0.9005435262246433
2022-10-29 16:00:00,0.4364000676677231
2022-10-29 20:00:00,-0.1197828183796689
2022-10-30 00:00:00,-0.7665178204340928
2022-10-30 04:00:00,-0.7637590854231001
2022-10-30 08:00:00,-0.3781895776784712
2022-10-30 12:00:00,0.7057900137152907
2022-10-30 16:00:00,0.4782742106138641
2022-10-30 20:00:00,-0.16954256004641047
2022-10-31 00:00:00,-0.7300704247139573
2022-10-31 04:00:00,0.30829601810941776
2022-10-31 08:00:00,-0.7248519330055422
2022-10-31 12:00:00,0.9359421018690449
2022-10-31 16:00:00,0.9250159631345961
2022-10-31 20:00:00,-0.12132475938256725
2022-11-01 00:00:00,-0.7075536837328245
2022-11-01 04:00:00,-0.5752502552962196
2022-11-01 08:00:00,-0.42144062366084595
2022-11-01 12:00:00,0.6515487717738825
2022-11-01 16:00:00,0.9198240761218424
2022-11-01 20:00:00,-0.5110885208971822
2022-11-02 00:00:00,-0.847473696290996
2022-11-02 04:00:00,-0.500782657778338
2022-11-02 08:00:00,-0.08615948205675028
2022-11-02 12:00:00,0.7367917254182449
2022-11-02 16:00:00,0.5854068104030155
2022-11-02 20:00:00,0.945009463048486
2022-11-03 00:00:00,-0.28512172865869667
2022-11-03 04:00:00,-0.4552241372594392
2022-11-03 08:00:00,-0.4965344066182654
2022-11-03 12:00:00,-0.3213896420636442
2022-11-03 16:00:00,0.9304152821279211
2022-11-03 20:00:00,-0.581980591302999
2022-11-04 00:00:00,-0.6795395990545923
2022-11-04 04:00:00,-0.5163625747170532
2022-11-04 08:00:00,0.5783176020077498
2022-11-04 12:00:00,0.4390251089621319
2022-11-04 16:00:00,0.9390244324086074
2022-11-04 20:00:00,0.22758954718554947
2022-11-05 00:00:00,-0.7112463139340433
2022-11-05 04:00:00,-0.43255720440180834
2022-11-05 08:00:00,-0.6747072782957108
2022-11-05 12:00:00,-0.36329364549337295
2022-11-05 16:00:00,-0.166366715964763
2022-11-05 20:00:00,-0.7714112526495677
2022-11-06 00:00:00,-0.8370868814820114
2022-11-06 04:00:00,-0.08045970818277129
2022-11-06 08:00:00,-0.5410218865397027
2022-11-06 12:00:00,0.8015776866899437
2022-11-06 16:00:00,0.32524538710921563
2022-11-06 20:00:00,0.7847512554067086
2022-11-07 00:00:00,0.9046646643292415
2022-11-07 04:00:00,0.9041687090447021
2022-11-07 08:00:00,0.7853207224955698
2022-11-07 12:00:00,0.4830286555715541
2022-11-07 16:00:00,0.2728831707288515
2022-11-07 20:00:00,-0.8333353954876856
2022-11-08 00:00:00,-0.23089379729761597
2022-11-08 04:00:00,0.8665178141533884
2022-11-08 08:00:00,0.9357073291928463
2022-11-08 12:00:00,-0.48419288939664323
2022-11-08 16:00:00,0.36729432514957644
2022-11-08 20:00:00,0.937373236818119
2022-11-09 00:00:00,-0.3100423831506232
2022-11-09 04:00:00,-0.42724675660236583
2022-11-09 08:00:00,-0.5698323978720773
2022-11-09 12:00:00,0.06242897586580005
2022-11-09 16:00:00,0.8168729397060063
2022-11-09 20:00:00,0.5220128303020533
2022-11-10 00:00:00,0.2812139185932217
2022-11-10 04:00:00,-0.8874658903510988
2022-11-10 08:00:00,-0.8652598844233643
2022-11-10 12:00:00,-0.6611077981282519
2022-11-10 16:00:00,0.8333041954614064
2022-11-10 20:00:00,-0.36067701715595535
2022-11-11 00:00:00,-0.6737518057763103
2022-11-11 04:00:00,-0.6026880845779121
2022-11-11 08:00:00,-0.6494456520784041
2022-11-11 12:00:00,-0.8303643892516729
2022-11-11 16:00:00,0.9299274579372521
2022-11-11 20:00:00,-0.3959652807615671
2022-11-12 00:00:00,-0.6039636054332888
2022-11-12 04:00:00,-0.675000083098505
2022-11-12 08:00:00,-0.5072574264606987
2022-11-12 12:00:00,-0.6870820838845889
2022-11-12 16:00:00,-0.7047000149626602
2022-11-12 20:00:00,-0.9105313867106462
2022-11-13 00:00:00,-0.8050375354533851
2022-11-13 04:00:00,-0.527028905399396
2022-11-13 08:00:00,0.8392655597114154
2022-11-13 12:00:00,0.9022606487333368
2022-11-13 16:00:00,0.2876050984259355
2022-11-13 20:00:00,-0.32028977412006804
2022-11-14 00:00:00,0.39566437883283534
2022-11-14 04:00:00,0.9165440254756264
2022-11-14 08:00:00,0.9288451937768692
2022-11-14 12:00:00,-0.00019906665526797735
2022-11-14 16:00:00,0.804453120068825
2022-11-14 20:00:00,-0.6220750204727029
2022-11-15 00:00:00,-0.7397437444932201
2022-11-15 04:00:00,-0.6536867711919222
2022-11-15 08:00:00,-0.5864909279878856
2022-11-15 12:00:00,0.5598078165189169
2022-11-15 16:00:00,0.9319837312497975
2022-11-15 20:00:00,0.6328422155086376
2022-11-16 00:00:00,-0.8139994576327862
2022-11-16 04:00:00,-0.7314756653980788
2022-11-16 08:00:00,-0.5654081365589403
2022-11-16 12:00:00,0.2694221324005849
2022-11-16 16:00:00,0.937363940380047
2022-11-16 20:00:00,-0.44004429844142323
2022-11-17 00:00:00,-0.6395978364108215
2022-11-17 04:00:00,-0.5963391184774922
2022-11-17 08:00:00,-0.3194408528724575
2022-11-17 12:00:00,0.03550030574987103
2022-11-17 16:00:00,0.9354753707403439
2022-11-17 20:00:00,0.1661699289359692
2022-11-18 00:00:00,-0.8221517390702026
2022-11-18 04:00:00,0.5264643098182348
2022-11-18 08:00:00,-0.6858436928524466
2022-11-18 12:00:00,0.07068117432339124
2022-11-18 16:00:00,0.436774395884672
2022-11-18 20:00:00,-0.33593189208210184
2022-11-19 00:00:00,-0.9018872080555722
2022-11-19 04:00:00,-0.8579375456064607
2022-11-19 08:00:00,-0.6368228453249681
2022-11-19 12:00:00,-0.5956327440162605
2022-11-19 16:00:00,-0.6249719101555214
2022-11-19 20:00:00,-0.8930679635884982
2022-11-20 00:00:00,0.8928688875426858
2022-11-20 04:00:00,-0.28569255920519127
2022-11-20 08:00:00,-0.7241402817672247
2022-11-20 12:00:00,0.9305194300381933
2022-11-20 16:00:00,0.4726839509527145
2022-11-20 20:00:00,-0.5392977270705089
2022-11-21 00:00:00,0.8596928059238113
2022-11-21 04:00:00,0.8631133450059926
2022-11-21 08:00:00,0.4538168509287795
2022-11-21 12:00:00,-0.11704445637637885
2022-11-21 16:00:00,-0.5726267565373114
2022-11-21 20:00:00,0.8904693924056412
2022-11-22 00:00:00,0.5862010071806798
2022-11-22 04:00:00,-0.7217742890973106
2022-11-22 08:00:00,-0.7019749945301973
2022-11-22 12:00:00,-0.6626258050407862
2022-11-22 16:00:00,0.8856061319907481
2022-11-22 20:00:00,-0.32561737386305095
2022-11-23 00:00:00,-0.6947800175460488
2022-11-23 04:00:00,0.3011142651310984
2022-11-23 08:00:00,-0.41926436259147426
2022-11-23 12:00:00,0.16854023032019483
2022-11-23 16:00:00,0.6035442192188327
2022-11-23 20:00:00,0.6692599981666576
2022-11-24 00:00:00,-0.8465663273151145
2022-11-24 04:00:00,-0.25252151735854833
2022-11-24 08:00:00,-0.6876007470072069
2022-11-24 12:00:00,-0.19953610319520718
2022-11-24 16:00:00,-0.5030935060081996
2022-11-24 20:00:00,-0.5274841020532897
2022-11-25 00:00:00,-0.9185293674867137
2022-11-25 04:00:00,-0.3639271734657874
2022-11-25 08:00:00,0.6309017291635921
2022-11-25 12:00:00,0.4274563565322981
2022-11-25 16:00:00,0.7458850846063597
2022-11-25 20:00:00,-0.8835503819334148
2022-11-26 00:00:00,-0.7706886484258437
2022-11-26 04:00:00,0.45396598701097335
2022-11-26 08:00:00,-0.17138990944907728
2022-11-26 12:00:00,-0.5859335294016254
2022-11-26 16:00:00,0.8382704812152718
2022-11-26 20:00:00,-0.764367043804293
2022-11-27 00:00:00,-0.4266663723806753
2022-11-27 04:00:00,-0.21224816700917823
2022-11-27 08:00:00,-0.2680753462328939
2022-11-27 12:00:00,-0.1191186311595777
2022-11-27 16:00:00,-0.7004272246560441
2022-11-27 20:00:00,-0.9143220660482267
2022-11-28 00:00:00,0.8321281224823874
2022-11-28 04:00:00,0.9411704264304632
2022-11-28 08:00:00,-0.25406529510168047
2022-11-28 12:00:00,-0.2976611769522747
2022-11-28 16:00:00,0.35663025015778904
2022-11-28 20:00:00,0.7385385634719811
2022-11-29 00:00:00,-0.7465171818453656
2022-11-29 04:00:00,-0.24240420176183597
2022-11-29 08:00:00,0.3486932327730173
2022-11-29 12:00:00,-0.057673671444592005
2022-11-29 16:00:00,0.7683270967318496
2022-11-29 20:00:00,-0.7729519334168863
2022-11-30 00:00:00,-0.8465679387291895
2022-11-30 04:00:00,0.9118112349542061
2022-11-30 08:00:00,-0.45414155845713
2022-11-30 12:00:00,-0.4672121738301683
2022-11-30 16:00:00,0.14408364766273218
2022-11-30 20:00:00,0.7135299718799692
2022-12-01 00:00:00,0.060310391382654004
2022-12-01 04:00:00,-0.5220433114905032
2022-12-01 08:00:00,-0.7908555050673545
2022-12-01 12:00:00,-0.5701645430375183
2022-12-01 16:00:00,0.9321532100875533
2022-12-01 20:00:00,-0.4094806555203488
2022-12-02 00:00:00,-0.5432826854025605
2022-12-02 04:00:00,-0.21983874682854043
2022-12-02 08:00:00,-0.606535781562732
2022-12-02 12:00:00,0.18759897915192958
2022-12-02 16:00:00,0.9321332546977087
2022-12-02 20:00:00,-0.597891671990573
2022-12-03 00:00:00,-0.38694179403007617
2022-12-03 04:00:00,-0.4194921647002972
2022-12-03 08:00:00,-0.4416195437882271
2022-12-03 12:00:00,0.4950486642997207
2022-12-03 16:00:00,-0.8157319035308612
2022-12-03 20:00:00,-0.920392436626734
2022-12-04 00:00:00,0.61521381957881
2022-12-04 04:00:00,0.5682605456612191
2022-12-04 08:00:00,0.6580600728094517
2022-12-04 12:00:00,0.4168503859632215
2022-12-04 16:00:00,0.9293566878928424
2022-12-04 20:00:00,0.9188503372666159
2022-12-05 00:00:00,-0.7419217054420805
2022-12-05 04:00:00,0.8604745077706811
2022-12-05 08:00:00,0.7412897115957543
2022-12-05 12:00:00,-0.47431810001296293
2022-12-05 16:00:00,0.4918406244584627
2022-12-05 20:00:00,0.23227958710416835
2022-12-06 00:00:00,-0.8898163290700412
2022-12-06 04:00:00,-0.3522578702519947
2022-12-06 08:00:00,-0.7200593023014752
2022-12-06 12:00:00,0.2689999982759716
2022-12-06 16:00:00,0.8878187199408617
2022-12-06 20:00:00,0.26555459040906493
2022-12-07 00:00:00,-0.40872680199250183
2022-12-07 04:00:00,-0.7776687856589405
2022-12-07 08:00:00,0.8567807958339075
2022-12-07 12:00:00,0.2531161495019645
2022-12-07 16:00:00,0.45139562624405954
2022-12-07 20:00:00,-0.8038420022167342
2022-12-08 00:00:00,-0.8637610822296816
2022-12-08 04:00:00,-0.15418959551032632
2022-12-08 08:00:00,-0.459597192617528
2022-12-08 12:00:00,0.6782970457497782
2022-12-08 16:00:00,0.9159040176716261
2022-12-08 20:00:00,0.9127904858137676
2022-12-09 00:00:00,-0.290928144841737
2022-12-09 04:00:00,-0.5344045510149559
2022-12-09 08:00:00,-0.7827057599470059
2022-12-09 12:00:00,-0.46722446510483046
2022-12-09 16:00:00,0.93966673410808
2022-12-09 20:00:00,-0.45122412472653983
2022-12-10 00:00:00,-0.47753065756544244
2022-12-10 04:00:00,-0.5981586180363736
2022-12-10 08:00:00,-0.5597244871522307
2022-12-10 12:00:00,-0.4059229523314518
2022-12-10 16:00:00,0.8478341115830077
2022-12-10 20:00:00,-0.5378626379453587
2022-12-11 00:00:00,-0.05976526205132821
2022-12-11 04:00:00,-0.744048885216807
2022-12-11 08:00:00,-0.03573383679069362
2022-12-11 12:00:00,-0.19035324425562788
2022-12-11 16:00:00,0.3643272484894923
2022-12-11 20:00:00,0.8533826787040766
2022-12-12 00:00:00,0.9080771982192781
2022-12-12 04:00:00,0.9223551970396342
2022-12-12 08:00:00,-0.49008340279915696
2022-12-12 12:00:00,-0.4791267686064747
2022-12-12 16:00:00,0.49545653063180145
2022-12-12 20:00:00,-0.7300345604173373
2022-12-13 00:00:00,0.6634271626743381
2022-12-13 04:00:00,-0.48786914600200015
2022-12-13 08:00:00,0.3401760619504239
2022-12-13 12:00:00,0.9024740645430785
2022-12-13 16:00:00,0.928556004149739
2022-12-13 20:00:00,-0.30731523370107733
2022-12-14 00:00:00,-0.756041618933521
2022-12-14 04:00:00,-0.6650068654708681
2022-12-14 08:00:00,-0.5770592264716781
2022-12-14 12:00:00,-0.08995172373477119
2022-12-14 16:00:00,0.9433012599934141
2022-12-14 20:00:00,0.923749024114043
2022-12-15 00:00:00,-0.25557524676947807
2022-12-15 04:00:00,-0.5230138495586569
2022-12-15 08:00:00,-0.7629130747174538
2022-12-15 12:00:00,-0.4855344074015649
2022-12-15 16:00:00,0.9128391279808582
2022-12-15 20:00:00,0.17922460955563843
2022-12-16 00:00:00,-0.261630530451206
2022-12-16 04:00:00,-0.7170801409426287
2022-12-16 08:00:00,-0.6624508328703106
2022-12-16 12:00:00,0.9222918479463984
2022-12-16 16:00:00,0.41977695802032317
2022-12-16 20:00:00,0.3053972365151868
2022-12-17 00:00:00,0.455646736643141
2022-12-17 04:00:00,-0.8598735400464306
2022-12-17 08:00:00,-0.8491020957440298
2022-12-17 12:00:00,-0.7935545689741244
2022-12-17 16:00:00,-0.5780972404429717
2022-12-17 20:00:00,-0.8704246664464232
2022-12-18 00:00:00,-0.5016641313557699
2022-12-18 04:00:00,-0.7954436678874
2022-12-18 08:00:00,0.18462050774566555
2022-12-18 12:00:00,0.8430840017264911
2022-12-18 16:00:00,-0.3389550236127604
2022-12-18 20:00:00,0.7332352441352435
2022-12-19 00:00:00,-0.23348373425648622
2022-12-19 04:00:00,0.8574768164285647
2022-12-19 08:00:00,-0.07484292901435424
2022-12-19 12:00:00,-0.512972191032101
2022-12-19 16:00:00,0.85434433987371
2022-12-19 20:00:00,0.9243228180737164
2022-12-20 00:00:00,0.7019804871069327
2022-12-20 04:00:00,0.8537104433980642
2022-12-20 08:00:00,-0.3178972868461218
2022-12-20 12:00:00,-0.8524056774337991
2022-12-20 16:00:00,0.7772526769247732
2022-12-20 20:00:00,-0.37424191707465465
2022-12-21 00:00:00,-0.7759428447409147
2022-12-21 04:00:00,-0.6530158558971519
2022-12-21 08:00:00,-0.6646555391943103
2022-12-21 12:00:00,-0.5367199124306059
2022-12-21 16:00:00,0.9401176053137371
2022-12-21 20:00:00,-0.1130472302611655
2022-12-22 00:00:00,-0.5903804890820523
2022-12-22 04:00:00,-0.6909783716859659
2022-12-22 08:00:00,-0.5806652361510232
2022-12-22 12:00:00,0.3647377205975049
2022-12-22 16:00:00,0.943623569812505
2022-12-22 20:00:00,0.479084711400155
2022-12-23 00:00:00,0.41717455457844693
2022-12-23 04:00:00,-0.685612246356171
2022-12-23 08:00:00,-0.8432820806409065
2022-12-23 12:00:00,-0.6032448631618211
2022-12-23 16:00:00,0.9199592036912835
2022-12-23 20:00:00,-0.5020508436506905
2022-12-24 00:00:00,-0.3901291003042379
2022-12-24 04:00:00,-0.5815218203463434
2022-12-24 08:00:00,-0.4819060930145452
2022-12-24 12:00:00,-0.6765607455050063
2022-12-24 16:00:00,-0.78692254490686
2022-12-24 20:00:00,-0.6509678148893301
2022-12-25 00:00:00,0.37198549831880556
2022-12-25 04:00:00,-0.8738229676810576
2022-12-25 08:00:00,0.7162405168906109
2022-12-25 12:00:00,-0.3402652631559311
2022-12-25 16:00:00,0.9381339998871063
2022-12-25 20:00:00,0.2632686720505155
2022-12-26 00:00:00,-0.21034205997344785
2022-12-26 04:00:00,-0.18250545101852214
2022-12-26 08:00:00,-0.5653339061000712
2022-12-26 12:00:00,-0.8276462783293697
2022-12-26 16:00:00,0.7739686337827302
2022-12-26 20:00:00,-0.7137258099809511
2022-12-27 00:00:00,0.7425109173247909
2022-12-27 04:00:00,0.9294199516318928
2022-12-27 08:00:00,-0.7022213610572076
2022-12-27 12:00:00,0.5273677922098352
2022-12-27 16:00:00,0.9163626626224964
2022-12-27 20:00:00,0.8065010873733955
2022-12-28 00:00:00,-0.5881668511677315
2022-12-28 04:00:00,0.2943709101758223
2022-12-28 08:00:00,-0.5534967495222549
2022-12-28 12:00:00,-0.6531268257704315
2022-12-28 16:00:00,0.910794573650687
2022-12-28 20:00:00,-0.3756653673306565
2022-12-29 00:00:00,0.488164335984759
2022-12-29 04:00:00,-0.6953624403626887
2022-12-29 08:00:00,-0.785568945060949
2022-12-29 12:00:00,0.017373783339624537
2022-12-29 16:00:00,0.5888259670896773
2022-12-29 20:00:00,-0.38233072977142835
2022-12-30 00:00:00,-0.10004634229361677
2022-12-30 04:00:00,-0.8512155405790618
2022-12-30 08:00:00,0.6670140449677896
2022-12-30 12:00:00,-0.43767196809938225
2022-12-30 16:00:00,0.9239743615002559
2022-12-30 20:00:00,-0.36230566516665164
2022-12-31 00:00:00,-0.5321958959002355
2022-12-31 04:00:00,-0.7225685839857615
2022-12-31 08:00:00,-0.6339286567137632
2022-12-31 12:00:00,-0.21266996916324848
2022-12-31 16:00:00,0.8528006030288027
2022-12-31 20:00:00,-0.49555495031819063
2023-01-01 00:00:00,0.19227459217311535
2023-01-01 04:00:00,-0.7011380090760664
2023-01-01 08:00:00,-0.44743347095731745
2023-01-01 12:00:00,-0.512446494042227
2023-01-01 16:00:00,-0.6320163323005802
2023-01-01 20:00:00,0.9321275903780855
2023-01-02 00:00:00,-0.46609128691334084
2023-01-02 04:00:00,0.8928816492143312
2023-01-02 08:00:00,0.9151957229234436
2023-01-02 12:00:00,0.42680113963264643
2023-01-02 16:00:00,0.06494429143908681
2023-01-02 20:00:00,-0.9119468620662072
2023-01-03 00:00:00,-0.15305745778430604
2023-01-03 04:00:00,-0.278871974321484
2023-01-03 08:00:00,0.3936046058037625
2023-01-03 12:00:00,0.3803531484663291
2023-01-03 16:00:00,0.9388775973155121
2023-01-03 20:00:00,0.06753923829657159
2023-01-04 00:00:00,-0.6452081487417741
2023-01-04 04:00:00,0.7658951367436159
2023-01-04 08:00:00,-0.22868991850178524
2023-01-04 12:00:00,-0.18698315080033978
2023-01-04 16:00:00,0.6758173963556507
2023-01-04 20:00:00,0.9048833341973843
2023-01-05 00:00:00,-0.7150714875939201
2023-01-05 04:00:00,-0.7288401913975548
2023-01-05 08:00:00,-0.6607814657193967
2023-01-05 12:00:00,-0.31490126319326317
2023-01-05 16:00:00,0.939611723713573
2023-01-05 20:00:00,0.05792666536636536
2023-01-06 00:00:00,-0.5769839462161266
2023-01-06 04:00:00,-0.555934834203614
2023-01-06 08:00:00,-0.4019029687400141
2023-01-06 12:00:00,0.8723770631936177
2023-01-06 16:00:00,0.9387260251910208
2023-01-06 20:00:00,0.41903433128363726
2023-01-07 00:00:00,0.041108532579594896
2023-01-07 04:00:00,-0.8654788162275637
2023-01-07 08:00:00,-0.7932793642141506
2023-01-07 12:00:00,-0.5787371603757518
2023-01-07 16:00:00,-0.2314473171209916
2023-01-07 20:00:00,-0.7529189575626279
2023-01-08 00:00:00,-0.6335941409586832
2023-01-08 04:00:00,0.4097066429528003
2023-01-08 08:00:00,-0.7519719334498562
2023-01-08 12:00:00,0.8623992658686284
2023-01-08 16:00:00,0.9008796709546153
2023-01-08 20:00:00,0.8026690908712284
2023-01-09 00:00:00,0.919333523417686
2023-01-09 04:00:00,0.9093440979473535
2023-01-09 08:00:00,-0.2289703760327669
2023-01-09 12:00:00,0.06366316423410016
2023-01-09 16:00:00,0.7440152676770786
2023-01-09 20:00:00,0.6023655140368566
2023-01-10 00:00:00,0.03206414918608994
2023-01-10 04:00:00,-0.8883113185849598
2023-01-10 08:00:00,-0.8399640050080842
2023-01-10 12:00:00,-0.39307062830729456
2023-01-10 16:00:00,0.9065402876536774
2023-01-10 20:00:00,0.5243698670301873
2023-01-11 00:00:00,-0.3013584744614793
2023-01-11 04:00:00,-0.5861653429607304
2023-01-11 08:00:00,-0.7528199535245994
2023-01-11 12:00:00,-0.6500693332219825
2023-01-11 16:00:00,0.9168889946659418
2023-01-11 20:00:00,0.8849126384631043
2023-01-12 00:00:00,0.8808871839979665
2023-01-12 04:00:00,0.8526739926794358
2023-01-12 08:00:00,-0.8022204364709479
2023-01-12 12:00:00,-0.7634366648754831
2023-01-12 16:00:00,0.9140910839078241
2023-01-12 20:00:00,0.7125781366532372
2023-01-13 00:00:00,-0.33865405614431776
2023-01-13 04:00:00,-0.6817288152941415
2023-01-13 08:00:00,-0.7454121507136977
2023-01-13 12:00:00,-0.20182519523377973
2023-01-13 16:00:00,0.9067631044806099
2023-01-13 20:00:00,0.6725521421095615
2023-01-14 00:00:00,0.7146126235689566
2023-01-14 04:00:00,0.9214605647068873
2023-01-14 08:00:00,-0.8377704017670163
2023-01-14 12:00:00,-0.09560468019867767
2023-01-14 16:00:00,-0.31592596321458005
2023-01-14 20:00:00,-0.7019548864295031
2023-01-15 00:00:00,-0.7773580499750187
2023-01-15 04:00:00,-0.45917083980212087
2023-01-15 08:00:00,-0.7453031730894304
2023-01-15 12:00:00,-0.17878752059958467
2023-01-15 16:00:00,0.5255217650839309
2023-01-15 20:00:00,0.7352924819284983
2023-01-16 00:00:00,-0.6805590107754081
2023-01-16 04:00:00,0.9270590141144889
2023-01-16 08:00:00,-0.47074896901249824
2023-01-16 12:00:00,0.278460818294216
2023-01-16 16:00:00,0.32034413678636187
2023-01-16 20:00:00,0.43360586391807354
2023-01-17 00:00:00,-0.551355286231311
2023-01-17 04:00:00,-0.6512980746362568
2023-01-17 08:00:00,-0.8831003433300634
2023-01-17 12:00:00,-0.5995022690087167
2023-01-17 16:00:00,0.9394711881927824
2023-01-17 20:00:00,-0.06085672579014074
2023-01-18 00:00:00,-0.4245918345923516
2023-01-18 04:00:00,-0.4144220646894296
2023-01-18 08:00:00,-0.6916264497726574
2023-01-18 12:00:00,-0.4130214226209576
2023-01-18 16:00:00,0.9434565594933279
2023-01-18 20:00:00,0.8527607923856592
2023-01-19 00:00:00,-0.4486349026043341
2023-01-19 04:00:00,-0.653571806132021
2023-01-19 08:00:00,-0.7135672010120052
2023-01-19 12:00:00,-0.4557429785670566
2023-01-19 16:00:00,0.9013739739161242
2023-01-19 20:00:00,0.6002850029525987
2023-01-20 00:00:00,-0.21515755203362114
2023-01-20 04:00:00,-0.5984686869010749
2023-01-20 08:00:00,-0.5977694827525273
2023-01-20 12:00:00,-0.7868431308459609
2023-01-20 16:00:00,0.9330004329282688
2023-01-20 20:00:00,0.8813460867719407
2023-01-21 00:00:00,0.9104633276439854
2023-01-21 04:00:00,-0.4957215654676633
2023-01-21 08:00:00,-0.8014323355704905
2023-01-21 12:00:00,0.7239989890366461
2023-01-21 16:00:00,-0.2178363222733555
2023-01-21 20:00:00,0.01593304573640838
2023-01-22 00:00:00,-0.4751513142650928
2023-01-22 04:00:00,-0.6914558138469525
2023-01-22 08:00:00,-0.8742587346333651
2023-01-22 12:00:00,-0.6903572467944676
2023-01-22 16:00:00,0.8125588249036405
2023-01-22 20:00:00,0.205120224859549
2023-01-23 00:00:00,0.8817092612551479
2023-01-23 04:00:00,-0.6445027386502762
2023-01-23 08:00:00,-0.7708786598720355
2023-01-23 12:00:00,-0.2097873629876767
2023-01-23 16:00:00,0.8995948738138606
2023-01-23 20:00:00,0.6432952031208907
2023-01-24 00:00:00,-0.6190532180359488
2023-01-24 04:00:00,-0.5888293197856957
2023-01-24 08:00:00,-0.6848438947289655
2023-01-24 12:00:00,0.13134724488430596
2023-01-24 16:00:00,0.9250615974607779
2023-01-24 20:00:00,-0.16620224920087492
2023-01-25 00:00:00,0.786298751744681
2023-01-25 04:00:00,-0.0022091495705961893
2023-01-25 08:00:00,-0.8898679421785117
2023-01-25 12:00:00,-0.5025767009576271
2023-01-25 16:00:00,0.7449882869448388
2023-01-25 20:00:00,-0.10924780274703884
2023-01-26 00:00:00,0.921623893877331
2023-01-26 04:00:00,-0.5058200284517084
2023-01-26 08:00:00,-0.620818147326899
2023-01-26 12:00:00,-0.5372121536541224
2023-01-26 16:00:00,0.448047891093155
2023-01-26 20:00:00,-0.3688281468820153
2023-01-27 00:00:00,-0.6557739035142518
2023-01-27 04:00:00,0.01260592987961429
2023-01-27 08:00:00,-0.4560746206558482
2023-01-27 12:00:00,-0.7051081904636287
2023-01-27 16:00:00,0.9127824768113489
2023-01-27 20:00:00,0.22980592871589758
2023-01-28 00:00:00,0.572848244296086
2023-01-28 04:00:00,-0.8369099736654092
2023-01-28 08:00:00,-0.7767579574535555
2023-01-28 12:00:00,-0.5563200117786987
2023-01-28 16:00:00,0.025115021576623174
2023-01-28 20:00:00,-0.8242004923400869
2023-01-29 00:00:00,-0.7201010667562887
2023-01-29 04:00:00,0.9322409610019776
2023-01-29 08:00:00,-0.40635107882248567
2023-01-29 12:00:00,0.793956535593978
2023-01-29 16:00:00,0.46954136731063084
2023-01-29 20:00:00,0.7265736380709314
2023-01-30 00:00:00,-0.3923884768979897
2023-01-30 04:00:00,-0.8384113615439447
2023-01-30 08:00:00,-0.7814016746879954
2023-01-30 12:00:00,0.8659184258536526
2023-01-30 16:00:00,0.47181221240167825
2023-01-30 20:00:00,0.31164318505064537
2023-01-31 00:00:00,-0.4508612227653502
2023-01-31 04:00:00,-0.8535504940789084
2023-01-31 08:00:00,-0.7606324945142611
2023-01-31 12:00:00,-0.5730125884314802
2023-01-31 16:00:00,0.9234056871623101
2023-01-31 20:00:00,-0.18644786771927496
2023-02-01 00:00:00,0.6220137587917614
2023-02-01 04:00:00,-0.6823075557887137
2023-02-01 08:00:00,-0.7426592601922695
2023-02-01 12:00:00,-0.2627921792875444
2023-02-01 16:00:00,0.6495288116359083
2023-02-01 20:00:00,0.9332831583051974
2023-02-02 00:00:00,0.6616083122253873
2023-02-02 04:00:00,0.0936807584163405
2023-02-02 08:00:00,-0.8622464015101857
2023-02-02 12:00:00,-0.8029894022572496
2023-02-02 16:00:00,0.7481143615706769
2023-02-02 20:00:00,0.6456653903809388
2023-02-03 00:00:00,0.23600786732563567
2023-02-03 04:00:00,-0.6946577563588888
2023-02-03 08:00:00,-0.8441501206293366
2023-02-03 12:00:00,-0.3606947011158602
2023-02-03 16:00:00,0.9218011301170029
2023-02-03 20:00:00,0.23619048467137221
2023-02-04 00:00:00,-0.5530663642218258
2023-02-04 04:00:00,-0.7452931295896915
2023-02-04 08:00:00,-0.6410195791715997
2023-02-04 12:00:00,-0.6188591471353545
2023-02-04 16:00:00,0.8849472662549879
2023-02-04 20:00:00,-0.29577572622644
2023-02-05 00:00:00,-0.4159345875397856
2023-02-05 04:00:00,-0.13342800186277773
2023-02-05 08:00:00,-0.695432673183868
2023-02-05 12:00:00,-0.47067981903789163
2023-02-05 16:00:00,0.9426157655124449
2023-02-05 20:00:00,0.857800056751531
2023-02-06 00:00:00,-0.3651072980537809
2023-02-06 04:00:00,-0.5299831673163727
2023-02-06 08:00:00,-0.29188764258686745
2023-02-06 12:00:00,-0.17799188331137905
2023-02-06 16:00:00,0.9303929433126733
2023-02-06 20:00:00,0.7990105501413552
2023-02-07 00:00:00,-0.43153510676588047
2023-02-07 04:00:00,-0.8163809887682798
2023-02-07 08:00:00,-0.727153047401234
2023-02-07 12:00:00,-0.047972814786226746
2023-02-07 16:00:00,0.7280272180591832
2023-02-07 20:00:00,0.9408909363465132
2023-02-08 00:00:00,-0.3024260021051311
2023-02-08 04:00:00,-0.5286555449940629
2023-02-08 08:00:00,-0.6659376884385774
2023-02-08 12:00:00,-0.5150557822959206
2023-02-08 16:00:00,0.9190940131782238
2023-02-08 20:00:00,0.8656984595615389
2023-02-09 00:00:00,-0.5170201178682411
2023-02-09 04:00:00,0.5522237886809565
2023-02-09 08:00:00,-0.2845204523370151
2023-02-09 12:00:00,-0.7142492603637858
2023-02-09 16:00:00,0.7971479013769984
2023-02-09 20:00:00,0.9033503356078423
2023-02-10 00:00:00,0.43608214483929797
2023-02-10 04:00:00,-0.7414265408402372
2023-02-10 08:00:00,-0.5966751996048262
2023-02-10 12:00:00,-0.5859856543422987
2023-02-10 16:00:00,0.7221059810460904
2023-02-10 20:00:00,0.2395595997981067
2023-02-11 00:00:00,-0.618068284369021
2023-02-11 04:00:00,-0.8188114727053036
2023-02-11 08:00:00,-0.8048756135216916
2023-02-11 12:00:00,-0.6909347725826849
2023-02-11 16:00:00,0.08724219693993204
2023-02-11 20:00:00,-0.03061756325939629
2023-02-12 00:00:00,0.7538675044295443
2023-02-12 04:00:00,-0.6501250484616133
2023-02-12 08:00:00,-0.818763160409515
2023-02-12 12:00:00,0.7194398340290572
2023-02-12 16:00:00,0.8982650566760816
2023-02-12 20:00:00,0.6472841323425309
2023-02-13 00:00:00,0.7286690665684787
2023-02-13 04:00:00,0.6425138600736308
2023-02-13 08:00:00,-0.9231365653397051
2023-02-13 12:00:00,0.9309943721788538
2023-02-13 16:00:00,0.08153971579851652
2023-02-13 20:00:00,0.6755330603202659
2023-02-14 00:00:00,-0.6561306571679653
2023-02-14 04:00:00,-0.8139180919077418
2023-02-14 08:00:00,-0.6837951257413643
2023-02-14 12:00:00,0.015903082783251074
2023-02-14 16:00:00,0.9444994386397982
2023-02-14 20:00:00,0.19207268130787075
2023-02-15 00:00:00,-0.5152596130495176
2023-02-15 04:00:00,-0.5985388424922505
2023-02-15 08:00:00,-0.6107324512723542
2023-02-15 12:00:00,0.33372977084729305
2023-02-15 16:00:00,0.9380467325505693
2023-02-15 20:00:00,0.5393930240244151
2023-02-16 00:00:00,0.7713886453585873
2023-02-16 04:00:00,-0.49936813428241994
2023-02-16 08:00:00,-0.828200899596389
2023-02-16 12:00:00,-0.795534515658403
2023-02-16 16:00:00,0.7250622170810718
2023-02-16 20:00:00,0.8020796731971038
2023-02-17 00:00:00,0.5785907202835006
2023-02-17 04:00:00,-0.46880465481051187
2023-02-17 08:00:00,-0.9004391580612006
2023-02-17 12:00:00,-0.6105858743702387
2023-02-17 16:00:00,0.8324155462722758
2023-02-17 20:00:00,0.7393300389851986
2023-02-18 00:00:00,0.4616621600761197
2023-02-18 04:00:00,-0.8576105882397462
2023-02-18 08:00:00,-0.8199873077494636
2023-02-18 12:00:00,-0.6322916609670258
2023-02-18 16:00:00,-0.21144407603955556
2023-02-18 20:00:00,0.8023375794708464
2023-02-19 00:00:00,-0.8554395344872787
2023-02-19 04:00:00,-0.6758622177421669
2023-02-19 08:00:00,0.4695441494835082
2023-02-19 12:00:00,-0.27969038883029745
2023-02-19 16:00:00,0.9262887715756647
2023-02-19 20:00:00,0.9283339594846197
2023-02-20 00:00:00,-0.2613739496783795
2023-02-20 04:00:00,0.13736980588003347
2023-02-20 08:00:00,-0.759665338246553
2023-02-20 12:00:00,0.44565428519996025
2023-02-20 16:00:00,0.7596494194546879
2023-02-20 20:00:00,-0.38533504366945137
2023-02-21 00:00:00,-0.8136780901411428
2023-02-21 04:00:00,-0.49656167047832733
2023-02-21 08:00:00,-0.5982946723850988
2023-02-21 12:00:00,0.9255858221253568
2023-02-21 16:00:00,0.6103428366525212
2023-02-21 20:00:00,0.3452412116945096
2023-02-22 00:00:00,-0.5303026407732551
2023-02-22 04:00:00,-0.3623154119066877
2023-02-22 08:00:00,-0.8214313249956611
2023-02-22 12:00:00,-0.4410990799487345
2023-02-22 16:00:00,0.923883354463236
2023-02-22 20:00:00,0.5268431032360146
2023-02-23 00:00:00,-0.7724245268715685
2023-02-23 04:00:00,-0.35466369673945475
2023-02-23 08:00:00,-0.7819104095412672
2023-02-23 12:00:00,0.7545488925314096
2023-02-23 16:00:00,0.9171447003384919
2023-02-23 20:00:00,-0.06833580216807479
2023-02-24 00:00:00,-0.7185985117342846
2023-02-24 04:00:00,-0.7278898746735543
2023-02-24 08:00:00,-0.5842008908808101
2023-02-24 12:00:00,-0.3926269223527589
2023-02-24 16:00:00,0.9455704495243071
2023-02-24 20:00:00,0.8192566567856637
2023-02-25 00:00:00,-0.45519606115361205
2023-02-25 04:00:00,-0.7751977082462974
2023-02-25 08:00:00,-0.7346448680646726
2023-02-25 12:00:00,-0.33489078442069187
2023-02-25 16:00:00,0.13095410292384904
2023-02-25 20:00:00,0.20155195062120987
2023-02-26 00:00:00,0.8461091942885203
2023-02-26 04:00:00,-0.8693021867616058
2023-02-26 08:00:00,-0.8039917738038945
2023-02-26 12:00:00,-0.26501149008978153
2023-02-26 16:00:00,0.5846575284900015
2023-02-26 20:00:00,0.9059219689989271
2023-02-27 00:00:00,0.8342607151808176
2023-02-27 04:00:00,-0.6521451412913282
2023-02-27 08:00:00,-0.684001098574213
2023-02-27 12:00:00,-0.6848275762332975
2023-02-27 16:00:00,0.9306781536999418
2023-02-27 20:00:00,0.718476595066308
2023-02-28 00:00:00,-0.4219964720123956
2023-02-28 04:00:00,-0.7155098305699744
2023-02-28 08:00:00,-0.6821941634730155
2023-02-28 12:00:00,-0.39594500392045406
2023-02-28 16:00:00,0.933165706855554
2023-02-28 20:00:00,0.5301235597015391
2023-03-01 00:00:00,0.41030945814365566
2023-03-01 04:00:00,-0.11931346942197137
2023-03-01 08:00:00,0.11686274202370468
2023-03-01 12:00:00,-0.7608865822883492
2023-03-01 16:00:00,0.9192530860470715
2023-03-01 20:00:00,-0.0167945001155244
2023-03-02 00:00:00,-0.7654723359820222
2023-03-02 04:00:00,-0.7477283442221966
2023-03-02 08:00:00,-0.8073542452946699
2023-03-02 12:00:00,-0.6651310668777369
2023-03-02 16:00:00,0.9268105046145949
2023-03-02 20:00:00,0.2265291459800742
2023-03-03 00:00:00,-0.5412794450260134
2023-03-03 04:00:00,0.9285656555954506
2023-03-03 08:00:00,-0.550838348339007
2023-03-03 12:00:00,-0.5031723724907529
2023-03-03 16:00:00,0.16940802355381987
2023-03-03 20:00:00,-0.46264235074131516
2023-03-04 00:00:00,-0.47212038610024715
2023-03-04 04:00:00,-0.8404474121921974
2023-03-04 08:00:00,-0.6667956994592059
2023-03-04 12:00:00,-0.7381790172774891
2023-03-04 16:00:00,-0.3750034218909099
2023-03-04 20:00:00,0.4852492864647899
2023-03-05 00:00:00,0.9307814744846018
2023-03-05 04:00:00,0.9299207632213359
2023-03-05 08:00:00,-0.5105057662236094
2023-03-05 12:00:00,-0.5056641489066479
2023-03-05 16:00:00,-0.4687936977435688
2023-03-05 20:00:00,-0.5837760985613786
2023-03-06 00:00:00,0.9252193660045844
2023-03-06 04:00:00,0.8927986013357653
2023-03-06 08:00:00,-0.5335429754455734
2023-03-06 12:00:00,-0.17150266924268115
2023-03-06 16:00:00,0.8274128470005303
2023-03-06 20:00:00,0.7192818790373414
2023-03-07 00:00:00,-0.5021999284247017
2023-03-07 04:00:00,-0.5323184070157506
2023-03-07 08:00:00,-0.81963929001552
2023-03-07 12:00:00,0.2575146939957128
2023-03-07 16:00:00,0.9438490802896801
2023-03-07 20:00:00,0.3185030161445586
2023-03-08 00:00:00,-0.11284144441204225
2023-03-08 04:00:00,-0.6740074337857248
2023-03-08 08:00:00,-0.3738692816198923
2023-03-08 12:00:00,-0.582415169872946
2023-03-08 16:00:00,0.922009189231803
2023-03-08 20:00:00,-0.14531643541231806
2023-03-09 00:00:00,0.33861979427477823
2023-03-09 04:00:00,-0.7248493978190733
2023-03-09 08:00:00,-0.7994964520241499
2023-03-09 12:00:00,0.48955968685242773
2023-03-09 16:00:00,0.8316151324275006
2023-03-09 20:00:00,0.9297003847649203
2023-03-10 00:00:00,0.7954905817576229
2023-03-10 04:00:00,0.22321306946341934
2023-03-10 08:00:00,-0.6941225672788037
2023-03-10 12:00:00,-0.5733566940910165
2023-03-10 16:00:00,0.8674141544654805
2023-03-10 20:00:00,-0.20543663504260287
2023-03-11 00:00:00,-0.7731250357366779
2023-03-11 04:00:00,-0.12389648664945767
2023-03-11 08:00:00,-0.5764145740998391
2023-03-11 12:00:00,-0.222668750702709
2023-03-11 16:00:00,-0.8563281800889564
2023-03-11 20:00:00,-0.5681791930055593
2023-03-12 00:00:00,-0.5280275977665885
2023-03-12 04:00:00,-0.6395154495291353
2023-03-12 08:00:00,-0.9103665950646497
2023-03-12 12:00:00,-0.6600809221266107
2023-03-12 16:00:00,0.3623689664828019
2023-03-12 20:00:00,0.9434478151964089
2023-03-13 00:00:00,0.8088350179242116
2023-03-13 04:00:00,0.30987329098649996
2023-03-13 08:00:00,-0.6830945308546597
2023-03-13 12:00:00,-0.07482617326847688
2023-03-13 16:00:00,0.9290737591814967
2023-03-13 20:00:00,-0.16878508256422883
2023-03-14 00:00:00,-0.677686454582572
2023-03-14 04:00:00,-0.5992977680458332
2023-03-14 08:00:00,-0.4032335301274251
2023-03-14 12:00:00,0.22802625677848504
2023-03-14 16:00:00,0.9426031482201047
2023-03-14 20:00:00,0.397219285279367
2023-03-15 00:00:00,-0.34323109100458804
2023-03-15 04:00:00,-0.7216501574347431
2023-03-15 08:00:00,-0.7769728783814606
2023-03-15 12:00:00,-0.08560276400506608
2023-03-15 16:00:00,0.9151923594225627
2023-03-15 20:00:00,0.555601609864462
2023-03-16 00:00:00,-0.7090206406352674
2023-03-16 04:00:00,-0.7378653078112493
2023-03-16 08:00:00,-0.5679474223473413
2023-03-16 12:00:00,0.3918267826818745
2023-03-16 16:00:00,0.8401548463789559
2023-03-16 20:00:00,-0.028851377451903876
2023-03-17 00:00:00,-0.7625237594735151
2023-03-17 04:00:00,0.6174613600702852
2023-03-17 08:00:00,0.09440148089736558
2023-03-17 12:00:00,0.8987761051729117
2023-03-17 16:00:00,0.7469497665192388
2023-03-17 20:00:00,-0.5985230247261312
2023-03-18 00:00:00,0.2808202313623489
2023-03-18 04:00:00,-0.84718029910269
2023-03-18 08:00:00,-0.8892000658214296
2023-03-18 12:00:00,-0.691424875117255
2023-03-18 16:00:00,0.008051499575188345
2023-03-18 20:00:00,0.8258962026938169
2023-03-19 00:00:00,-0.5208440547589974
2023-03-19 04:00:00,-0.7892831513046097
2023-03-19 08:00:00,-0.6749560772637833
2023-03-19 12:00:00,-0.3733126545707204
2023-03-19 16:00:00,0.9359379092375165
2023-03-19 20:00:00,0.9182809130159528
2023-03-20 00:00:00,0.11189504847946788
2023-03-20 04:00:00,0.01703615618116336
2023-03-20 08:00:00,-0.5065788953802417
2023-03-20 12:00:00,0.5104519748234306
2023-03-20 16:00:00,0.6403013407517737
2023-03-20 20:00:00,-0.3202585080829027
2023-03-21 00:00:00,-0.9060029516393971
2023-03-21 04:00:00,-0.826077344499774
2023-03-21 08:00:00,-0.18327950515329564
2023-03-21 12:00:00,0.7030044801136517
2023-03-21 16:00:00,0.8652939095421894
2023-03-21 20:00:00,0.5372745025652776
2023-03-22 00:00:00,-0.9131111245191219
2023-03-22 04:00:00,-0.7685888154626593
2023-03-22 08:00:00,-0.7022031766248011
2023-03-22 12:00:00,-0.545076336601645
2023-03-22 16:00:00,0.8345052351414683
2023-03-22 20:00:00,0.9330130555651448
2023-03-23 00:00:00,-0.2556068594847076
2023-03-23 04:00:00,-0.643710559940453
2023-03-23 08:00:00,-0.6110961080283487
2023-03-23 12:00:00,-0.5350163513487077
2023-03-23 16:00:00,0.9138854935760626
2023-03-23 20:00:00,0.6706629500536468
2023-03-24 00:00:00,-0.5630315020831657
2023-03-24 04:00:00,-0.7245984688552057
2023-03-24 08:00:00,-0.6828237251917753
2023-03-24 12:00:00,0.15395136588503058
2023-03-24 16:00:00,0.7878501863896519
2023-03-24 20:00:00,0.6822838831418726
2023-03-25 00:00:00,0.35827262327081055
2023-03-25 04:00:00,-0.9025235758588667
2023-03-25 08:00:00,-0.7700008619798692
2023-03-25 12:00:00,-0.595392377233321
2023-03-25 16:00:00,0.15764646604200436
2023-03-25 20:00:00,0.8590580010169766
2023-03-26 00:00:00,-0.6345123381577489
2023-03-26 04:00:00,-0.7769280960840725
2023-03-26 08:00:00,-0.812127100792471
2023-03-26 12:00:00,0.523416308859991
2023-03-26 16:00:00,0.9339633796593554
2023-03-26 20:00:00,-0.38598726476608075
2023-03-27 00:00:00,-0.03863374150036038
2023-03-27 04:00:00,-0.5778671512662026
2023-03-27 08:00:00,-0.31809729682003907
2023-03-27 12:00:00,-0.05757486768849792
2023-03-27 16:00:00,0.9451781395018031
2023-03-27 20:00:00,0.10232306032499659
2023-03-28 00:00:00,-0.5123901444531186
2023-03-28 04:00:00,-0.44628634788908317
2023-03-28 08:00:00,-0.5386795422579902
2023-03-28 12:00:00,0.7533982158151616
2023-03-28 16:00:00,0.7854778084178183
2023-03-28 20:00:00,0.804281178488028
2023-03-29 00:00:00,-0.811008620395674
2023-03-29 04:00:00,-0.8309953910015763
2023-03-29 08:00:00,0.794022755636881
2023-03-29 12:00:00,0.7407544386619284
2023-03-29 16:00:00,0.23004337967106359
2023-03-29 20:00:00,-0.5371241020595108
2023-03-30 00:00:00,-0.86089616801721
2023-03-30 04:00:00,0.8812733087288129
2023-03-30 08:00:00,-0.46573743674624585
2023-03-30 12:00:00,-0.4671659522946704
2023-03-30 16:00:00,0.21797081951184352
2023-03-30 20:00:00,0.4192947259394518
2023-03-31 00:00:00,-0.6469448772775442
2023-03-31 04:00:00,-0.4513487758143497
2023-03-31 08:00:00,-0.07630225951509242
2023-03-31 12:00:00,-0.5761141270598759
2023-03-31 16:00:00,0.9369717023244163
2023-03-31 20:00:00,-0.5781601931655971
2023-04-01 00:00:00,-0.714235818049966
2023-04-01 04:00:00,-0.48333387814410017
2023-04-01 08:00:00,-0.5716387825012016
2023-04-01 12:00:00,-0.8608749373625689
2023-04-01 16:00:00,-0.2011557843730268
2023-04-01 20:00:00,-0.7810887366494502
2023-04-02 00:00:00,-0.22139435072673094
2023-04-02 04:00:00,-0.5675640731074987
2023-04-02 08:00:00,-0.808182919732914
2023-04-02 12:00:00,0.09666285954967925
2023-04-02 16:00:00,0.9425811409621075
2023-04-02 20:00:00,0.7430838387551445
2023-04-03 00:00:00,0.13259771137351958
2023-04-03 04:00:00,0.6819460497783448
2023-04-03 08:00:00,-0.7617283086074599
2023-04-03 12:00:00,0.9315633404906729
2023-04-03 16:00:00,0.5286599472599224
2023-04-03 20:00:00,-0.29964930515357496
2023-04-04 00:00:00,0.8151919076136043
2023-04-04 04:00:00,-0.8711725126114823
2023-04-04 08:00:00,-0.7031903801480515
2023-04-04 12:00:00,0.06012619505384203
2023-04-04 16:00:00,0.1348339013144086
2023-04-04 20:00:00,-0.6626736050428773
2023-04-05 00:00:00,-0.8124076402564655
2023-04-05 04:00:00,0.8017806129759363
2023-04-05 08:00:00,-0.6719594941357304
2023-04-05 12:00:00,-0.4861418528556911
2023-04-05 16:00:00,0.9022409368530631
2023-04-05 20:00:00,-0.04399533601276814
2023-04-06 00:00:00,-0.6213934988510532
2023-04-06 04:00:00,-0.40930762849807983
2023-04-06 08:00:00,-0.5945371826832476
2023-04-06 12:00:00,0.5249373908326557
2023-04-06 16:00:00,0.8872901180665089
2023-04-06 20:00:00,-0.6275321125804126
2023-04-07 00:00:00,-0.7095423448371978
2023-04-07 04:00:00,-0.7483305679805335
2023-04-07 08:00:00,-0.22799425027361078
2023-04-07 12:00:00,0.7427795411167155
2023-04-07 16:00:00,0.8218508209258923
2023-04-07 20:00:00,-0.8565370563591381
2023-04-08 00:00:00,-0.7503775050328788
2023-04-08 04:00:00,-0.3564784446252312
2023-04-08 08:00:00,0.2688462246984438
2023-04-08 12:00:00,-0.5060404290798929
2023-04-08 16:00:00,-0.3888397611372598
2023-04-08 20:00:00,0.29592031397019036
2023-04-09 00:00:00,-0.7527343007842596
2023-04-09 04:00:00,0.8054373973195728
2023-04-09 08:00:00,0.9201485159911216
2023-04-09 12:00:00,-0.10933644814462257
2023-04-09 16:00:00,0.1914707121874501
2023-04-09 20:00:00,0.921791833882255
2023-04-10 00:00:00,0.9100835129526375
2023-04-10 04:00:00,-0.347159490451541
2023-04-10 08:00:00,-0.5719000212426992
2023-04-10 12:00:00,-0.576987886667208
2023-04-10 16:00:00,0.8016082752605581
2023-04-10 20:00:00,0.939248185072383
2023-04-11 00:00:00,0.30019747839174377
2023-04-11 04:00:00,0.5794273828565735
2023-04-11 08:00:00,-0.7448001491544202
2023-04-11 12:00:00,-0.8004483240286661
2023-04-11 16:00:00,-0.15619333057894413
2023-04-11 20:00:00,-0.11004903119162851
2023-04-12 00:00:00,-0.6990959905415544
2023-04-12 04:00:00,0.4508206894957731
2023-04-12 08:00:00,-0.8678088055631247
2023-04-12 12:00:00,-0.7735391538637941
2023-04-12 16:00:00,0.9395503556584972
2023-04-12 20:00:00,-0.31250177073636326
2023-04-13 00:00:00,-0.5364778647939278
2023-04-13 04:00:00,-0.4332209644415547
2023-04-13 08:00:00,-0.5267412847205278
2023-04-13 12:00:00,0.8773734909259615
2023-04-13 16:00:00,0.9080322860513675
2023-04-13 20:00:00,0.010422372551591952
2023-04-14 00:00:00,-0.6525624236734971
2023-04-14 04:00:00,0.8238892536130502
2023-04-14 08:00:00,-0.08902825325896577
2023-04-14 12:00:00,-0.5951846859973757
2023-04-14 16:00:00,0.8309870966827946
2023-04-14 20:00:00,-0.28536428187420504
2023-04-15 00:00:00,-0.7466059747842128
2023-04-15 04:00:00,-0.6435461083902921
2023-04-15 08:00:00,-0.7074667077501872
2023-04-15 12:00:00,-0.6277529814288734
2023-04-15 16:00:00,-0.2662675238935696
2023-04-15 20:00:00,0.4933457761279035
2023-04-16 00:00:00,-0.8074036568113113
2023-04-16 04:00:00,-0.4307407053244881
2023-04-16 08:00:00,-0.7158929105259828
2023-04-16 12:00:00,-0.13779505840431988
2023-04-16 16:00:00,0.9311094184976718
2023-04-16 20:00:00,0.9216091323396596
2023-04-17 00:00:00,0.26292115705473373
2023-04-17 04:00:00,0.9335601822933134
2023-04-17 08:00:00,-0.5213083122383586
2023-04-17 12:00:00,0.6899627396587644
2023-04-17 16:00:00,0.7722945248516973
2023-04-17 20:00:00,-0.6552444470205845
2023-04-18 00:00:00,-0.7352511409514223
2023-04-18 04:00:00,-0.3356826413365246
2023-04-18 08:00:00,-0.14606377658268918
2023-04-18 12:00:00,0.9285332907421566
2023-04-18 16:00:00,0.8571022785504805
2023-04-18 20:00:00,-0.23441043795341482
2023-04-19 00:00:00,-0.7829394052922678
2023-04-19 04:00:00,-0.7988463191962736
2023-04-19 08:00:00,-0.40450854438289996
2023-04-19 12:00:00,0.9419292998592563
2023-04-19 16:00:00,0.019370655266134826
2023-04-19 20:00:00,-0.41647560085238094
2023-04-20 00:00:00,0.3977191684174269
2023-04-20 04:00:00,-0.5152553884965617
2023-04-20 08:00:00,-0.722504807419464
2023-04-20 12:00:00,-0.4584938427597149
2023-04-20 16:00:00,0.7817055249224449
2023-04-20 20:00:00,0.8550037449329827
2023-04-21 00:00:00,-0.5604669095405677
2023-04-21 04:00:00,-0.7019376796427075
2023-04-21 08:00:00,0.060311807940124904
2023-04-21 12:00:00,-0.43693842405355965
2023-04-21 16:00:00,0.7795928159339047
2023-04-21 20:00:00,0.9037771176316677
2023-04-22 00:00:00,-0.5869910118561293
2023-04-22 04:00:00,-0.8044008891737257
2023-04-22 08:00:00,-0.7527716444491197
2023-04-22 12:00:00,-0.54086241281912
2023-04-22 16:00:00,0.4730132911271544
2023-04-22 20:00:00,0.8646341961367243
2023-04-23 00:00:00,-0.11116581076127903
2023-04-23 04:00:00,0.008124566715410425
2023-04-23 08:00:00,-0.9000533061851336
2023-04-23 12:00:00,-0.44111983818288175
2023-04-23 16:00:00,0.6004072594237051
2023-04-23 20:00:00,0.8248895449560707
2023-04-24 00:00:00,-0.5895747235500522
2023-04-24 04:00:00,0.83742653887948
2023-04-24 08:00:00,-0.2365281472778744
2023-04-24 12:00:00,0.8150042612818078
2023-04-24 16:00:00,0.8392517922082081
2023-04-24 20:00:00,0.7870096468094039
2023-04-25 00:00:00,-0.8620077783565934
2023-04-25 04:00:00,-0.752732989896835
2023-04-25 08:00:00,-0.5950357768495893
2023-04-25 12:00:00,-0.033602278959190296
2023-04-25 16:00:00,0.8989119704656614
2023-04-25 20:00:00,0.8967531017947064
2023-04-26 00:00:00,0.9132532017361992
2023-04-26 04:00:00,-0.38209789253909493
2023-04-26 08:00:00,-0.6466677496179676
2023-04-26 12:00:00,0.8944846182969989
2023-04-26 16:00:00,0.88958501825226
2023-04-26 20:00:00,0.7084102482414373
2023-04-27 00:00:00,0.6891542811094813
2023-04-27 04:00:00,-0.7124165504937756
2023-04-27 08:00:00,-0.9229126144401705
2023-04-27 12:00:00,-0.79750797956814
2023-04-27 16:00:00,-0.02158735587858297
2023-04-27 20:00:00,0.5828018060019706
2023-04-28 00:00:00,-0.6822822001101911
2023-04-28 04:00:00,-0.7341202257937891
2023-04-28 08:00:00,-0.7692243039821907
2023-04-28 12:00:00,-0.318399645278346
2023-04-28 16:00:00,0.929870088460548
2023-04-28 20:00:00,-0.33393506109103305
2023-04-29 00:00:00,-0.7874413024388424
2023-04-29 04:00:00,-0.6776036455975885
2023-04-29 08:00:00,-0.5829311132292792
2023-04-29 12:00:00,-0.5373090766134896
2023-04-29 16:00:00,0.24058200330183457
2023-04-29 20:00:00,0.7857532014754425
2023-04-30 00:00:00,-0.9265469725827049
2023-04-30 04:00:00,-0.6467058230026561
2023-04-30 08:00:00,-0.5862796890569297
2023-04-30 12:00:00,0.2478764107800858
2023-04-30 16:00:00,0.9450295126871469
2023-04-30 20:00:00,0.7449072571172249
2023-05-01 00:00:00,-0.05291472899314033
2023-05-01 04:00:00,0.753917359604912
2023-05-01 08:00:00,-0.7171759110944417
2023-05-01 12:00:00,-0.8338431412198777
2023-05-01 16:00:00,0.602569175387759
2023-05-01 20:00:00,0.6481221550255752
2023-05-02 00:00:00,-0.24780843281896323
2023-05-02 04:00:00,-0.728747050814109
2023-05-02 08:00:00,-0.7804594727148553
2023-05-02 12:00:00,-0.5619933771085079
2023-05-02 16:00:00,0.9393265521004562
2023-05-02 20:00:00,0.20113418442974515
2023-05-03 00:00:00,-0.47547959426790753
2023-05-03 04:00:00,-0.47829559167015634
2023-05-03 08:00:00,-0.5942676258301253
2023-05-03 12:00:00,-0.3369656441314232
2023-05-03 16:00:00,0.9443706028197535
2023-05-03 20:00:00,0.9113326028766721
2023-05-04 00:00:00,0.4143496302231912
2023-05-04 04:00:00,-0.7659052659805691
2023-05-04 08:00:00,-0.7614170200319922
2023-05-04 12:00:00,-0.4794790909802704
2023-05-04 16:00:00,0.7613466580543423
2023-05-04 20:00:00,-0.2251224952969301
2023-05-05 00:00:00,-0.779470641269256
2023-05-05 04:00:00,0.600608470342643
2023-05-05 08:00:00,-0.466153353243025
2023-05-05 12:00:00,-0.48006526412687334
2023-05-05 16:00:00,0.9056420404935026
2023-05-05 20:00:00,0.4253659394485184
2023-05-06 00:00:00,-0.687199713451251
2023-05-06 04:00:00,-0.26990640271654215
2023-05-06 08:00:00,-0.7093512708637779
2023-05-06 12:00:00,-0.190871006122997
2023-05-06 16:00:00,0.937280409857519
2023-05-06 20:00:00,-0.2131334988972908
2023-05-07 00:00:00,-0.6263548984752418
2023-05-07 04:00:00,-0.37850706151170704
2023-05-07 08:00:00,-0.6475486369037803
2023-05-07 12:00:00,-0.3604197532423829
2023-05-07 16:00:00,0.6173484637197014
2023-05-07 20:00:00,-0.26956429726668446
2023-05-08 00:00:00,0.871992000018209
2023-05-08 04:00:00,0.9412073961853471
2023-05-08 08:00:00,0.10190186265390697
2023-05-08 12:00:00,0.5591258580051648
2023-05-08 16:00:00,0.21758884187337602
2023-05-08 20:00:00,0.7863086413100914
2023-05-09 00:00:00,-0.8492686617155651
2023-05-09 04:00:00,-0.8038567346801557
2023-05-09 08:00:00,-0.6156289121368865
2023-05-09 12:00:00,-0.48357234344427286
2023-05-09 16:00:00,0.9414842791588895
2023-05-09 20:00:00,0.2533595029841727
2023-05-10 00:00:00,-0.7926670569370939
2023-05-10 04:00:00,-0.4326045939165164
2023-05-10 08:00:00,-0.6496119429726568
2023-05-10 12:00:00,-0.36757036860259934
2023-05-10 16:00:00,0.9448964993396081
2023-05-10 20:00:00,0.8842190492159236
2023-05-11 00:00:00,-0.3290584768641999
2023-05-11 04:00:00,-0.6451732459738388
2023-05-11 08:00:00,-0.7285399510023549
2023-05-11 12:00:00,-0.4713032722637665
2023-05-11 16:00:00,0.924266353163782
2023-05-11 20:00:00,0.7113568823945539
2023-05-12 00:00:00,-0.5953198018051662
2023-05-12 04:00:00,-0.12005437488707833
2023-05-12 08:00:00,0.5223209975224794
2023-05-12 12:00:00,-0.6951788996827531
2023-05-12 16:00:00,0.30532225401217367
2023-05-12 20:00:00,0.6792508828803563
2023-05-13 00:00:00,-0.06404436269569366
2023-05-13 04:00:00,-0.7922687310530921
2023-05-13 08:00:00,-0.8588215075282454
2023-05-13 12:00:00,-0.7229913772637848
2023-05-13 16:00:00,-0.3698685209931788
2023-05-13 20:00:00,0.6427498408201664
2023-05-14 00:00:00,-0.6569476127715841
2023-05-14 04:00:00,0.5226627792054441
2023-05-14 08:00:00,-0.8789133937354253
2023-05-14 12:00:00,-0.6895124810584112
2023-05-14 16:00:00,0.925074289133003
2023-05-14 20:00:00,0.2690872781130308
2023-05-15 00:00:00,-0.5345202802216159
2023-05-15 04:00:00,0.8634335747031572
2023-05-15 08:00:00,0.7003308447661805
2023-05-15 12:00:00,-0.44891812292382294
2023-05-15 16:00:00,0.13071518974273752
2023-05-15 20:00:00,0.37501438318333935
2023-05-16 00:00:00,-0.8178669851884214
2023-05-16 04:00:00,0.6662834981100391
2023-05-16 08:00:00,-0.7013654795538681
2023-05-16 12:00:00,0.07258324346982559
2023-05-16 16:00:00,0.7150162729793286
2023-05-16 20:00:00,-0.5992117805503934
2023-05-17 00:00:00,-0.862059859256036
2023-05-17 04:00:00,-0.38895156319593893
2023-05-17 08:00:00,0.00997501722077668
2023-05-17 12:00:00,0.9079372105644639
2023-05-17 16:00:00,0.8468622968142686
2023-05-17 20:00:00,0.8808805520484446
2023-05-18 00:00:00,-0.5760787442961479
2023-05-18 04:00:00,-0.8509597519067938
2023-05-18 08:00:00,-0.49582403939864006
2023-05-18 12:00:00,-0.5681333543914046
2023-05-18 16:00:00,0.9387444004671929
2023-05-18 20:00:00,0.904303658990481
2023-05-19 00:00:00,-0.5923833967121137
2023-05-19 04:00:00,-0.6817472195939294
2023-05-19 08:00:00,-0.6532153846730617
2023-05-19 12:00:00,-0.4624164585086741
2023-05-19 16:00:00,0.9418953639420817
2023-05-19 20:00:00,-0.15688227327023932
2023-05-20 00:00:00,-0.6700272083323734
2023-05-20 04:00:00,-0.6424580969890984
2023-05-20 08:00:00,-0.5720172173774711
2023-05-20 12:00:00,-0.35224714215828107
2023-05-20 16:00:00,0.9162337040552105
2023-05-20 20:00:00,0.9343990408767677
2023-05-21 00:00:00,-0.2992623404825531
2023-05-21 04:00:00,0.35656227034849663
2023-05-21 08:00:00,-0.5790502272950169
2023-05-21 12:00:00,0.8232307137084801
2023-05-21 16:00:00,0.606265058741559
2023-05-21 20:00:00,-0.654128001477649
2023-05-22 00:00:00,0.12550880849483959
2023-05-22 04:00:00,0.7268130401124652
2023-05-22 08:00:00,0.0548463789918728
2023-05-22 12:00:00,-0.6926808893972762
2023-05-22 16:00:00,0.9323074084982187
2023-05-22 20:00:00,-0.40561292432550244
2023-05-23 00:00:00,-0.6809032944171026
2023-05-23 04:00:00,0.8224923431194365
2023-05-23 08:00:00,0.33863387877755796
2023-05-23 12:00:00,-0.5350709936860636
2023-05-23 16:00:00,-0.06703343005005406
2023-05-23 20:00:00,-0.5237618044350346
2023-05-24 00:00:00,-0.8173725546728223
2023-05-24 04:00:00,0.9039401063897194
2023-05-24 08:00:00,0.44407693710321644
2023-05-24 12:00:00,-0.30177385481683455
2023-05-24 16:00:00,0.925441061683458
2023-05-24 20:00:00,-0.3070343303968087
2023-05-25 00:00:00,-0.5520026707328719
2023-05-25 04:00:00,-0.030525526310700473
2023-05-25 08:00:00,-0.6884484631932725
2023-05-25 12:00:00,-0.6839603154085173
2023-05-25 16:00:00,0.8519381118420236
2023-05-25 20:00:00,0.26778287504589693
2023-05-26 00:00:00,-0.749404679703876
2023-05-26 04:00:00,-0.49955348809130096
2023-05-26 08:00:00,-0.5680087266458518
2023-05-26 12:00:00,-0.17719333022655206
2023-05-26 16:00:00,0.9434567071427319
2023-05-26 20:00:00,-0.025254346023871548
2023-05-27 00:00:00,-0.6962950363269084
2023-05-27 04:00:00,-0.6115844079948184
2023-05-27 08:00:00,-0.5967820025295443
2023-05-27 12:00:00,-0.42659443129372504
2023-05-27 16:00:00,0.9299067970759216
2023-05-27 20:00:00,0.51929987023868
2023-05-28 00:00:00,-0.5895533660169535
2023-05-28 04:00:00,0.93537443026146
2023-05-28 08:00:00,0.12933800559358213
2023-05-28 12:00:00,-0.1701671840611102
2023-05-28 16:00:00,-0.3244325579672899
2023-05-28 20:00:00,0.8878045546924864
2023-05-29 00:00:00,0.8405762168025401
2023-05-29 04:00:00,0.6141714689456792
2023-05-29 08:00:00,-0.6012131140948231
2023-05-29 12:00:00,-0.8558620044270934
2023-05-29 16:00:00,-0.18990981966367573
2023-05-29 20:00:00,-0.006655058383641768
2023-05-30 00:00:00,-0.8683781160788577
2023-05-30 04:00:00,-0.6170259886461451
2023-05-30 08:00:00,-0.6993782866298575
2023-05-30 12:00:00,0.6145129682557396
2023-05-30 16:00:00,0.9235967217557391
2023-05-30 20:00:00,-0.09183085797575942
2023-05-31 00:00:00,-0.7486128495518536
2023-05-31 04:00:00,-0.5604207591227773
2023-05-31 08:00:00,0.9117014222171574
2023-05-31 12:00:00,-0.11638054629774466
2023-05-31 16:00:00,0.5485823140065564
2023-05-31 20:00:00,-0.5535436146327594
2023-06-01 00:00:00,-0.7504529352483043
2023-06-01 04:00:00,0.8058569125705937
2023-06-01 08:00:00,-0.6739724986557015
2023-06-01 12:00:00,-0.5345390056686011
2023-06-01 16:00:00,0.058382587928889826
2023-06-01 20:00:00,0.6585916682528766
2023-06-02 00:00:00,-0.635993860128223
2023-06-02 04:00:00,0.47509790179491623
2023-06-02 08:00:00,-0.0972138435268081
2023-06-02 12:00:00,-0.7563808691045384
2023-06-02 16:00:00,0.8803288612752125
2023-06-02 20:00:00,-0.29264885974779775
2023-06-03 00:00:00,-0.7302033549718131
2023-06-03 04:00:00,-0.6681172482148933
2023-06-03 08:00:00,-0.699865656820513
2023-06-03 12:00:00,-0.6226273030056658
2023-06-03 16:00:00,0.7509159341785233
2023-06-03 20:00:00,0.9041314353506648
2023-06-04 00:00:00,0.2160342371123387
2023-06-04 04:00:00,-0.6428205212844736
2023-06-04 08:00:00,-0.6524777720118672
2023-06-04 12:00:00,-0.2164659486430605
2023-06-04 16:00:00,0.8582540293880679
2023-06-04 20:00:00,-0.7819742021532367
2023-06-05 00:00:00,0.9370630366954794
2023-06-05 04:00:00,0.7686173248164927
2023-06-05 08:00:00,0.12089765810400822
2023-06-05 12:00:00,-0.23462776211983774
2023-06-05 16:00:00,0.9399298397659801
2023-06-05 20:00:00,0.9113676526527771
2023-06-06 00:00:00,-0.5154862248676723
2023-06-06 04:00:00,-0.6067726331902039
2023-06-06 08:00:00,-0.6629303413120206
2023-06-06 12:00:00,-0.4761870674884619
2023-06-06 16:00:00,0.9436968568114501
2023-06-06 20:00:00,0.8281172533911576
2023-06-07 00:00:00,-0.08721073817221192
2023-06-07 04:00:00,-0.3763343639664162
2023-06-07 08:00:00,-0.8516544597852331
2023-06-07 12:00:00,0.06776893840932321
2023-06-07 16:00:00,0.8486326137408366
2023-06-07 20:00:00,-0.5816467889814592
2023-06-08 00:00:00,-0.583644349204185
2023-06-08 04:00:00,-0.7474778609388225
2023-06-08 08:00:00,-0.6389448122659037
2023-06-08 12:00:00,-0.8077200813141897
2023-06-08 16:00:00,0.928083974744684
2023-06-08 20:00:00,-0.09062265374174061
2023-06-09 00:00:00,-0.6293981817188349
2023-06-09 04:00:00,-0.04165160704220867
2023-06-09 08:00:00,-0.5790934810680349
2023-06-09 12:00:00,0.3368991181882706
2023-06-09 16:00:00,0.8899086625849255
2023-06-09 20:00:00,-0.43730818665529064
2023-06-10 00:00:00,-0.8328233362684546
2023-06-10 04:00:00,0.17586712599310356
2023-06-10 08:00:00,0.9413713303155772
2023-06-10 12:00:00,-0.29451002336733484
2023-06-10 16:00:00,-0.4132194156513409
2023-06-10 20:00:00,0.4987673221780558
2023-06-11 00:00:00,-0.6156786764969558
2023-06-11 04:00:00,-0.5437999075480234
2023-06-11 08:00:00,-0.5092964834404985
2023-06-11 12:00:00,-0.48605824175778223
2023-06-11 16:00:00,-0.1837086183448182
2023-06-11 20:00:00,0.9444720956495448
2023-06-12 00:00:00,0.5681211698235363
2023-06-12 04:00:00,0.40963839741409397
2023-06-12 08:00:00,-0.7719890086603185
2023-06-12 12:00:00,-0.16774499087873457
2023-06-12 16:00:00,-0.11518524176039836
2023-06-12 20:00:00,0.09895692936694933
2023-06-13 00:00:00,-0.8723115441924905
2023-06-13 04:00:00,0.749314111368455
2023-06-13 08:00:00,-0.6422797837272135
2023-06-13 12:00:00,0.7403120129641024
2023-06-13 16:00:00,0.9332646423161997
2023-06-13 20:00:00,-0.521334105070372
2023-06-14 00:00:00,-0.6114302072487188
2023-06-14 04:00:00,-0.5611449207420142
2023-06-14 08:00:00,-0.4736376875032937
2023-06-14 12:00:00,-0.4633179785088198
2023-06-14 16:00:00,0.9386015952776813
2023-06-14 20:00:00,0.9403647393594867
2023-06-15 00:00:00,0.9342281381429296
2023-06-15 04:00:00,-0.5061013418328226
2023-06-15 08:00:00,-0.2992257712076818
2023-06-15 12:00:00,-0.32544734160905536
2023-06-15 16:00:00,-0.29092188698198623
2023-06-15 20:00:00,0.845773106031847
2023-06-16 00:00:00,0.8019726036472136
2023-06-16 04:00:00,-0.9047176154323635
2023-06-16 08:00:00,-0.7705316216223865
2023-06-16 12:00:00,-0.5286183899062441
2023-06-16 16:00:00,0.8920991037805414
2023-06-16 20:00:00,0.9048666785859173
2023-06-17 00:00:00,-0.6037653966129504
2023-06-17 04:00:00,-0.6444550759762095
2023-06-17 08:00:00,-0.06786433241011007
2023-06-17 12:00:00,-0.513944961911844
2023-06-17 16:00:00,0.07813099625186827
2023-06-17 20:00:00,-0.697516290341306
2023-06-18 00:00:00,-0.7426612463534663
2023-06-18 04:00:00,-0.5740412628784274
2023-06-18 08:00:00,0.35523446673993697
2023-06-18 12:00:00,-0.27706707413626314
2023-06-18 16:00:00,0.5331723258114814
2023-06-18 20:00:00,-0.14151378725403777
2023-06-19 00:00:00,0.9333994521145628
2023-06-19 04:00:00,-0.4294447004106136
2023-06-19 08:00:00,-0.5917612562010712
2023-06-19 12:00:00,-0.46036263153201173
2023-06-19 16:00:00,0.6749735152756599
2023-06-19 20:00:00,0.9411033052132972
2023-06-20 00:00:00,-0.22091037872134497
2023-06-20 04:00:00,-0.0475183222878021
2023-06-20 08:00:00,-0.5157491114564464
2023-06-20 12:00:00,-0.5911837262659588
2023-06-20 16:00:00,0.9046968578117573
2023-06-20 20:00:00,0.9418749803568408
2023-06-21 00:00:00,-0.017550145597978756
2023-06-21 04:00:00,0.16783579128695356
2023-06-21 08:00:00,-0.6162854945412611
2023-06-21 12:00:00,-0.5385288094831268
2023-06-21 16:00:00,0.932476736612441
2023-06-21 20:00:00,0.8457609239632427
2023-06-22 00:00:00,-0.6666925893059933
2023-06-22 04:00:00,-0.6365983753785888
2023-06-22 08:00:00,-0.6824298305238633
2023-06-22 12:00:00,-0.3218604621710069
2023-06-22 16:00:00,0.9365526521519028
2023-06-22 20:00:00,-0.2843984226100067
2023-06-23 00:00:00,-0.7793464790469432
2023-06-23 04:00:00,-0.7079576260926602
2023-06-23 08:00:00,-0.6313021641207166
2023-06-23 12:00:00,0.11724192012212721
2023-06-23 16:00:00,0.9449349393000172
2023-06-23 20:00:00,0.7589968304521856
2023-06-24 00:00:00,-0.5367535307429248
2023-06-24 04:00:00,-0.6392138804472606
2023-06-24 08:00:00,-0.7202116677396856
2023-06-24 12:00:00,-0.5463289257078641
2023-06-24 16:00:00,0.7756503615792276
2023-06-24 20:00:00,0.44002779839916234
2023-06-25 00:00:00,-0.5554057222956661
2023-06-25 04:00:00,-0.5584010329035146
2023-06-25 08:00:00,0.8205668314577254
2023-06-25 12:00:00,-0.5272802315107787
2023-06-25 16:00:00,0.4309163800849605
2023-06-25 20:00:00,-0.20004220006176127
2023-06-26 00:00:00,-0.6971892539374942
2023-06-26 04:00:00,0.9236566878048089
2023-06-26 08:00:00,0.20254761450881884
2023-06-26 12:00:00,-0.37883929637484665
2023-06-26 16:00:00,0.7480881154702623
2023-06-26 20:00:00,0.847619976744412
2023-06-27 00:00:00,-0.8368328488166354
2023-06-27 04:00:00,-0.54223155000433
2023-06-27 08:00:00,-0.5977919316210754
2023-06-27 12:00:00,0.6012173161758125
2023-06-27 16:00:00,0.9189081824385292
2023-06-27 20:00:00,-0.20349081124381083
2023-06-28 00:00:00,-0.6759761986850489
2023-06-28 04:00:00,-0.5398678464065719
2023-06-28 08:00:00,-0.3298319441434007
2023-06-28 12:00:00,-0.6858238617898877
2023-06-28 16:00:00,0.9392455038457608
2023-06-28 20:00:00,0.6408195058420117
2023-06-29 00:00:00,-0.7248952402070173
2023-06-29 04:00:00,-0.711349148873704
2023-06-29 08:00:00,-0.6007980007075194
2023-06-29 12:00:00,0.7882873015707095
2023-06-29 16:00:00,0.841569483501587
2023-06-29 20:00:00,-0.2938457228441247
2023-06-30 00:00:00,-0.6268566497239484
2023-06-30 04:00:00,0.039242392731638896
2023-06-30 08:00:00,0.899244540853155
2023-06-30 12:00:00,-0.3807784487779574
2023-06-30 16:00:00,0.9353772711950672
2023-06-30 20:00:00,0.07725369786986576
2023-07-01 00:00:00,-0.7293324506949587
2023-07-01 04:00:00,-0.6117516645158458
2023-07-01 08:00:00,-0.597312396005704
2023-07-01 12:00:00,-0.4944068178790726
2023-07-01 16:00:00,0.47644131657748706
2023-07-01 20:00:00,-0.8801823603607672
2023-07-02 00:00:00,-0.8763054710998482
2023-07-02 04:00:00,0.5163856828356294
2023-07-02 08:00:00,-0.34621418174149876
2023-07-02 12:00:00,-0.4249070788700575
2023-07-02 16:00:00,0.9323068982190179
2023-07-02 20:00:00,0.4811659357233546
2023-07-03 00:00:00,0.7805253389420888
2023-07-03 04:00:00,-0.387327364678779
2023-07-03 08:00:00,-0.5667773652689423
2023-07-03 12:00:00,-0.13179416895443533
2023-07-03 16:00:00,0.9269487046116954
2023-07-03 20:00:00,0.8350250909364647
2023-07-04 00:00:00,-0.3836674139652064
2023-07-04 04:00:00,-0.5889379175932394
2023-07-04 08:00:00,-0.5759549294701918
2023-07-04 12:00:00,-0.6156398744715996
2023-07-04 16:00:00,-0.678162451688823
2023-07-04 20:00:00,0.9309942300382201
2023-07-05 00:00:00,-0.7875789543091918
2023-07-05 04:00:00,-0.6879961259244262
2023-07-05 08:00:00,-0.573143541477177
2023-07-05 12:00:00,0.8011271490824835
2023-07-05 16:00:00,0.8311417313680606
2023-07-05 20:00:00,-0.2676764310068197
2023-07-06 00:00:00,-0.6637622649526277
2023-07-06 04:00:00,-0.722631895708435
2023-07-06 08:00:00,0.2503911257135391
2023-07-06 12:00:00,0.9429721347115236
2023-07-06 16:00:00,0.8648422345915551
2023-07-06 20:00:00,-0.4934769183515897
2023-07-07 00:00:00,-0.5921776976446173
2023-07-07 04:00:00,-0.562374961354591
2023-07-07 08:00:00,-0.5386197341361958
2023-07-07 12:00:00,-0.8968026796671899
2023-07-07 16:00:00,0.8410609419022012
2023-07-07 20:00:00,-0.6647064633239301
2023-07-08 00:00:00,-0.7862619986434678
2023-07-08 04:00:00,-0.649577640856983
2023-07-08 08:00:00,-0.4697482337178456
2023-07-08 12:00:00,-0.36602658305064234
2023-07-08 16:00:00,-0.8986536745029503
2023-07-08 20:00:00,0.8850265924934428
2023-07-09 00:00:00,-0.4667172097565542
2023-07-09 04:00:00,0.6423933507530428
2023-07-09 08:00:00,-0.6927416609273475
2023-07-09 12:00:00,-0.7650664159195827
2023-07-09 16:00:00,0.9274940617223596
2023-07-09 20:00:00,-0.41192355186732427
2023-07-10 00:00:00,0.46091583756734206
2023-07-10 04:00:00,0.8466905858061726
2023-07-10 08:00:00,-0.5831106766416821
2023-07-10 12:00:00,0.4574185394567865
2023-07-10 16:00:00,0.8152082858741415
2023-07-10 20:00:00,0.8810821325541547
2023-07-11 00:00:00,0.9226215393725558
2023-07-11 04:00:00,-0.6027891278523254
2023-07-11 08:00:00,-0.6469421739389949
2023-07-11 12:00:00,-0.5729209733912699
2023-07-11 16:00:00,0.27397479389192736
2023-07-11 20:00:00,-0.24263165257070402
2023-07-12 00:00:00,-0.7604195062202775
2023-07-12 04:00:00,-0.5477601869283599
2023-07-12 08:00:00,-0.09545353368604051
2023-07-12 12:00:00,-0.33382758799954926
2023-07-12 16:00:00,0.9444051224527393
2023-07-12 20:00:00,0.10290939949294087
2023-07-13 00:00:00,-0.6055926858031077
2023-07-13 04:00:00,-0.5706757500882826
2023-07-13 08:00:00,-0.5205356593097774
2023-07-13 12:00:00,0.31823111733732484
2023-07-13 16:00:00,0.9427760663741347
2023-07-13 20:00:00,0.9183753970431562
2023-07-14 00:00:00,-0.24135405232660273
2023-07-14 04:00:00,-0.5841186202125668
2023-07-14 08:00:00,-0.6959493878463197
2023-07-14 12:00:00,-0.5742898693982297
2023-07-14 16:00:00,-0.3551805643606294
2023-07-14 20:00:00,0.9443032932793824
2023-07-15 00:00:00,-0.3319008712354597
2023-07-15 04:00:00,-0.5424732947970445
2023-07-15 08:00:00,-0.5753574980813599
2023-07-15 12:00:00,-0.511230371184799
2023-07-15 16:00:00,-0.5601104611997886
2023-07-15 20:00:00,-0.7054301604902837
2023-07-16 00:00:00,-0.9186264590317403
2023-07-16 04:00:00,0.9270743791468157
2023-07-16 08:00:00,-0.20395204817498627
2023-07-16 12:00:00,-0.16487214624349517
2023-07-16 16:00:00,0.5718156327413448
2023-07-16 20:00:00,-0.2631120610240877
2023-07-17 00:00:00,0.0024811884812086377
2023-07-17 04:00:00,-0.5856712832197191
2023-07-17 08:00:00,-0.6867370771516147
2023-07-17 12:00:00,0.9414500640093366
2023-07-17 16:00:00,0.6910318949495126
2023-07-17 20:00:00,0.8956333515152501
2023-07-18 00:00:00,-0.40910387146161253
2023-07-18 04:00:00,-0.8042810364112621
2023-07-18 08:00:00,-0.4672231269945447
2023-07-18 12:00:00,0.01875597748284044
2023-07-18 16:00:00,0.9188080605814694
2023-07-18 20:00:00,0.6738641821263315
2023-07-19 00:00:00,-0.8440965027435625
2023-07-19 04:00:00,-0.5560631477496811
2023-07-19 08:00:00,-0.45271904477163855
2023-07-19 12:00:00,-0.410259913606337
2023-07-19 16:00:00,0.927516528671294
2023-07-19 20:00:00,-0.1075410110905848
2023-07-20 00:00:00,-0.6860073988727872
2023-07-20 04:00:00,-0.7456659704517787
2023-07-20 08:00:00,0.33006048516347974
2023-07-20 12:00:00,0.9027853477787414
2023-07-20 16:00:00,0.9171172098862332
2023-07-20 20:00:00,0.016588014498785036
2023-07-21 00:00:00,-0.7976062479588679
2023-07-21 04:00:00,-0.6509457721260792
2023-07-21 08:00:00,-0.6225127020771556
2023-07-21 12:00:00,-0.5501974501626702
2023-07-21 16:00:00,0.8949176498586493
2023-07-21 20:00:00,0.8971216108580996
2023-07-22 00:00:00,-0.7602308234556542
2023-07-22 04:00:00,-0.6885768850470696
2023-07-22 08:00:00,-0.5829552178170208
2023-07-22 12:00:00,-0.39555607114199887
2023-07-22 16:00:00,-0.3887051168847406
2023-07-22 20:00:00,-0.8223976166074468
2023-07-23 00:00:00,0.9113287650053724
2023-07-23 04:00:00,0.18679739643975335
2023-07-23 08:00:00,0.660009683090536
2023-07-23 12:00:00,-0.7280705475159748
2023-07-23 16:00:00,-0.8306567458785619
2023-07-23 20:00:00,0.9389842089372196
2023-07-24 00:00:00,-0.12582735355763672
2023-07-24 04:00:00,0.5650020101019579
2023-07-24 08:00:00,-0.19019431895337677
2023-07-24 12:00:00,0.9168964703614431
2023-07-24 16:00:00,0.7413759249795988
2023-07-24 20:00:00,-0.6770882688385652
2023-07-25 00:00:00,-0.7618881501358649
2023-07-25 04:00:00,-0.6261625519332659
2023-07-25 08:00:00,-0.5177532675070522
2023-07-25 12:00:00,0.4684372507500951
2023-07-25 16:00:00,0.9338771294213115
2023-07-25 20:00:00,-0.13501321396840255
2023-07-26 00:00:00,-0.746203782131803
2023-07-26 04:00:00,0.284082604097757
2023-07-26 08:00:00,-0.43028631311409604
2023-07-26 12:00:00,-0.5470305206148655
2023-07-26 16:00:00,0.7962596723513543
2023-07-26 20:00:00,0.9292391730206242
2023-07-27 00:00:00,0.7595592334920905
2023-07-27 04:00:00,-0.7263899323351456
2023-07-27 08:00:00,-0.6539074104215012
2023-07-27 12:00:00,-0.5426395304685755
2023-07-27 16:00:00,0.29040148897973406
2023-07-27 20:00:00,0.8303622297564018
2023-07-28 00:00:00,-0.8116025273387756
2023-07-28 04:00:00,-0.6200939093764929
2023-07-28 08:00:00,-0.4485595375010334
2023-07-28 12:00:00,-0.08353705461987437
2023-07-28 16:00:00,0.9399527622215171
2023-07-28 20:00:00,0.14587334262950116
2023-07-29 00:00:00,-0.789441317663369
2023-07-29 04:00:00,-0.6082553789021043
2023-07-29 08:00:00,-0.5313283095577153
2023-07-29 12:00:00,-0.3405076270368847
2023-07-29 16:00:00,0.3906727256038903
2023-07-29 20:00:00,-0.8692811321860416
2023-07-30 00:00:00,-0.8423807970805312
2023-07-30 04:00:00,-0.7345522348539981
2023-07-30 08:00:00,-0.03433734447951416
2023-07-30 12:00:00,0.9374111662877685
2023-07-30 16:00:00,0.9315683601487383
2023-07-30 20:00:00,0.7012756995645699
2023-07-31 00:00:00,0.7766036372500309
2023-07-31 04:00:00,0.6512917936178824
2023-07-31 08:00:00,-0.9063853737916369
2023-07-31 12:00:00,-0.7338302263376624
2023-07-31 16:00:00,0.8254383446440233
2023-07-31 20:00:00,0.5790290977291767
2023-08-01 00:00:00,-0.40474711362268706
2023-08-01 04:00:00,0.9167007247449273
2023-08-01 08:00:00,-0.38447941458336704
2023-08-01 12:00:00,-0.6245059666481785
2023-08-01 16:00:00,0.8283639337377504
2023-08-01 20:00:00,0.6392541960427428
2023-08-02 00:00:00,0.6114996208037884
2023-08-02 04:00:00,0.8275043025647398
2023-08-02 08:00:00,-0.901426673373715
2023-08-02 12:00:00,-0.48253080729723025
2023-08-02 16:00:00,0.2608072384338671
2023-08-02 20:00:00,0.5619319239904761
2023-08-03 00:00:00,-0.8592616926585971
2023-08-03 04:00:00,-0.7461630434414291
2023-08-03 08:00:00,-0.5475082354058022
2023-08-03 12:00:00,-0.2769430792646733
2023-08-03 16:00:00,0.9389560265728184
2023-08-03 20:00:00,0.25172467517810004
2023-08-04 00:00:00,-0.6109939590260927
2023-08-04 04:00:00,-0.7370533224484209
2023-08-04 08:00:00,-0.6838309412567767
2023-08-04 12:00:00,-0.3820417387048371
2023-08-04 16:00:00,0.9350740752535903
2023-08-04 20:00:00,0.8392480570246714
2023-08-05 00:00:00,0.13975059025925168
2023-08-05 04:00:00,-0.855128332387362
2023-08-05 08:00:00,-0.7979650756635073
2023-08-05 12:00:00,-0.609930110230482
2023-08-05 16:00:00,0.00643196323955223
2023-08-05 20:00:00,-0.8171615706162096
2023-08-06 00:00:00,-0.8038387505500912
2023-08-06 04:00:00,-0.31236204812329943
2023-08-06 08:00:00,0.40650468989349436
2023-08-06 12:00:00,0.7817037301246367
2023-08-06 16:00:00,0.792439619730208
2023-08-06 20:00:00,-0.2712985655187198
2023-08-07 00:00:00,0.8458943953213057
2023-08-07 04:00:00,0.8242995263090858
2023-08-07 08:00:00,0.19129619876578774
2023-08-07 12:00:00,-0.06961622671065619
2023-08-07 16:00:00,0.9439918561115405
2023-08-07 20:00:00,0.8720113435884551
2023-08-08 00:00:00,-0.5303256792098555
2023-08-08 04:00:00,-0.6758821300613108
2023-08-08 08:00:00,-0.523326920772411
2023-08-08 12:00:00,-0.05279256220350835
2023-08-08 16:00:00,0.9416873600153655
2023-08-08 20:00:00,0.8238137174869384
2023-08-09 00:00:00,0.08176158938519701
2023-08-09 04:00:00,-0.736115093505431
2023-08-09 08:00:00,-0.8087905115910934
2023-08-09 12:00:00,-0.6041735879260696
2023-08-09 16:00:00,0.8866906120205841
2023-08-09 20:00:00,0.5762114965505329
2023-08-10 00:00:00,-0.6915240009395426
2023-08-10 04:00:00,-0.7035084147609979
2023-08-10 08:00:00,-0.6136355299568469
2023-08-10 12:00:00,-0.4696261738489681
2023-08-10 16:00:00,0.9435301509507815
2023-08-10 20:00:00,-0.13440246441258602
2023-08-11 00:00:00,-0.7220725950980412
2023-08-11 04:00:00,-0.46316267441659986
2023-08-11 08:00:00,-0.385652623979548
2023-08-11 12:00:00,0.3306453101622859
2023-08-11 16:00:00,0.9280951465004793
2023-08-11 20:00:00,0.016053751890462833
2023-08-12 00:00:00,-0.8268596802251096
2023-08-12 04:00:00,-0.6756039464816078
2023-08-12 08:00:00,-0.5765699117815097
2023-08-12 12:00:00,-0.13592216791854994
2023-08-12 16:00:00,-0.02175121621774724
2023-08-12 20:00:00,-0.2754803632618759
2023-08-13 00:00:00,-0.8712199823616628
2023-08-13 04:00:00,-0.12912966572381449
2023-08-13 08:00:00,0.8205052367622172
2023-08-13 12:00:00,0.1668181980549409
2023-08-13 16:00:00,0.28612243672798043
2023-08-13 20:00:00,0.9155538383840708
2023-08-14 00:00:00,0.8060418444024138
2023-08-14 04:00:00,0.9406457476580896
2023-08-14 08:00:00,-0.26306715998117525
2023-08-14 12:00:00,-0.32222168315034877
2023-08-14 16:00:00,0.7609700004444306
2023-08-14 20:00:00,0.5431839189628935
2023-08-15 00:00:00,-0.7336863469994919
2023-08-15 04:00:00,-0.6201777722206039
2023-08-15 08:00:00,-0.4982746251902446
2023-08-15 12:00:00,0.015068391222717336
2023-08-15 16:00:00,0.9057264307852106
2023-08-15 20:00:00,0.9097436364402531
2023-08-16 00:00:00,-0.6758740268372001
2023-08-16 04:00:00,-0.6231342984227211
2023-08-16 08:00:00,-0.36510833535227205
2023-08-16 12:00:00,-0.22887040555773785
2023-08-16 16:00:00,0.922832525108156
2023-08-16 20:00:00,0.8986722940022484
2023-08-17 00:00:00,0.852934372594311
2023-08-17 04:00:00,0.8481970208429691
2023-08-17 08:00:00,-0.8768700398848698
2023-08-17 12:00:00,-0.583883979663336
2023-08-17 16:00:00,0.9214320907762381
2023-08-17 20:00:00,0.5292532827581292
2023-08-18 00:00:00,0.9265676255081025
2023-08-18 04:00:00,-0.5083213941739826
2023-08-18 08:00:00,-0.5639141197471811
2023-08-18 12:00:00,-0.5923293407553288
2023-08-18 16:00:00,-0.1899083824562747
2023-08-18 20:00:00,0.8429706642534642
2023-08-19 00:00:00,-0.8332720483378557
2023-08-19 04:00:00,-0.7449526627009874
2023-08-19 08:00:00,-0.6067449891921041
2023-08-19 12:00:00,-0.4927800705438103
2023-08-19 16:00:00,0.9009472231325012
2023-08-19 20:00:00,0.43812006826475
2023-08-20 00:00:00,-0.892496121534504
2023-08-20 04:00:00,-0.6992027175305616
2023-08-20 08:00:00,-0.6091132664965624
2023-08-20 12:00:00,-0.1761527205270587
2023-08-20 16:00:00,0.9389083184879352
2023-08-20 20:00:00,-0.440099482149178
2023-08-21 00:00:00,0.3581768956766223
2023-08-21 04:00:00,-0.5088514575020335
2023-08-21 08:00:00,0.5361700288243353
2023-08-21 12:00:00,0.9121086454702092
2023-08-21 16:00:00,0.9273999558707338
2023-08-21 20:00:00,-0.2503851250166949
2023-08-22 00:00:00,-0.7305133049411927
2023-08-22 04:00:00,-0.7408517730370571
2023-08-22 08:00:00,-0.5648777705790544
2023-08-22 12:00:00,-0.5468451042613166
2023-08-22 16:00:00,0.9399702492753174
2023-08-22 20:00:00,0.9365329938744822
2023-08-23 00:00:00,0.7642006363240517
2023-08-23 04:00:00,-0.5291787032036954
2023-08-23 08:00:00,-0.6304687933722042
2023-08-23 12:00:00,-0.7064864308757732
2023-08-23 16:00:00,0.6368359144700932
2023-08-23 20:00:00,0.9258103434111307
2023-08-24 00:00:00,-0.15010131807797766
2023-08-24 04:00:00,-0.6808913211396184
2023-08-24 08:00:00,-0.7196336374475941
2023-08-24 12:00:00,-0.49886734823057083
2023-08-24 16:00:00,0.8985648453591301
2023-08-24 20:00:00,0.47288636037264276
2023-08-25 00:00:00,-0.6146982308158754
2023-08-25 04:00:00,-0.7183852511563438
2023-08-25 08:00:00,-0.5508984891622019
2023-08-25 12:00:00,-0.5230011218655253
2023-08-25 16:00:00,0.9451105695482441
2023-08-25 20:00:00,-0.08001342848666265
2023-08-26 00:00:00,-0.5983900380473987
2023-08-26 04:00:00,-0.6087429070524651
2023-08-26 08:00:00,-0.5509316798492654
2023-08-26 12:00:00,-0.5209655548164709
2023-08-26 16:00:00,-0.25232167660622523
2023-08-26 20:00:00,-0.5718592778608712
2023-08-27 00:00:00,-0.7578950273376084
2023-08-27 04:00:00,0.5318129931297223
2023-08-27 08:00:00,-0.5084858693044431
2023-08-27 12:00:00,0.921409356285715
2023-08-27 16:00:00,0.8884925718258566
2023-08-27 20:00:00,0.7214236172064126
2023-08-28 00:00:00,-0.7517812113872397
2023-08-28 04:00:00,0.8257446851184379
2023-08-28 08:00:00,0.8140152785589023
2023-08-28 12:00:00,0.3702425066664401
2023-08-28 16:00:00,0.9201976356968313
2023-08-28 20:00:00,-0.05078513858759765
2023-08-29 00:00:00,-0.6807130645348287
2023-08-29 04:00:00,-0.6073641846798251
2023-08-29 08:00:00,-0.2812393132955254
2023-08-29 12:00:00,0.5228596675577691
2023-08-29 16:00:00,0.9454592164794042
2023-08-29 20:00:00,0.5296388422538545
2023-08-30 00:00:00,-0.4789505799752824
2023-08-30 04:00:00,-0.5209166880255522
2023-08-30 08:00:00,-0.7091015275519457
2023-08-30 12:00:00,-0.5313023498847665
2023-08-30 16:00:00,0.9151735194608156
2023-08-30 20:00:00,-0.37682191997106435
2023-08-31 00:00:00,-0.5858091663474244
2023-08-31 04:00:00,-0.6349494680612295
2023-08-31 08:00:00,-0.546432520874734
2023-08-31 12:00:00,0.8756699681154902
2023-08-31 16:00:00,0.9262830255049415
2023-08-31 20:00:00,0.9201843143188515
2023-09-01 00:00:00,-0.08857073462948922
2023-09-01 04:00:00,-0.7558212108511475
2023-09-01 08:00:00,-0.726718181046403
2023-09-01 12:00:00,-0.5441645846422822
2023-09-01 16:00:00,0.8858324509254104
2023-09-01 20:00:00,0.8428341723939179
2023-09-02 00:00:00,-0.46723304409969907
2023-09-02 04:00:00,-0.7383443440919748
2023-09-02 08:00:00,-0.6930449425828631
2023-09-02 12:00:00,-0.44549052401774447
2023-09-02 16:00:00,0.6557144920189123
2023-09-02 20:00:00,0.39672493982844825
2023-09-03 00:00:00,-0.8323102301295505
2023-09-03 04:00:00,-0.6896858543661487
2023-09-03 08:00:00,-0.49538920637499345
2023-09-03 12:00:00,-0.09443586563078127
2023-09-03 16:00:00,0.9414067285380358
2023-09-03 20:00:00,0.7257603224444603
2023-09-04 00:00:00,0.09876065585391823
2023-09-04 04:00:00,-0.4891189575572331
2023-09-04 08:00:00,-0.8225738652513519
2023-09-04 12:00:00,-0.11844460921188756
2023-09-04 16:00:00,0.9395275282881664
2023-09-04 20:00:00,-0.36717987915112305
2023-09-05 00:00:00,0.547027540378226
2023-09-05 04:00:00,-0.32016372996730025
2023-09-05 08:00:00,-0.7435676831379431
2023-09-05 12:00:00,0.14826108039416153
2023-09-05 16:00:00,0.9191112445890958
2023-09-05 20:00:00,-0.3433238900509736
2023-09-06 00:00:00,-0.7042890814840271
2023-09-06 04:00:00,-0.6196268619881484
2023-09-06 08:00:00,-0.4573596155046116
2023-09-06 12:00:00,-0.5720437427805776
2023-09-06 16:00:00,0.9445228712967793
2023-09-06 20:00:00,0.9294606957167343
2023-09-07 00:00:00,-0.47062186939658074
2023-09-07 04:00:00,-0.6059350924612855
2023-09-07 08:00:00,-0.5945663409547051
2023-09-07 12:00:00,-0.45003667305621664
2023-09-07 16:00:00,0.9361691382022491
2023-09-07 20:00:00,0.7972973562394435
2023-09-08 00:00:00,0.9277888683430251
2023-09-08 04:00:00,-0.3311801581584076
2023-09-08 08:00:00,-0.5903896712250197
2023-09-08 12:00:00,0.5604541682872229
2023-09-08 16:00:00,-0.5541154602074692
2023-09-08 20:00:00,-0.4715995957484428
2023-09-09 00:00:00,-0.7663736964004241
2023-09-09 04:00:00,-0.7125882806896839
2023-09-09 08:00:00,-0.7287474668862893
2023-09-09 12:00:00,-0.46932770220846953
2023-09-09 16:00:00,0.9047226401480544
2023-09-09 20:00:00,-0.46818149924048613
2023-09-10 00:00:00,-0.7345913593584732
2023-09-10 04:00:00,-0.29610214514666533
2023-09-10 08:00:00,0.7613643333473988
2023-09-10 12:00:00,0.28821011929785717
2023-09-10 16:00:00,0.8239480374360426
2023-09-10 20:00:00,0.9305720449368542
2023-09-11 00:00:00,0.8131033253474417
2023-09-11 04:00:00,-0.20723308046694966
2023-09-11 08:00:00,-0.6686297970732155
2023-09-11 12:00:00,0.8493289951043091
2023-09-11 16:00:00,0.9417988545525481
2023-09-11 20:00:00,-0.11491719950572424
2023-09-12 00:00:00,-0.4974145778021495
2023-09-12 04:00:00,0.13695295194894996
2023-09-12 08:00:00,0.0040787420149817465
2023-09-12 12:00:00,0.7409431118826088
2023-09-12 16:00:00,0.30358208738719
2023-09-12 20:00:00,0.7055020594072486
2023-09-13 00:00:00,-0.9325432759315663
2023-09-13 04:00:00,-0.7840788866373575
2023-09-13 08:00:00,-0.5768315938304163
2023-09-13 12:00:00,-0.05286604696351632
2023-09-13 16:00:00,0.9314300061712063
2023-09-13 20:00:00,0.3776216188553994
2023-09-14 00:00:00,-0.869037733297345
2023-09-14 04:00:00,0.35905673753782436
2023-09-14 08:00:00,-0.6582089963820809
2023-09-14 12:00:00,-0.29917536752885965
2023-09-14 16:00:00,0.9271401977834531
2023-09-14 20:00:00,-0.22483802294958116
2023-09-15 00:00:00,-0.5796608922683593
2023-09-15 04:00:00,-0.5800955002309504
2023-09-15 08:00:00,-0.5783795774110237
2023-09-15 12:00:00,0.5172452477144837
2023-09-15 16:00:00,0.9186401783740417
2023-09-15 20:00:00,-0.5824372862170967
2023-09-16 00:00:00,0.6777511155148898
2023-09-16 04:00:00,-0.6533945030503707
2023-09-16 08:00:00,-0.6006877952406442
2023-09-16 12:00:00,-0.5090348319464701
2023-09-16 16:00:00,-0.7365427946373896
2023-09-16 20:00:00,-0.7135689234466664
2023-09-17 00:00:00,-0.8814260137269656
2023-09-17 04:00:00,0.6665820451053956
2023-09-17 08:00:00,-0.5609998630132389
2023-09-17 12:00:00,0.42776668205129187
2023-09-17 16:00:00,0.10316291641383524
2023-09-17 20:00:00,-0.19414609992221185
2023-09-18 00:00:00,0.8092717840879029
2023-09-18 04:00:00,0.9429035944189944
2023-09-18 08:00:00,0.1448995011003746
2023-09-18 12:00:00,0.9313573732400494
2023-09-18 16:00:00,0.7138945253909258
2023-09-18 20:00:00,0.7130551381895918
2023-09-19 00:00:00,-0.8058416211496396
2023-09-19 04:00:00,-0.7882417687125758
2023-09-19 08:00:00,-0.6790870078287107
2023-09-19 12:00:00,0.7609265595148285
2023-09-19 16:00:00,0.8572438528746321
2023-09-19 20:00:00,-0.018116212528743927
2023-09-20 00:00:00,-0.714218098833626
2023-09-20 04:00:00,-0.6376985260024206
2023-09-20 08:00:00,-0.425346848861848
2023-09-20 12:00:00,0.14106372860255598
2023-09-20 16:00:00,0.8433800636495382
2023-09-20 20:00:00,0.9368966832726539
2023-09-21 00:00:00,-0.6316969959435313
2023-09-21 04:00:00,-0.7389406393164657
2023-09-21 08:00:00,-0.7217475183913468
2023-09-21 12:00:00,0.7219015594128861
2023-09-21 16:00:00,0.8935719581802625
2023-09-21 20:00:00,-0.48767755766732657
2023-09-22 00:00:00,-0.7012455200385277
2023-09-22 04:00:00,-0.536277347897354
2023-09-22 08:00:00,-0.49973924798103675
2023-09-22 12:00:00,-0.04305399650073365
2023-09-22 16:00:00,0.8125911252624213
2023-09-22 20:00:00,-0.7170048053276802
2023-09-23 00:00:00,-0.8301643893541986
2023-09-23 04:00:00,-0.845683540811328
2023-09-23 08:00:00,-0.6889488610017117
2023-09-23 12:00:00,-0.8226941429898009
2023-09-23 16:00:00,0.12409224158130132
2023-09-23 20:00:00,0.2391832960472562
2023-09-24 00:00:00,-0.7572395789828955
2023-09-24 04:00:00,-0.7986318421600849
2023-09-24 08:00:00,0.0005296216115204913
2023-09-24 12:00:00,0.42394058648291183
2023-09-24 16:00:00,0.7555281473100532
2023-09-24 20:00:00,0.9444727334604938
2023-09-25 00:00:00,0.4826768212551248
2023-09-25 04:00:00,0.7550786586550041
2023-09-25 08:00:00,-0.514831548066983
2023-09-25 12:00:00,-0.6448079468506531
2023-09-25 16:00:00,0.6034117206460561
2023-09-25 20:00:00,0.42080356809351854
2023-09-26 00:00:00,-0.8081646134677108
2023-09-26 04:00:00,-0.7219876505116792
2023-09-26 08:00:00,-0.7215325976545187
2023-09-26 12:00:00,0.04533338915540957
2023-09-26 16:00:00,0.9320015066345737
2023-09-26 20:00:00,0.24167578629614211
2023-09-27 00:00:00,-0.5370577363251093
2023-09-27 04:00:00,-0.7806038521290586
2023-09-27 08:00:00,-0.7451794939259655
2023-09-27 12:00:00,0.9414498461316743
2023-09-27 16:00:00,0.8769794278193169
2023-09-27 20:00:00,-0.36219039820279936
2023-09-28 00:00:00,-0.6337563671297697
2023-09-28 04:00:00,-0.4806009057670191
2023-09-28 08:00:00,-0.4807646770025181
2023-09-28 12:00:00,0.6680267631967036
2023-09-28 16:00:00,0.9405886892716325
2023-09-28 20:00:00,0.8117172684119945
2023-09-29 00:00:00,-0.631479782330297
2023-09-29 04:00:00,-0.5928832118442603
2023-09-29 08:00:00,-0.6052340221164084
2023-09-29 12:00:00,-0.513023339505555
2023-09-29 16:00:00,0.942053608706369
2023-09-29 20:00:00,-0.5749792357036795
2023-09-30 00:00:00,-0.7196774185859892
2023-09-30 04:00:00,-0.6574800265561083
2023-09-30 08:00:00,-0.5232874625895523
2023-09-30 12:00:00,-0.17993754877998666
2023-09-30 16:00:00,0.9361218457638357
2023-09-30 20:00:00,0.04170990764694538
2023-10-01 00:00:00,-0.3118389857501611
2023-10-01 04:00:00,-0.7366929846953711
2023-10-01 08:00:00,0.29763708176067005
2023-10-01 12:00:00,0.9261912663377176
2023-10-01 16:00:00,0.4678144009628663
2023-10-01 20:00:00,-0.45541738449528846
2023-10-02 00:00:00,0.9422776231696304
2023-10-02 04:00:00,0.4009397181453326
2023-10-02 08:00:00,0.4529296311178728
2023-10-02 12:00:00,0.3152914028559239
2023-10-02 16:00:00,0.8568343546948692
2023-10-02 20:00:00,0.4898535220988145
2023-10-03 00:00:00,-0.5723803225234855
2023-10-03 04:00:00,-0.9009953809094118
2023-10-03 08:00:00,-0.8475443194658594
2023-10-03 12:00:00,-0.6165884035715249
2023-10-03 16:00:00,0.7531288916697407
2023-10-03 20:00:00,-0.16684126818067826
2023-10-04 00:00:00,-0.10180103304842633
2023-10-04 04:00:00,0.39372323410906696
2023-10-04 08:00:00,-0.858971181679289
2023-10-04 12:00:00,0.04940426538083211
2023-10-04 16:00:00,0.5918677490869956
2023-10-04 20:00:00,0.7231168224727176
2023-10-05 00:00:00,-0.47504639977787033
2023-10-05 04:00:00,-0.7525203074312906
2023-10-05 08:00:00,-0.7722310686461885
2023-10-05 12:00:00,-0.5173983569440569
2023-10-05 16:00:00,0.9450547300838552
2023-10-05 20:00:00,0.16676299538403924
2023-10-06 00:00:00,-0.57968254315529
2023-10-06 04:00:00,-0.5079700138689003
2023-10-06 08:00:00,-0.5251952297040242
2023-10-06 12:00:00,0.4992362530036655
2023-10-06 16:00:00,0.9422981343334594
2023-10-06 20:00:00,0.03916963671898314
2023-10-07 00:00:00,-0.36919421153418097
2023-10-07 04:00:00,-0.7055553331653287
2023-10-07 08:00:00,-0.6983265473591939
2023-10-07 12:00:00,-0.43626384636064985
2023-10-07 16:00:00,-0.5989299596939229
2023-10-07 20:00:00,-0.06376785936935338
2023-10-08 00:00:00,-0.761898451384861
2023-10-08 04:00:00,0.6674581929038728
2023-10-08 08:00:00,0.8875070075750955
2023-10-08 12:00:00,0.5450976937398678
2023-10-08 16:00:00,0.7761906297517639
2023-10-08 20:00:00,-0.7428784367241265
2023-10-09 00:00:00,-0.694754966686951
2023-10-09 04:00:00,-0.3991743571126078
2023-10-09 08:00:00,-0.5202673159323985
2023-10-09 12:00:00,0.945258831673428
2023-10-09 16:00:00,0.48139866797863495
2023-10-09 20:00:00,0.738620888387547
2023-10-10 00:00:00,-0.8025593857264085
2023-10-10 04:00:00,-0.712550935295454
2023-10-10 08:00:00,-0.6028224686068423
2023-10-10 12:00:00,-0.15644224449490027
2023-10-10 16:00:00,0.9404234401033305
2023-10-10 20:00:00,0.36082627787234556
2023-10-11 00:00:00,-0.6813520827159794
2023-10-11 04:00:00,0.5579685368569735
2023-10-11 08:00:00,-0.3573975110028676
2023-10-11 12:00:00,0.29215431050171164
2023-10-11 16:00:00,0.8795504959519891
2023-10-11 20:00:00,0.7754985428298715
2023-10-12 00:00:00,-0.8104533773107954
2023-10-12 04:00:00,-0.6573025657672842
2023-10-12 08:00:00,-0.6879006233220535
2023-10-12 12:00:00,-0.009527019985345496
2023-10-12 16:00:00,0.7968823841624365
2023-10-12 20:00:00,0.7410901986969425
2023-10-13 00:00:00,-0.8548632481401829
2023-10-13 04:00:00,-0.7139076735842971
2023-10-13 08:00:00,-0.49454277630150006
2023-10-13 12:00:00,0.14589367511407067
2023-10-13 16:00:00,0.9266928181474475
2023-10-13 20:00:00,-0.3410510470250326
2023-10-14 00:00:00,0.9191852828043371
2023-10-14 04:00:00,-0.7228220020646331
2023-10-14 08:00:00,-0.61978530958263
2023-10-14 12:00:00,-0.6509382923767607
2023-10-14 16:00:00,-0.4860961714252568
2023-10-14 20:00:00,-0.30573026948238585
2023-10-15 00:00:00,-0.4456101461702027
2023-10-15 04:00:00,-0.4011255833866454
2023-10-15 08:00:00,-0.9249741965141864
2023-10-15 12:00:00,0.04083782739292247
2023-10-15 16:00:00,0.9339240978402915
2023-10-15 20:00:00,0.8406610667042103
2023-10-16 00:00:00,0.9262698323474878
2023-10-16 04:00:00,0.14606281246772923
2023-10-16 08:00:00,0.9303165004623539
2023-10-16 12:00:00,-0.25380970953351556
2023-10-16 16:00:00,0.9388367767567637
2023-10-16 20:00:00,-0.28457413377762414
2023-10-17 00:00:00,-0.5951177609231738
2023-10-17 04:00:00,-0.496226351262197
2023-10-17 08:00:00,-0.42549528446170437
2023-10-17 12:00:00,-0.3560444865756165
2023-10-17 16:00:00,0.9284394028841149
2023-10-17 20:00:00,-0.5063952616965474
2023-10-18 00:00:00,-0.84879257371284
2023-10-18 04:00:00,-0.7073600726936354
2023-10-18 08:00:00,0.7602940341032728
2023-10-18 12:00:00,0.05113885590058317
2023-10-18 16:00:00,0.3598454972690008
2023-10-18 20:00:00,-0.3944595015187106
2023-10-19 00:00:00,-0.8468643111827221
2023-10-19 04:00:00,-0.11722235235131377
2023-10-19 08:00:00,-0.7198803687451183
2023-10-19 12:00:00,0.6762624105086382
2023-10-19 16:00:00,0.9339117808807436
2023-10-19 20:00:00,0.5878978049558136
2023-10-20 00:00:00,-0.5577853071807747
2023-10-20 04:00:00,0.6692235993026231
2023-10-20 08:00:00,0.05394959326019148
2023-10-20 12:00:00,0.9228434726327504
2023-10-20 16:00:00,0.22343696419723025
2023-10-20 20:00:00,-0.8182099225804853
2023-10-21 00:00:00,-0.7273807269434412
2023-10-21 04:00:00,-0.6505607506975785
2023-10-21 08:00:00,-0.5863583201840799
2023-10-21 12:00:00,0.5604291590905222
2023-10-21 16:00:00,0.8936830023380823
2023-10-21 20:00:00,0.9276100598238582
2023-10-22 00:00:00,-0.5808047501837086
2023-10-22 04:00:00,-0.6395489651670389
2023-10-22 08:00:00,0.4762064958489734
2023-10-22 12:00:00,-0.5166650936240056
2023-10-22 16:00:00,-0.536919426560533
2023-10-22 20:00:00,-0.6748750240273095
2023-10-23 00:00:00,-0.06967619351737715
2023-10-23 04:00:00,0.9436553569881999
2023-10-23 08:00:00,0.7223495255367408
2023-10-23 12:00:00,-0.02398339567615659
2023-10-23 16:00:00,0.05768458261048218
2023-10-23 20:00:00,0.92626662736871
2023-10-24 00:00:00,0.9237877389535467
2023-10-24 04:00:00,0.666801841768929
2023-10-24 08:00:00,-0.5543003949198443
2023-10-24 12:00:00,-0.7427008980278632
2023-10-24 16:00:00,-0.12323365183151157
2023-10-24 20:00:00,-0.6625877600082156
2023-10-25 00:00:00,-0.7882886852194444
2023-10-25 04:00:00,-0.7596509839367113
2023-10-25 08:00:00,-0.6611858117872768
2023-10-25 12:00:00,-0.2919781359490588
2023-10-25 16:00:00,0.9318807704731212
2023-10-25 20:00:00,0.3769408116197666
2023-10-26 00:00:00,-0.7112632382579377
2023-10-26 04:00:00,-0.791717672947114
2023-10-26 08:00:00,-0.5502709161666033
2023-10-26 12:00:00,0.5993113290361075
2023-10-26 16:00:00,0.8697599388003079
2023-10-26 20:00:00,-0.3911391162409136
2023-10-27 00:00:00,-0.8507954018410133
2023-10-27 04:00:00,-0.6210821345092081
2023-10-27 08:00:00,-0.44543039109675375
2023-10-27 12:00:00,-0.4248056947779418
2023-10-27 16:00:00,0.9385325397002399
2023-10-27 20:00:00,0.7655775661723008
2023-10-28 00:00:00,-0.7656078974636693
2023-10-28 04:00:00,-0.7326328562251773
2023-10-28 08:00:00,-0.6784885070146366
2023-10-28 12:00:00,0.2658174056052325
2023-10-28 16:00:00,0.5823340463688841
2023-10-28 20:00:00,-0.7522061170587399
2023-10-29 00:00:00,-0.7773103550641848
2023-10-29 04:00:00,-0.48969743891749223
2023-10-29 08:00:00,-0.49721764070676167
2023-10-29 12:00:00,0.9214485210641155
2023-10-29 16:00:00,0.9228153846860845
2023-10-29 20:00:00,0.7784383288525415
2023-10-30 00:00:00,-0.2717076279064107
2023-10-30 04:00:00,-0.22245541122758192
2023-10-30 08:00:00,-0.5084062208669183
2023-10-30 12:00:00,0.8746638331191523
2023-10-30 16:00:00,0.9167027150131396
2023-10-30 20:00:00,0.5651165216345144
2023-10-31 00:00:00,-0.8356836529334566
2023-10-31 04:00:00,-0.5500237410351111
2023-10-31 08:00:00,-0.3586099885127962
2023-10-31 12:00:00,0.4255563298341384
2023-10-31 16:00:00,0.8597752731391046
2023-10-31 20:00:00,-0.44691486227320726
2023-11-01 00:00:00,-0.494058439899894
2023-11-01 04:00:00,-0.8738996525694441
2023-11-01 08:00:00,-0.7936628008679981
2023-11-01 12:00:00,-0.6981383827886116
2023-11-01 16:00:00,0.9444229886230322
2023-11-01 20:00:00,0.1928480452058092
2023-11-02 00:00:00,0.5435913349419581
2023-11-02 04:00:00,-0.26183753394763526
2023-11-02 08:00:00,-0.7342277547576715
2023-11-02 12:00:00,-0.818472160208075
2023-11-02 16:00:00,0.6174370461875048
2023-11-02 20:00:00,-0.05475859892609355
2023-11-03 00:00:00,-0.7205411746536129
2023-11-03 04:00:00,-0.43481181746968856
2023-11-03 08:00:00,-0.5904579095628097
2023-11-03 12:00:00,0.7752865806400384
2023-11-03 16:00:00,0.8192363440357584
2023-11-03 20:00:00,-0.12132431182584895
2023-11-04 00:00:00,-0.8865348571944399
2023-11-04 04:00:00,-0.8251013854997254
2023-11-04 08:00:00,-0.19632679865562086
2023-11-04 12:00:00,-0.576745802019448
2023-11-04 16:00:00,-0.5107202843944737
2023-11-04 20:00:00,-0.7900101661277538
2023-11-05 00:00:00,0.835036481530419
2023-11-05 04:00:00,0.480607855308707
2023-11-05 08:00:00,0.19663653282315086
2023-11-05 12:00:00,-0.18060170519742408
2023-11-05 16:00:00,0.6534935357897796
2023-11-05 20:00:00,0.07043104277407317
2023-11-06 00:00:00,0.9261698502104518
2023-11-06 04:00:00,-0.5120078931307904
2023-11-06 08:00:00,-0.7590156317316151
2023-11-06 12:00:00,0.14257568694772446
2023-11-06 16:00:00,0.5868920996401422
2023-11-06 20:00:00,-0.386176696397954
2023-11-07 00:00:00,-0.7621040392930215
2023-11-07 04:00:00,-0.5285741377552446
2023-11-07 08:00:00,-0.7140847184176835
2023-11-07 12:00:00,0.9319181548542675
2023-11-07 16:00:00,0.5852233955532659
2023-11-07 20:00:00,0.9272761338198204
2023-11-08 00:00:00,0.6077577125258172
2023-11-08 04:00:00,-0.8226706628748319
2023-11-08 08:00:00,-0.7069252195201721
2023-11-08 12:00:00,-0.48108187465986907
2023-11-08 16:00:00,0.038303053245781093
2023-11-08 20:00:00,0.8994475728839505
2023-11-09 00:00:00,0.9321214724715536
2023-11-09 04:00:00,0.7085879198744646
2023-11-09 08:00:00,-0.03465669709783108
2023-11-09 12:00:00,-0.6467845521857135
2023-11-09 16:00:00,0.9320325145284937
2023-11-09 20:00:00,0.6335585282582243
2023-11-10 00:00:00,-0.6680710244944642
2023-11-10 04:00:00,-0.7050084399153255
2023-11-10 08:00:00,-0.6526067479201505
2023-11-10 12:00:00,-0.28673360664548864
2023-11-10 16:00:00,0.8404664009893986
2023-11-10 20:00:00,0.5856143857994249
2023-11-11 00:00:00,-0.7807650846825627
2023-11-11 04:00:00,-0.7724402652142693
2023-11-11 08:00:00,-0.8252739465419308
2023-11-11 12:00:00,-0.7794653765391824
2023-11-11 16:00:00,0.053275564753545626
2023-11-11 20:00:00,-0.6315431973877337
2023-11-12 00:00:00,0.8405804991352258
2023-11-12 04:00:00,0.05116380235931643
2023-11-12 08:00:00,-0.7677248549019271
2023-11-12 12:00:00,-0.7265642143787628
2023-11-12 16:00:00,0.43922504647791655
2023-11-12 20:00:00,-0.7731127030805007
2023-11-13 00:00:00,-0.31543739027928785
2023-11-13 04:00:00,0.9263333076772341
2023-11-13 08:00:00,0.18053845390719647
2023-11-13 12:00:00,0.14034776884024575
2023-11-13 16:00:00,0.8830775993204762
2023-11-13 20:00:00,-0.21909761384551887
2023-11-14 00:00:00,0.6244278950194903
2023-11-14 04:00:00,-0.48626508921025524
2023-11-14 08:00:00,-0.8753584168813323
2023-11-14 12:00:00,0.5355381559792426
2023-11-14 16:00:00,0.9246994244923957
2023-11-14 20:00:00,0.8944536140660732
2023-11-15 00:00:00,-0.4731239513011106
2023-11-15 04:00:00,-0.6956248376241218
2023-11-15 08:00:00,-0.7349750677236159
2023-11-15 12:00:00,-0.02149792612649096
2023-11-15 16:00:00,0.79249966775012
2023-11-15 20:00:00,0.9368454958727859
2023-11-16 00:00:00,0.08828490986161851
2023-11-16 04:00:00,-0.6064223937376811
2023-11-16 08:00:00,-0.7291611889560752
2023-11-16 12:00:00,-0.42837765095309405
2023-11-16 16:00:00,0.8979972715871896
2023-11-16 20:00:00,0.6611962596932042
2023-11-17 00:00:00,-0.29181319312408377
2023-11-17 04:00:00,-0.7376929377422697
2023-11-17 08:00:00,-0.7319329030370239
2023-11-17 12:00:00,-0.5775443879468847
2023-11-17 16:00:00,0.8978523240721897
2023-11-17 20:00:00,0.855199607377245
2023-11-18 00:00:00,-0.7428579900599579
2023-11-18 04:00:00,-0.8071230965557143
2023-11-18 08:00:00,-0.6557112171838346
2023-11-18 12:00:00,-0.5433800109336195
2023-11-18 16:00:00,0.5728732596140642
2023-11-18 20:00:00,0.8633442642902459
2023-11-19 00:00:00,-0.5752166563591233
2023-11-19 04:00:00,-0.7211607343796748
2023-11-19 08:00:00,-0.7065927103589326
2023-11-19 12:00:00,0.07322223264047656
2023-11-19 16:00:00,0.7162814955971207
2023-11-19 20:00:00,0.9359565791044386
2023-11-20 00:00:00,0.919173020114646
2023-11-20 04:00:00,0.08080610458394913
2023-11-20 08:00:00,-0.7111330901932186
2023-11-20 12:00:00,0.21720461993396553
2023-11-20 16:00:00,0.8796582576979807
2023-11-20 20:00:00,0.8961490307427823
2023-11-21 00:00:00,-0.5641110692032019
2023-11-21 04:00:00,-0.6796514247282089
2023-11-21 08:00:00,-0.7081692557410245
2023-11-21 12:00:00,-0.5005227104533512
2023-11-21 16:00:00,0.9448256960620847
2023-11-21 20:00:00,0.6284637991533654
2023-11-22 00:00:00,0.3018898355012784
2023-11-22 04:00:00,-0.49496709564833424
2023-11-22 08:00:00,-0.8516389249372884
2023-11-22 12:00:00,-0.6962982554697745
2023-11-22 16:00:00,-0.10377570396051902
2023-11-22 20:00:00,0.90617277000094
2023-11-23 00:00:00,0.7764706338287066
2023-11-23 04:00:00,-0.8078230135609066
2023-11-23 08:00:00,-0.8234101979902321
2023-11-23 12:00:00,-0.2658568577858638
2023-11-23 16:00:00,0.22540236589479462
2023-11-23 20:00:00,-0.39666161836115
2023-11-24 00:00:00,-0.7526064246496649
2023-11-24 04:00:00,-0.700975578252782
2023-11-24 08:00:00,-0.4984833606354586
2023-11-24 12:00:00,0.9436250543545726
2023-11-24 16:00:00,0.8390377910822804
2023-11-24 20:00:00,0.44320497809859033
2023-11-25 00:00:00,-0.7359550318916549
2023-11-25 04:00:00,-0.8343392604520299
2023-11-25 08:00:00,-0.7156868906195643
2023-11-25 12:00:00,-0.41831775267999405
2023-11-25 16:00:00,-0.5879629849463336
2023-11-25 20:00:00,-0.5946199943188829
2023-11-26 00:00:00,-0.04541690650339479
2023-11-26 04:00:00,-0.8291065732284034
2023-11-26 08:00:00,-0.8164552473313234
2023-11-26 12:00:00,0.5794563904776961
2023-11-26 16:00:00,0.944795904059574
2023-11-26 20:00:00,0.585327854577463
2023-11-27 00:00:00,0.3822019532149512
2023-11-27 04:00:00,-0.4924464469122448
2023-11-27 08:00:00,-0.7335139391808654
2023-11-27 12:00:00,0.8794185596430703
2023-11-27 16:00:00,0.8785853600836928
2023-11-27 20:00:00,0.23753660171126464
2023-11-28 00:00:00,-0.7345753198922327
2023-11-28 04:00:00,-0.8329643320615255
2023-11-28 08:00:00,-0.41620111946288696
2023-11-28 12:00:00,-0.41681882866186515
2023-11-28 16:00:00,0.927672309913258
2023-11-28 20:00:00,0.94089848028154
2023-11-29 00:00:00,-0.20377916241893856
2023-11-29 04:00:00,-0.4886879448430894
2023-11-29 08:00:00,-0.6102754574470387
2023-11-29 12:00:00,0.10437441737759164
2023-11-29 16:00:00,0.804238922875093
2023-11-29 20:00:00,-0.574510017650915
2023-11-30 00:00:00,-0.6878311659468319
2023-11-30 04:00:00,-0.7263301343020977
2023-11-30 08:00:00,-0.16539152994755071
2023-11-30 12:00:00,0.5540667262561847
2023-11-30 16:00:00,0.9316476877854334
2023-11-30 20:00:00,-0.6511053481221376
2023-12-01 00:00:00,-0.7661724563439627
2023-12-01 04:00:00,0.27531272317957645
2023-12-01 08:00:00,0.6134071013272951
2023-12-01 12:00:00,0.9160211847374361
2023-12-01 16:00:00,0.09639225033707137
2023-12-01 20:00:00,0.6622326628591808
2023-12-02 00:00:00,-0.8746102174057028
2023-12-02 04:00:00,-0.8095527482380425
2023-12-02 08:00:00,-0.6634401565312079
2023-12-02 12:00:00,-0.5097141183755287
2023-12-02 16:00:00,0.6915499689648468
2023-12-02 20:00:00,0.9444365386562171
2023-12-03 00:00:00,0.36096511335903897
2023-12-03 04:00:00,-0.48788143268682377
2023-12-03 08:00:00,-0.6838341036160439
2023-12-03 12:00:00,-0.6267351923093198
2023-12-03 16:00:00,0.77656358817711
2023-12-03 20:00:00,0.30735689546675093
2023-12-04 00:00:00,0.905055915606354
2023-12-04 04:00:00,0.8562243224680434
2023-12-04 08:00:00,0.8537926588326243
2023-12-04 12:00:00,0.8187032092513712
2023-12-04 16:00:00,-0.15435398682180795
2023-12-04 20:00:00,-0.8696766804085949
2023-12-05 00:00:00,-0.7134678019128463
2023-12-05 04:00:00,-0.8325783577909383
2023-12-05 08:00:00,-0.667730871786432
2023-12-05 12:00:00,-0.7089878324413721
2023-12-05 16:00:00,0.8805757418244549
2023-12-05 20:00:00,0.9380567575168277
2023-12-06 00:00:00,0.05443781668468493
2023-12-06 04:00:00,-0.5428983650504047
2023-12-06 08:00:00,-0.6544893125308343
2023-12-06 12:00:00,-0.17332292444019778
2023-12-06 16:00:00,0.44371065557510675
2023-12-06 20:00:00,-0.6761501333492393
2023-12-07 00:00:00,-0.7554239462260759
2023-12-07 04:00:00,-0.8402970739743185
2023-12-07 08:00:00,-0.6091751926032525
2023-12-07 12:00:00,0.9340877304276646
2023-12-07 16:00:00,0.5054884960340328
2023-12-07 20:00:00,0.19748761469690057
2023-12-08 00:00:00,-0.6054321168419148
2023-12-08 04:00:00,-0.8089810303970494
2023-12-08 08:00:00,-0.4179321627209289
2023-12-08 12:00:00,0.11721550150851737
2023-12-08 16:00:00,0.9205014575942362
2023-12-08 20:00:00,-0.294587589014229
2023-12-09 00:00:00,0.7750688939168967
2023-12-09 04:00:00,-0.8542584501703319
2023-12-09 08:00:00,-0.7443450039363689
2023-12-09 12:00:00,0.14942711042306595
2023-12-09 16:00:00,-0.0720386536373036
2023-12-09 20:00:00,-0.7378261820840246
2023-12-10 00:00:00,-0.1357651169790538
2023-12-10 04:00:00,-0.8183475011726329
2023-12-10 08:00:00,-0.7240638651470827
2023-12-10 12:00:00,0.7761172758731744
2023-12-10 16:00:00,0.21118248169579149
2023-12-10 20:00:00,-0.5057909970942912
2023-12-11 00:00:00,0.816602082183253
2023-12-11 04:00:00,0.9445982927773519
2023-12-11 08:00:00,0.3013463176299345
2023-12-11 12:00:00,-0.2973449239600097
2023-12-11 16:00:00,-0.2033967029548975
2023-12-11 20:00:00,0.8038769858554938
2023-12-12 00:00:00,-0.5527134376550827
2023-12-12 04:00:00,-0.5102029941481852
2023-12-12 08:00:00,-0.5260323461823933
2023-12-12 12:00:00,-0.5286656268082524
2023-12-12 16:00:00,0.9245972319265127
2023-12-12 20:00:00,0.8176881429026597
2023-12-13 00:00:00,-0.7785776385422231
2023-12-13 04:00:00,-0.05274074925161668
2023-12-13 08:00:00,-0.7267190312887534
2023-12-13 12:00:00,-0.7363387121026476
2023-12-13 16:00:00,0.8728325978637063
2023-12-13 20:00:00,0.8917663382393681
2023-12-14 00:00:00,0.6325746008900932
2023-12-14 04:00:00,-0.7302853864812697
2023-12-14 08:00:00,-0.8032373086394048
2023-12-14 12:00:00,-0.47631594479569184
2023-12-14 16:00:00,0.9094239553110791
2023-12-14 20:00:00,0.3452807815098011
2023-12-15 00:00:00,-0.6585715898404911
2023-12-15 04:00:00,-0.598628701740236
2023-12-15 08:00:00,-0.5937121038555108
2023-12-15 12:00:00,-0.2742847524997908
2023-12-15 16:00:00,0.9440466496945977
2023-12-15 20:00:00,0.02122963391540114
2023-12-16 00:00:00,-0.5844492516420624
2023-12-16 04:00:00,-0.3952640140118095
2023-12-16 08:00:00,-0.7700784925091385
2023-12-16 12:00:00,-0.6971560473657865
2023-12-16 16:00:00,0.6654181540144055
2023-12-16 20:00:00,0.6908714456716086
2023-12-17 00:00:00,-0.4679848263930276
2023-12-17 04:00:00,-0.19622090989871221
2023-12-17 08:00:00,-0.16993486990769152
2023-12-17 12:00:00,0.046483312284853376
2023-12-17 16:00:00,0.9126400775641189
2023-12-17 20:00:00,0.9322125702124534
2023-12-18 00:00:00,0.1522979093169754
2023-12-18 04:00:00,0.8060627707961443
2023-12-18 08:00:00,-0.7184000970869295
2023-12-18 12:00:00,0.8938231019814955
2023-12-18 16:00:00,0.6616643948532676
2023-12-18 20:00:00,-0.7355124944937248
2023-12-19 00:00:00,0.611252424149094
2023-12-19 04:00:00,0.26197734781039367
2023-12-19 08:00:00,-0.8384423679251329
2023-12-19 12:00:00,-0.432410544104332
2023-12-19 16:00:00,0.4292983356963907
2023-12-19 20:00:00,0.5158964106246267
2023-12-20 00:00:00,-0.7703829924224918
2023-12-20 04:00:00,-0.7769995542430231
2023-12-20 08:00:00,-0.03739985181711479
2023-12-20 12:00:00,-0.31991355341932914
2023-12-20 16:00:00,0.9426770696338962
2023-12-20 20:00:00,0.26556386125928505
2023-12-21 00:00:00,-0.3682722205479633
2023-12-21 04:00:00,-0.6276583383159009
2023-12-21 08:00:00,-0.7013805230483827
2023-12-21 12:00:00,0.006408394302361841
2023-12-21 16:00:00,0.8924127899489444
2023-12-21 20:00:00,0.14885052166393
2023-12-22 00:00:00,-0.6429257573146796
2023-12-22 04:00:00,-0.6259860985860132
2023-12-22 08:00:00,0.4693608755266447
2023-12-22 12:00:00,-0.04768004787863277
2023-12-22 16:00:00,0.03479880171962029
2023-12-22 20:00:00,-0.6442766323369719
2023-12-23 00:00:00,-0.8782287171522054
2023-12-23 04:00:00,-0.5411261927356628
2023-12-23 08:00:00,-0.7529441092106525
2023-12-23 12:00:00,-0.8248617543912261
2023-12-23 16:00:00,-0.31095173533393416
2023-12-23 20:00:00,-0.7608528485517225
2023-12-24 00:00:00,-0.6187007982642168
2023-12-24 04:00:00,0.7426460841006791
2023-12-24 08:00:00,0.9137299129393677
2023-12-24 12:00:00,0.10347317742612501
2023-12-24 16:00:00,0.3041830119976753
2023-12-24 20:00:00,-0.7761240126292366
2023-12-25 00:00:00,0.9379632017304422
2023-12-25 04:00:00,-0.14448451522063074
2023-12-25 08:00:00,-0.5370632968586851
2023-12-25 12:00:00,-0.34093444336209033
2023-12-25 16:00:00,0.6738681106638742
2023-12-25 20:00:00,0.18596219102764205
2023-12-26 00:00:00,-0.28183045271870316
2023-12-26 04:00:00,-0.7046668036954313
2023-12-26 08:00:00,0.8770945934708464
2023-12-26 12:00:00,0.6538153090086314
2023-12-26 16:00:00,-0.16730827671911716
2023-12-26 20:00:00,0.8076870929027392
2023-12-27 00:00:00,-0.8588420336737832
2023-12-27 04:00:00,-0.688212738699787
2023-12-27 08:00:00,-0.5905191304071143
2023-12-27 12:00:00,0.5305648698600809
2023-12-27 16:00:00,0.8027233381495906
2023-12-27 20:00:00,-0.028378513978611734
2023-12-28 00:00:00,0.2825131091765337
2023-12-28 04:00:00,-0.7173539280301743
2023-12-28 08:00:00,-0.24100887798316145
2023-12-28 12:00:00,-0.9117673428757992
2023-12-28 16:00:00,0.8916033970631901
2023-12-28 20:00:00,-0.2952996645196747
2023-12-29 00:00:00,-0.6947999063228067
2023-12-29 04:00:00,0.504719763865369
2023-12-29 08:00:00,-0.5817878277404894
2023-12-29 12:00:00,-0.03540311954163015
2023-12-29 16:00:00,0.8718999289190937
2023-12-29 20:00:00,0.8948027673501419
2023-12-30 00:00:00,-0.11086096219084235
2023-12-30 04:00:00,-0.858170746125532
2023-12-30 08:00:00,-0.809817559930168
2023-12-30 12:00:00,-0.1866747718169331
2023-12-30 16:00:00,0.2931260813258221
2023-12-30 20:00:00,0.6949065807311154
2023-12-31 00:00:00,-0.7301152661861511
2023-12-31 04:00:00,-0.7002693028299367
2023-12-31 08:00:00,-0.1755974967252014
2023-12-31 12:00:00,0.6351916179306969
2023-12-31 16:00:00,0.02319960636759254
2023-12-31 20:00:00,-0.7630675172430104
2024-01-01 00:00:00,0.719644354817451
2024-01-01 04:00:00,-0.07665393162168713
2024-01-01 08:00:00,-0.8039595729285863
2024-01-01 12:00:00,-0.534523034649014
2024-01-01 16:00:00,-0.430766069299315
2024-01-01 20:00:00,0.9290764598797234
2024-01-02 00:00:00,0.914010805821199
2024-01-02 04:00:00,0.9255343623942367
2024-01-02 08:00:00,-0.21328907455398607
2024-01-02 12:00:00,0.006984339830520591
2024-01-02 16:00:00,0.4443862894582078
2024-01-02 20:00:00,-0.5437757602761816
2024-01-03 00:00:00,-0.7457347675914148
2024-01-03 04:00:00,-0.8573372826184694
2024-01-03 08:00:00,-0.6970941638139344
2024-01-03 12:00:00,0.9163048331404128
2024-01-03 16:00:00,0.9347662488684536
2024-01-03 20:00:00,0.11925107878626007
2024-01-04 00:00:00,-0.6556846198779298
2024-01-04 04:00:00,-0.6816914383078136
2024-01-04 08:00:00,-0.5613772869908331
2024-01-04 12:00:00,-0.2777615644983387
2024-01-04 16:00:00,0.9424891713014855
2024-01-04 20:00:00,0.5355251855646975
2024-01-05 00:00:00,0.349326477984738
2024-01-05 04:00:00,0.7531742120871487
2024-01-05 08:00:00,-0.9183118570713619
2024-01-05 12:00:00,-0.47846686542863615
2024-01-05 16:00:00,0.5487812143182644
2024-01-05 20:00:00,-0.39694508062474754
2024-01-06 00:00:00,-0.048017901151969626
2024-01-06 04:00:00,-0.9038397814648983
2024-01-06 08:00:00,-0.6330634243182334
2024-01-06 12:00:00,-0.7788844005997893
2024-01-06 16:00:00,-0.5490231762806524
2024-01-06 20:00:00,-0.09909355948465726
2024-01-07 00:00:00,-0.5426041161772407
2024-01-07 04:00:00,0.8920083592143825
2024-01-07 08:00:00,-0.8306856393325005
2024-01-07 12:00:00,0.15981899962417898
2024-01-07 16:00:00,0.938367434119142
2024-01-07 20:00:00,0.10124945542156133
2024-01-08 00:00:00,0.43663363191885923
2024-01-08 04:00:00,0.8271085549212813
2024-01-08 08:00:00,0.7261544538931842
2024-01-08 12:00:00,0.45469319636457434
2024-01-08 16:00:00,0.941810471438061
2024-01-08 20:00:00,0.8996843808359003
2024-01-09 00:00:00,-0.49836999873560345
2024-01-09 04:00:00,-0.47851595190929425
2024-01-09 08:00:00,-0.7936429872847169
2024-01-09 12:00:00,-0.5339129672925087
2024-01-09 16:00:00,0.9193813369986221
2024-01-09 20:00:00,-0.35835652718163946
2024-01-10 00:00:00,0.9156754840296312
2024-01-10 04:00:00,-0.5827759101466099
2024-01-10 08:00:00,-0.6847912918015591
2024-01-10 12:00:00,-0.24999008495323735
2024-01-10 16:00:00,0.529065461592904
2024-01-10 20:00:00,0.7584663543829888
2024-01-11 00:00:00,0.9111798366682012
2024-01-11 04:00:00,-0.717766778292085
2024-01-11 08:00:00,-0.7042768588116896
2024-01-11 12:00:00,-0.5193443596102607
2024-01-11 16:00:00,0.8089795730061471
2024-01-11 20:00:00,0.2549697919445963
2024-01-12 00:00:00,-0.5575259320050301
2024-01-12 04:00:00,-0.6348865083711401
2024-01-12 08:00:00,-0.5987532403441292
2024-01-12 12:00:00,-0.32045332110118485
2024-01-12 16:00:00,0.9427589096694337
2024-01-12 20:00:00,0.8968743132645745
2024-01-13 00:00:00,0.6068752547707026
2024-01-13 04:00:00,-0.7539378208904113
2024-01-13 08:00:00,-0.8229992023576395
2024-01-13 12:00:00,-0.6223045630852705
2024-01-13 16:00:00,-0.4496666303140019
2024-01-13 20:00:00,-0.8379713424501672
2024-01-14 00:00:00,-0.9042262892935614
2024-01-14 04:00:00,-0.7324030664355176
2024-01-14 08:00:00,-0.45755309733313115
2024-01-14 12:00:00,-0.36337246101568976
2024-01-14 16:00:00,0.7305972625837023
2024-01-14 20:00:00,0.9077738527973683
2024-01-15 00:00:00,0.9447354663125552
2024-01-15 04:00:00,0.03346838886425233
2024-01-15 08:00:00,-0.4205545083699662
2024-01-15 12:00:00,-0.5670142472547006
2024-01-15 16:00:00,0.4598874210613578
2024-01-15 20:00:00,0.8819040363498895
2024-01-16 00:00:00,-0.36968336250747275
2024-01-16 04:00:00,-0.6785118280238667
2024-01-16 08:00:00,-0.7202588191703208
2024-01-16 12:00:00,-0.23322439762776162
2024-01-16 16:00:00,0.9440806690505903
2024-01-16 20:00:00,0.01957521763036983
2024-01-17 00:00:00,-0.2659978957731018
2024-01-17 04:00:00,-0.6666524324723051
2024-01-17 08:00:00,-0.6046047112558219
2024-01-17 12:00:00,-0.4658975419720035
2024-01-17 16:00:00,0.920629773395452
2024-01-17 20:00:00,0.26257247482713586
2024-01-18 00:00:00,-0.25410778054774313
2024-01-18 04:00:00,-0.7971933545053989
2024-01-18 08:00:00,-0.6373751128945828
2024-01-18 12:00:00,0.35982504736649684
2024-01-18 16:00:00,0.7576647554303731
2024-01-18 20:00:00,0.9424513259647563
2024-01-19 00:00:00,0.2508139698467185
2024-01-19 04:00:00,-0.5298873447288343
2024-01-19 08:00:00,-0.5957536800037574
2024-01-19 12:00:00,-0.625299192021798
2024-01-19 16:00:00,0.72755142959259
2024-01-19 20:00:00,0.9311870522340926
2024-01-20 00:00:00,-0.295790879936068
2024-01-20 04:00:00,-0.726722295658174
2024-01-20 08:00:00,-0.7226461272988245
2024-01-20 12:00:00,-0.4818741961682825
2024-01-20 16:00:00,-0.3610854500048227
2024-01-20 20:00:00,-0.8265542401222826
2024-01-21 00:00:00,0.010825630876577787
2024-01-21 04:00:00,-0.8738154640151955
2024-01-21 08:00:00,-0.8128710618398868
2024-01-21 12:00:00,0.21022201001912677
2024-01-21 16:00:00,0.8294031647464554
2024-01-21 20:00:00,0.21446667306244957
2024-01-22 00:00:00,0.07621013496170201
2024-01-22 04:00:00,0.9407167660353644
2024-01-22 08:00:00,0.8808555478233587
2024-01-22 12:00:00,0.8589630209533281
2024-01-22 16:00:00,0.7908815670575807
2024-01-22 20:00:00,0.9246882608268985
2024-01-23 00:00:00,-0.09010209160445198
2024-01-23 04:00:00,-0.8583183503992303
2024-01-23 08:00:00,-0.7680917161674031
2024-01-23 12:00:00,0.7526507962332535
2024-01-23 16:00:00,0.6391130855394027
2024-01-23 20:00:00,0.21089244136186752
2024-01-24 00:00:00,-0.5926154803646665
2024-01-24 04:00:00,-0.7445295321237229
2024-01-24 08:00:00,-0.7484838343050366
2024-01-24 12:00:00,-0.3962578095477883
2024-01-24 16:00:00,0.8641240563557129
2024-01-24 20:00:00,-0.6496037307134191
2024-01-25 00:00:00,-0.7177104861064719
2024-01-25 04:00:00,-0.8809007696513991
2024-01-25 08:00:00,-0.6965704488853424
2024-01-25 12:00:00,0.20685672272633487
2024-01-25 16:00:00,0.9242420566124151
2024-01-25 20:00:00,0.6672713537726584
2024-01-26 00:00:00,-0.6996091757133515
2024-01-26 04:00:00,-0.7249053235717887
2024-01-26 08:00:00,-0.6634075074774505
2024-01-26 12:00:00,0.9262934437050818
2024-01-26 16:00:00,0.7685487297151834
2024-01-26 20:00:00,0.5427331698511114
2024-01-27 00:00:00,-0.6627849326257741
2024-01-27 04:00:00,-0.8785203681733066
2024-01-27 08:00:00,-0.729294459982209
2024-01-27 12:00:00,-0.2870017070070352
2024-01-27 16:00:00,-0.6878419123769185
2024-01-27 20:00:00,-0.47720599741903685
2024-01-28 00:00:00,0.23142911468524383
2024-01-28 04:00:00,0.5546956900050812
2024-01-28 08:00:00,0.9395202887516287
2024-01-28 12:00:00,0.06909729910644387
2024-01-28 16:00:00,-0.24240301064565875
2024-01-28 20:00:00,-0.2911307649553102
2024-01-29 00:00:00,-0.6111003758552338
2024-01-29 04:00:00,-0.4357535303200813
2024-01-29 08:00:00,-0.9073647411292675
2024-01-29 12:00:00,-0.24858069430344756
2024-01-29 16:00:00,0.9412936326724877
2024-01-29 20:00:00,0.9200529097023898
2024-01-30 00:00:00,-0.5161334539887679
2024-01-30 04:00:00,0.046062702835707355
2024-01-30 08:00:00,-0.7468647078467268
2024-01-30 12:00:00,-0.5161073234633001
2024-01-30 16:00:00,0.9189345372528765
2024-01-30 20:00:00,-0.18142974013076799
2024-01-31 00:00:00,0.42351427274569986
2024-01-31 04:00:00,-0.5269432396417708
2024-01-31 08:00:00,-0.8292364396770268
2024-01-31 12:00:00,0.5206051340535407
2024-01-31 16:00:00,0.8397016740438413
2024-01-31 20:00:00,0.7347844233422954
2024-02-01 00:00:00,0.6555780818227835
2024-02-01 04:00:00,-0.73327833073496
2024-02-01 08:00:00,-0.9022752401399139
2024-02-01 12:00:00,-0.795141294741596
2024-02-01 16:00:00,0.6829501260323695
2024-02-01 20:00:00,0.746880883867488
2024-02-02 00:00:00,-0.6011671681295002
2024-02-02 04:00:00,-0.6083463762575646
2024-02-02 08:00:00,-0.686707594661356
2024-02-02 12:00:00,-0.5041545933355766
2024-02-02 16:00:00,0.9443432796686311
2024-02-02 20:00:00,0.4723123800957992
2024-02-03 00:00:00,-0.7519062596319117
2024-02-03 04:00:00,-0.6697640523920071
2024-02-03 08:00:00,-0.7082475770462496
2024-02-03 12:00:00,-0.4660830780663687
2024-02-03 16:00:00,0.7492837110732805
2024-02-03 20:00:00,0.7697539274076394
2024-02-04 00:00:00,-0.7271313662710222
2024-02-04 04:00:00,-0.7181247686416754
2024-02-04 08:00:00,0.3881164213749097
2024-02-04 12:00:00,0.6458781271779189
2024-02-04 16:00:00,0.6675622847541318
2024-02-04 20:00:00,0.86124672040182
2024-02-05 00:00:00,0.9265978092339037
2024-02-05 04:00:00,0.2880514809927981
2024-02-05 08:00:00,0.5568095827253963
2024-02-05 12:00:00,-0.0029847789997669958
2024-02-05 16:00:00,0.9411755579092657
2024-02-05 20:00:00,-0.009766658424562579
2024-02-06 00:00:00,-0.4061212514390233
2024-02-06 04:00:00,-0.739911073685558
2024-02-06 08:00:00,-0.7511160368562615
2024-02-06 12:00:00,0.7931160109651076
2024-02-06 16:00:00,0.8081756811045546
2024-02-06 20:00:00,0.3518504334765816
2024-02-07 00:00:00,-0.7297282474531764
2024-02-07 04:00:00,-0.7801348878395635
2024-02-07 08:00:00,-0.7062814318369643
2024-02-07 12:00:00,0.07665065808208966
2024-02-07 16:00:00,0.9365884295770296
2024-02-07 20:00:00,0.9222377858360962
2024-02-08 00:00:00,0.8377972873322093
2024-02-08 04:00:00,0.26495503683579097
2024-02-08 08:00:00,-0.8888017504172367
2024-02-08 12:00:00,-0.5112903980045351
2024-02-08 16:00:00,0.8119468741636151
2024-02-08 20:00:00,0.24001099132154594
2024-02-09 00:00:00,-0.35192309740124045
2024-02-09 04:00:00,0.45017015372972435
2024-02-09 08:00:00,-0.6543963653732255
2024-02-09 12:00:00,0.8862169982746896
2024-02-09 16:00:00,0.9270928150342804
2024-02-09 20:00:00,0.4455795813107391
2024-02-10 00:00:00,-0.7343062204812543
2024-02-10 04:00:00,-0.8133186840603602
2024-02-10 08:00:00,-0.728303396839187
2024-02-10 12:00:00,-0.3244625486370344
2024-02-10 16:00:00,-0.32405508937922944
2024-02-10 20:00:00,0.0045068595913667665
2024-02-11 00:00:00,0.9200852694757875
2024-02-11 04:00:00,0.6722214937442869
2024-02-11 08:00:00,-0.1465596614493391
2024-02-11 12:00:00,-0.6468590730721557
2024-02-11 16:00:00,-0.22684712494773174
2024-02-11 20:00:00,-0.5287478023843473
2024-02-12 00:00:00,-0.5309504671143337
2024-02-12 04:00:00,0.9286400184649893
2024-02-12 08:00:00,-0.4005014158339962
2024-02-12 12:00:00,0.08786369869071405
2024-02-12 16:00:00,0.9404362674133552
2024-02-12 20:00:00,0.7913384881753934
2024-02-13 00:00:00,-0.4818135811289514
2024-02-13 04:00:00,-0.6373265959821962
2024-02-13 08:00:00,-0.7562163639178612
2024-02-13 12:00:00,-0.12194695182304036
2024-02-13 16:00:00,0.9396936924741288
2024-02-13 20:00:00,0.05121955214613686
2024-02-14 00:00:00,-0.4805431849061493
2024-02-14 04:00:00,-0.745183488397558
2024-02-14 08:00:00,-0.5814812439171563
2024-02-14 12:00:00,0.9291494839957858
2024-02-14 16:00:00,0.6400439728886962
2024-02-14 20:00:00,-0.2487465096730613
2024-02-15 00:00:00,-0.6711752818925771
2024-02-15 04:00:00,-0.29047890598855736
2024-02-15 08:00:00,-0.6174747412425906
2024-02-15 12:00:00,-0.24981328310216314
2024-02-15 16:00:00,0.9197481202098405
2024-02-15 20:00:00,-0.07387320729862895
2024-02-16 00:00:00,-0.3078684200298565
2024-02-16 04:00:00,-0.7625989663197389
2024-02-16 08:00:00,-0.6410825132939999
2024-02-16 12:00:00,0.5030151733890025
2024-02-16 16:00:00,0.8947761071413937
2024-02-16 20:00:00,-0.5325686278854127
2024-02-17 00:00:00,-0.8014773787966579
2024-02-17 04:00:00,-0.7725929747152427
2024-02-17 08:00:00,-0.6089088252690101
2024-02-17 12:00:00,0.62556752930788
2024-02-17 16:00:00,0.9381567442422954
2024-02-17 20:00:00,-0.04668400452576446
2024-02-18 00:00:00,-0.16437367131708822
2024-02-18 04:00:00,-0.5787735245935427
2024-02-18 08:00:00,-0.64399566225783
2024-02-18 12:00:00,-0.19312192257122573
2024-02-18 16:00:00,-0.04033361010830881
2024-02-18 20:00:00,-0.42132564617068713
2024-02-19 00:00:00,0.9303393277093708
2024-02-19 04:00:00,0.04545406810797011
2024-02-19 08:00:00,0.14679861476107522
2024-02-19 12:00:00,0.10541040445691786
2024-02-19 16:00:00,0.7154985174886477
2024-02-19 20:00:00,0.9101750122067195
2024-02-20 00:00:00,-0.805694837387963
2024-02-20 04:00:00,0.07786587803247708
2024-02-20 08:00:00,-0.7524578105422041
2024-02-20 12:00:00,0.8503646458629112
2024-02-20 16:00:00,0.939377055965401
2024-02-20 20:00:00,0.2679082765148021
2024-02-21 00:00:00,-0.5529179832340684
2024-02-21 04:00:00,-0.7600662010977922
2024-02-21 08:00:00,-0.5577557151648946
2024-02-21 12:00:00,0.6958956502053689
2024-02-21 16:00:00,0.8663661211649207
2024-02-21 20:00:00,0.06040231773119604
2024-02-22 00:00:00,-0.4757082247898045
2024-02-22 04:00:00,-0.8443570517664756
2024-02-22 08:00:00,-0.7062157214412645
2024-02-22 12:00:00,-0.17633505137529523
2024-02-22 16:00:00,0.9158968570711279
2024-02-22 20:00:00,-0.39949241122412743
2024-02-23 00:00:00,0.41564551537395494
2024-02-23 04:00:00,-0.7244168941182818
2024-02-23 08:00:00,-0.7220832829725007
2024-02-23 12:00:00,-0.18075401108834588
2024-02-23 16:00:00,0.885649196410176
2024-02-23 20:00:00,0.17404576913179148
2024-02-24 00:00:00,-0.6976153087999274
2024-02-24 04:00:00,-0.7794360753284644
2024-02-24 08:00:00,-0.7184299397961348
2024-02-24 12:00:00,-0.6750425601978276
2024-02-24 16:00:00,-0.8037081269273297
2024-02-24 20:00:00,0.9343653250915427
2024-02-25 00:00:00,-0.40887567214837944
2024-02-25 04:00:00,0.4744817761727141
2024-02-25 08:00:00,-0.5055705295720943
2024-02-25 12:00:00,-0.6419939639918424
2024-02-25 16:00:00,0.5848466309054384
2024-02-25 20:00:00,0.7858845232629202
2024-02-26 00:00:00,0.7760535716595697
2024-02-26 04:00:00,-0.4487643099669713
2024-02-26 08:00:00,-0.7595841657999419
2024-02-26 12:00:00,0.9125119427338999
2024-02-26 16:00:00,0.937836917453221
2024-02-26 20:00:00,0.9076790662217902
2024-02-27 00:00:00,-0.15986480415384421
2024-02-27 04:00:00,0.6784244354751001
2024-02-27 08:00:00,-0.7522642480475247
2024-02-27 12:00:00,-0.6779374830789986
2024-02-27 16:00:00,0.7354420220119602
2024-02-27 20:00:00,-0.32474741713794497
2024-02-28 00:00:00,-0.6854894614784196
2024-02-28 04:00:00,-0.8065760375182833
2024-02-28 08:00:00,-0.20675211489773468
2024-02-28 12:00:00,0.9272113270417883
2024-02-28 16:00:00,0.8839975943095113
2024-02-28 20:00:00,0.9066376499469263
2024-02-29 00:00:00,-0.5114471279179198
2024-02-29 04:00:00,-0.7473922430861032
2024-02-29 08:00:00,-0.5025273478197974
2024-02-29 12:00:00,-0.4893484546418203
2024-02-29 16:00:00,0.2999570874710486
2024-02-29 20:00:00,0.8953342547154567
2024-03-01 00:00:00,-0.6884311783492991
2024-03-01 04:00:00,-0.877896726526476
2024-03-01 08:00:00,-0.7704821328160871
2024-03-01 12:00:00,-0.3842860636708731
2024-03-01 16:00:00,0.6867987322768392
2024-03-01 20:00:00,0.21874493592401467
2024-03-02 00:00:00,0.46764777159623044
2024-03-02 04:00:00,-0.8915425910841537
2024-03-02 08:00:00,-0.7795072393957363
2024-03-02 12:00:00,-0.6874338732796095
2024-03-02 16:00:00,-0.3803433900047937
2024-03-02 20:00:00,-0.913635328354894
2024-03-03 00:00:00,-0.779186245372
2024-03-03 04:00:00,-0.7132237877360856
2024-03-03 08:00:00,0.8441469650129221
2024-03-03 12:00:00,0.3082684564161283
2024-03-03 16:00:00,0.9199326686736261
2024-03-03 20:00:00,0.43779294416220177
2024-03-04 00:00:00,-0.39372931409526046
2024-03-04 04:00:00,0.9346359970229043
2024-03-04 08:00:00,-0.3482754387546467
2024-03-04 12:00:00,0.8615369260863739
2024-03-04 16:00:00,0.7296208517141435
2024-03-04 20:00:00,0.6913173218459616
2024-03-05 00:00:00,0.24233810397989775
2024-03-05 04:00:00,-0.9287947592711281
2024-03-05 08:00:00,0.5398126128501328
2024-03-05 12:00:00,-0.7919691095330661
2024-03-05 16:00:00,0.9102411434128119
2024-03-05 20:00:00,0.930016381347873
2024-03-06 00:00:00,0.11001747380565176
2024-03-06 04:00:00,-0.7512731264296518
2024-03-06 08:00:00,-0.5648046313063178
2024-03-06 12:00:00,-0.5027793716336157
2024-03-06 16:00:00,0.607101073338808
2024-03-06 20:00:00,-0.6366661691816597
2024-03-07 00:00:00,-0.8188532439581587
2024-03-07 04:00:00,-0.6680794682147347
2024-03-07 08:00:00,-0.5587066519908728
2024-03-07 12:00:00,0.25147489664177125
2024-03-07 16:00:00,0.9392804882541723
2024-03-07 20:00:00,0.17812411288449462
2024-03-08 00:00:00,-0.6504521295837943
2024-03-08 04:00:00,-0.7996607207762063
2024-03-08 08:00:00,-0.6406692666990491
2024-03-08 12:00:00,-0.3697483394357063
2024-03-08 16:00:00,0.9451028352700411
2024-03-08 20:00:00,0.772888507388323
2024-03-09 00:00:00,-0.3173035556627867
2024-03-09 04:00:00,-0.7677581433784763
2024-03-09 08:00:00,-0.7429110185457887
2024-03-09 12:00:00,-0.5161572864563774
2024-03-09 16:00:00,-0.47428219786597614
2024-03-09 20:00:00,-0.8186510552224142
2024-03-10 00:00:00,-0.8654109327675915
2024-03-10 04:00:00,0.9305926317048933
2024-03-10 08:00:00,0.5048218831991704
2024-03-10 12:00:00,0.785501289938547
2024-03-10 16:00:00,0.6863150092330706
2024-03-10 20:00:00,-0.8805917851947059
2024-03-11 00:00:00,-0.0928427163818483
2024-03-11 04:00:00,0.8425721095479562
2024-03-11 08:00:00,0.9232121611371483
2024-03-11 12:00:00,0.6854103491731699
2024-03-11 16:00:00,0.48321479137709056
2024-03-11 20:00:00,-0.7260337627070871
2024-03-12 00:00:00,-0.913752852784206
2024-03-12 04:00:00,-0.7017641922819632
2024-03-12 08:00:00,-0.4288312428385744
2024-03-12 12:00:00,-0.2215557678212896
2024-03-12 16:00:00,0.9437797112193488
2024-03-12 20:00:00,0.8995705209792638
2024-03-13 00:00:00,-0.6379400017045391
2024-03-13 04:00:00,-0.639827538767402
2024-03-13 08:00:00,-0.4853612362098615
2024-03-13 12:00:00,-0.24277217674637924
2024-03-13 16:00:00,0.9294046377021361
2024-03-13 20:00:00,-0.3683202244863895
2024-03-14 00:00:00,-0.8151824579121236
2024-03-14 04:00:00,-0.6583963523740413
2024-03-14 08:00:00,0.03306595949292221
2024-03-14 12:00:00,-0.17545249650050435
2024-03-14 16:00:00,0.9412622980152114
2024-03-14 20:00:00,0.868280303112418
2024-03-15 00:00:00,-0.36297872123371716
2024-03-15 04:00:00,0.7037488995335625
2024-03-15 08:00:00,-0.3728591335106776
2024-03-15 12:00:00,0.4886957248454835
2024-03-15 16:00:00,-0.7051536708132551
2024-03-15 20:00:00,-0.3427675985145082
2024-03-16 00:00:00,-0.7886655902553954
2024-03-16 04:00:00,-0.8142758353411382
2024-03-16 08:00:00,-0.8104771709486273
2024-03-16 12:00:00,-0.3656126495753303
2024-03-16 16:00:00,0.27865328739017114
2024-03-16 20:00:00,0.9153429153904539
2024-03-17 00:00:00,0.8949938388865255
2024-03-17 04:00:00,-0.3041337105261194
2024-03-17 08:00:00,-0.28408925425101633
2024-03-17 12:00:00,-0.5537504639897823
2024-03-17 16:00:00,-0.611382654709697
2024-03-17 20:00:00,-0.9124433835407341
2024-03-18 00:00:00,-0.8498525707942108
2024-03-18 04:00:00,0.5414326682877936
2024-03-18 08:00:00,-0.4289775569081662
2024-03-18 12:00:00,0.5098567242845081
2024-03-18 16:00:00,0.928082624372713
2024-03-18 20:00:00,0.4409012617239527
2024-03-19 00:00:00,-0.7374103024106716
2024-03-19 04:00:00,0.8651913416157465
2024-03-19 08:00:00,0.6719278973747136
2024-03-19 12:00:00,0.8330524148970446
2024-03-19 16:00:00,0.44162346626349996
2024-03-19 20:00:00,-0.7475012130379923
2024-03-20 00:00:00,-0.8330299304058884
2024-03-20 04:00:00,-0.5206103316538543
2024-03-20 08:00:00,0.37406147438299675
2024-03-20 12:00:00,-0.8925246869681713
2024-03-20 16:00:00,0.20505783494507315
2024-03-20 20:00:00,0.9059840978593924
2024-03-21 00:00:00,-0.22472273195515458
2024-03-21 04:00:00,-0.784295793507144
2024-03-21 08:00:00,-0.7795804806622539
2024-03-21 12:00:00,-0.7000467144770672
2024-03-21 16:00:00,0.2558365055912631
2024-03-21 20:00:00,0.8382005605161178
2024-03-22 00:00:00,-0.5705719265123126
2024-03-22 04:00:00,-0.6843994730958486
2024-03-22 08:00:00,-0.8256986703648049
2024-03-22 12:00:00,0.41140808909551746
2024-03-22 16:00:00,0.9369219915068281
2024-03-22 20:00:00,-0.05779128181450221
2024-03-23 00:00:00,-0.3768737004625485
2024-03-23 04:00:00,-0.6937763903095112
2024-03-23 08:00:00,-0.6923002686411779
2024-03-23 12:00:00,-0.7924385571571259
2024-03-23 16:00:00,0.42025834033094983
2024-03-23 20:00:00,0.5116571178703765
2024-03-24 00:00:00,-0.7827439914218006
2024-03-24 04:00:00,-0.7075289735943587
2024-03-24 08:00:00,-0.6816027044370647
2024-03-24 12:00:00,0.5809451573079142
2024-03-24 16:00:00,0.8766024398470584
2024-03-24 20:00:00,0.8874076709549358
2024-03-25 00:00:00,0.829408660568442
2024-03-25 04:00:00,-0.6202603078160333
2024-03-25 08:00:00,-0.6350030699053189
2024-03-25 12:00:00,-0.7845131471429396
2024-03-25 16:00:00,0.938712549060539
2024-03-25 20:00:00,0.47700912169917614
2024-03-26 00:00:00,-0.3210967229531518
2024-03-26 04:00:00,-0.6862742429150961
2024-03-26 08:00:00,-0.5211428136303806
2024-03-26 12:00:00,-0.4279125053689242
2024-03-26 16:00:00,0.927122674939826
2024-03-26 20:00:00,0.0703641512259945
2024-03-27 00:00:00,-0.8201022118730797
2024-03-27 04:00:00,-0.5594343068107019
2024-03-27 08:00:00,-0.5359703292839135
2024-03-27 12:00:00,0.14244706568966706
2024-03-27 16:00:00,0.9451355092884737
2024-03-27 20:00:00,-0.08838224608400913
2024-03-28 00:00:00,-0.5147786927481018
2024-03-28 04:00:00,-0.5372677345133723
2024-03-28 08:00:00,-0.46928723437470765
2024-03-28 12:00:00,0.3121037896723332
2024-03-28 16:00:00,0.9364838075083906
2024-03-28 20:00:00,-0.47648356020488664
2024-03-29 00:00:00,-0.7840173620384439
2024-03-29 04:00:00,-0.6698369419019772
2024-03-29 08:00:00,-0.2769218352826621
2024-03-29 12:00:00,0.7053324768192544
2024-03-29 16:00:00,0.9220991927257239
2024-03-29 20:00:00,-0.3650988951924608
2024-03-30 00:00:00,-0.8247719616943345
2024-03-30 04:00:00,-0.6714818057808075
2024-03-30 08:00:00,-0.48059381386283395
2024-03-30 12:00:00,-0.6917326077227929
2024-03-30 16:00:00,-0.8267423957266731
2024-03-30 20:00:00,0.39214537982481995
2024-03-31 00:00:00,-0.7950505411903046
2024-03-31 04:00:00,0.8613151779230975
2024-03-31 08:00:00,0.8694134000908654
2024-03-31 12:00:00,-0.6949855813318624
2024-03-31 16:00:00,0.8436984325061817
2024-03-31 20:00:00,0.8079216909227166
2024-04-01 00:00:00,0.34378029574769536
2024-04-01 04:00:00,-0.050696238108300186
2024-04-01 08:00:00,0.9435170091869366
2024-04-01 12:00:00,-0.2165308717035318
2024-04-01 16:00:00,0.8545389999742928
2024-04-01 20:00:00,0.1620555701063763
2024-04-02 00:00:00,-0.8048837501580248
2024-04-02 04:00:00,0.8879670760569643
2024-04-02 08:00:00,-0.23712595542843895
2024-04-02 12:00:00,0.6563504494073017
2024-04-02 16:00:00,0.7624899018442631
2024-04-02 20:00:00,-0.5646105272034538
2024-04-03 00:00:00,-0.8394621330146259
2024-04-03 04:00:00,-0.4579395399043513
2024-04-03 08:00:00,-0.7396109347537367
2024-04-03 12:00:00,-0.22789488530698648
2024-04-03 16:00:00,0.644729701793756
2024-04-03 20:00:00,-0.2849158452835951
2024-04-04 00:00:00,-0.6327479573282951
2024-04-04 04:00:00,-0.8273184058973307
2024-04-04 08:00:00,-0.35164803808846357
2024-04-04 12:00:00,-0.7481587591961486
2024-04-04 16:00:00,0.9363697675683533
2024-04-04 20:00:00,0.8535244691184752
2024-04-05 00:00:00,0.0037278289988390625
2024-04-05 04:00:00,-0.5824650915522673
2024-04-05 08:00:00,-0.6426178134479263
2024-04-05 12:00:00,-0.3485273300673167
2024-04-05 16:00:00,0.9365137182600107
2024-04-05 20:00:00,-0.4499958507714683
2024-04-06 00:00:00,-0.8066592231271393
2024-04-06 04:00:00,-0.6506256134958571
2024-04-06 08:00:00,-0.5310880993680062
2024-04-06 12:00:00,-0.5471787062846667
2024-04-06 16:00:00,0.9056351411621169
2024-04-06 20:00:00,-0.5580332383207987
2024-04-07 00:00:00,0.9327441313583336
2024-04-07 04:00:00,0.5106990950469036
2024-04-07 08:00:00,-0.7152159973698164
2024-04-07 12:00:00,-0.6592579613169909
2024-04-07 16:00:00,0.3335349930157694
2024-04-07 20:00:00,0.9175569042303338
2024-04-08 00:00:00,-0.44877029751392233
2024-04-08 04:00:00,-0.33793593630457336
2024-04-08 08:00:00,0.5773971606416721
2024-04-08 12:00:00,0.9346417012802132
2024-04-08 16:00:00,0.45337306822635953
2024-04-08 20:00:00,-0.5385611038856444
2024-04-09 00:00:00,-0.7609244284313954
2024-04-09 04:00:00,-0.5229511179332847
2024-04-09 08:00:00,0.21991823607194416
2024-04-09 12:00:00,0.8586785628133647
2024-04-09 16:00:00,0.9180406128512224
2024-04-09 20:00:00,-0.24675105241180514
2024-04-10 00:00:00,-0.8355396526384219
2024-04-10 04:00:00,-0.5243262655333182
2024-04-10 08:00:00,-0.655973338672649
2024-04-10 12:00:00,0.15746462875901332
2024-04-10 16:00:00,0.9417171016267546
2024-04-10 20:00:00,0.39403738119911996
2024-04-11 00:00:00,-0.17201349715171307
2024-04-11 04:00:00,-0.72601781699136
2024-04-11 08:00:00,-0.670792811909872
2024-04-11 12:00:00,-0.13023827044277242
2024-04-11 16:00:00,0.9292926852995723
2024-04-11 20:00:00,-0.38260516300799097
2024-04-12 00:00:00,-0.6726718703792512
2024-04-12 04:00:00,-0.42826830969062746
2024-04-12 08:00:00,-0.47351758764212454
2024-04-12 12:00:00,-0.40001900325187423
2024-04-12 16:00:00,0.9434083367180991
2024-04-12 20:00:00,0.9364466458763885
2024-04-13 00:00:00,-0.3886100685785606
2024-04-13 04:00:00,-0.3531243514832524
2024-04-13 08:00:00,-0.5603972635397282
2024-04-13 12:00:00,-0.5945566125051764
2024-04-13 16:00:00,-0.6864244658995275
2024-04-13 20:00:00,0.9229071794876128
2024-04-14 00:00:00,0.9365318156903863
2024-04-14 04:00:00,-0.06692711436498792
2024-04-14 08:00:00,-0.49166794914565554
2024-04-14 12:00:00,-0.6354836492141683
2024-04-14 16:00:00,-0.40892868406176
2024-04-14 20:00:00,0.499398693533655
2024-04-15 00:00:00,-0.02916568376607888
2024-04-15 04:00:00,-0.8238707406626061
2024-04-15 08:00:00,-0.226263297417175
2024-04-15 12:00:00,-0.6766046937268272
2024-04-15 16:00:00,0.9081594111919348
2024-04-15 20:00:00,0.8559362247271664
2024-04-16 00:00:00,-0.7428363385914399
2024-04-16 04:00:00,-0.5609389771422522
2024-04-16 08:00:00,0.11585582641851616
2024-04-16 12:00:00,0.24100771181206357
2024-04-16 16:00:00,0.819069922410903
2024-04-16 20:00:00,0.08176894194697248
2024-04-17 00:00:00,-0.9235485396993286
2024-04-17 04:00:00,-0.8312932913940012
2024-04-17 08:00:00,-0.5874812035388338
2024-04-17 12:00:00,-0.30532762014217363
2024-04-17 16:00:00,0.9452809959782926
2024-04-17 20:00:00,0.5205329777085056
2024-04-18 00:00:00,-0.6253011044691472
2024-04-18 04:00:00,-0.5695638319609688
2024-04-18 08:00:00,-0.5434401833326024
2024-04-18 12:00:00,0.21106979356494462
2024-04-18 16:00:00,0.927823818464934
2024-04-18 20:00:00,-0.05428063010650328
2024-04-19 00:00:00,-0.7882862667301006
2024-04-19 04:00:00,0.8930711480731313
2024-04-19 08:00:00,0.5606589383760101
2024-04-19 12:00:00,-0.19016774647614673
2024-04-19 16:00:00,-0.24747988125257975
2024-04-19 20:00:00,-0.7807583523507111
2024-04-20 00:00:00,-0.7986021506525292
2024-04-20 04:00:00,-0.8179444913655802
2024-04-20 08:00:00,-0.8515496160978475
2024-04-20 12:00:00,-0.5440978688832672
2024-04-20 16:00:00,-0.205308386047832
2024-04-20 20:00:00,0.8790553710881811
2024-04-21 00:00:00,-0.7428776188259316
2024-04-21 04:00:00,-0.22899072909758483
2024-04-21 08:00:00,-0.6433672419383902
2024-04-21 12:00:00,-0.1625151672672832
2024-04-21 16:00:00,-0.06174087089937412
2024-04-21 20:00:00,0.8887018908533135
2024-04-22 00:00:00,-0.2898306915878844
2024-04-22 04:00:00,0.9329726658385742
2024-04-22 08:00:00,0.4263438069503735
2024-04-22 12:00:00,-0.689359260957208
2024-04-22 16:00:00,0.4073903277413726
2024-04-22 20:00:00,-0.25410409747090557
2024-04-23 00:00:00,-0.5610111651656822
2024-04-23 04:00:00,-0.718130539388305
2024-04-23 08:00:00,-0.6252085514174036
2024-04-23 12:00:00,-0.45048122032621335
2024-04-23 16:00:00,0.9426887007031269
2024-04-23 20:00:00,-0.6033393802970789
2024-04-24 00:00:00,-0.6349039484864235
2024-04-24 04:00:00,-0.45036898860647157
2024-04-24 08:00:00,-0.2569569490132369
2024-04-24 12:00:00,0.7183414723828657
2024-04-24 16:00:00,0.9448727649151483
2024-04-24 20:00:00,0.5186738544918063
2024-04-25 00:00:00,-0.30008947229976335
2024-04-25 04:00:00,-0.6312647877299749
2024-04-25 08:00:00,-0.7386278945712142
2024-04-25 12:00:00,0.3303108376862858
2024-04-25 16:00:00,0.925967342079594
2024-04-25 20:00:00,0.1372939160334551
2024-04-26 00:00:00,-0.5955437724412649
2024-04-26 04:00:00,-0.5931852544468785
2024-04-26 08:00:00,-0.6473593418522747
2024-04-26 12:00:00,-0.6872273090482259
2024-04-26 16:00:00,0.9425929921994376
2024-04-26 20:00:00,-0.3426313059853804
2024-04-27 00:00:00,-0.6825926818748868
2024-04-27 04:00:00,0.5180700467679044
2024-04-27 08:00:00,-0.6597587261002945
2024-04-27 12:00:00,-0.5580844777495024
2024-04-27 16:00:00,0.005597792639359614
2024-04-27 20:00:00,0.45362865788575746
2024-04-28 00:00:00,-0.7005118805436427
2024-04-28 04:00:00,0.32035402952006437
2024-04-28 08:00:00,-0.636444047270027
2024-04-28 12:00:00,-0.1874405091512844
2024-04-28 16:00:00,-0.1589550835884342
2024-04-28 20:00:00,-0.7825169555931428
2024-04-29 00:00:00,0.9271024316331211
2024-04-29 04:00:00,0.813390383974839
2024-04-29 08:00:00,0.8101577172585909
2024-04-29 12:00:00,-0.4714649756559925
2024-04-29 16:00:00,0.9309890486006205
2024-04-29 20:00:00,-0.5103788012063338
2024-04-30 00:00:00,-0.25893818505793154
2024-04-30 04:00:00,0.5987502405403459
2024-04-30 08:00:00,-0.7648264297584448
2024-04-30 12:00:00,0.9306686082396166
2024-04-30 16:00:00,0.6450965748463792
2024-04-30 20:00:00,0.686047931406568
2024-05-01 00:00:00,-0.468605704962764
2024-05-01 04:00:00,-0.8390006175649157
2024-05-01 08:00:00,0.8350073332970375
2024-05-01 12:00:00,0.743908333886419
2024-05-01 16:00:00,0.08014822605890234
2024-05-01 20:00:00,0.8415442677591355
2024-05-02 00:00:00,-0.8606774824368626
2024-05-02 04:00:00,-0.6256917622109436
2024-05-02 08:00:00,-0.7845710323059968
2024-05-02 12:00:00,-0.3564241493373718
2024-05-02 16:00:00,0.9039663653475926
2024-05-02 20:00:00,-0.5590572834193003
2024-05-03 00:00:00,-0.4739047222196672
2024-05-03 04:00:00,-0.5211534629936319
2024-05-03 08:00:00,-0.6089605371237836
2024-05-03 12:00:00,-0.6512380715646593
2024-05-03 16:00:00,0.9448043725837529
2024-05-03 20:00:00,-0.3408005070710039
2024-05-04 00:00:00,-0.023955196188138662
2024-05-04 04:00:00,-0.4873104782794519
2024-05-04 08:00:00,-0.597055094728893
2024-05-04 12:00:00,0.7135174949058324
2024-05-04 16:00:00,-0.590336738803711
2024-05-04 20:00:00,-0.6662556447565644
2024-05-05 00:00:00,-0.7085541661322955
2024-05-05 04:00:00,0.1004995461197397
2024-05-05 08:00:00,-0.7424585613073267
2024-05-05 12:00:00,-0.4611538412307408
2024-05-05 16:00:00,0.9016892807133602
2024-05-05 20:00:00,-0.28868115638310693
2024-05-06 00:00:00,-0.5922214859459145
2024-05-06 04:00:00,-0.2406739724396768
2024-05-06 08:00:00,0.17903044764824907
2024-05-06 12:00:00,0.9408278476975233
2024-05-06 16:00:00,0.8264049896851536
2024-05-06 20:00:00,-0.28321741036056536
2024-05-07 00:00:00,-0.8098038516110516
2024-05-07 04:00:00,-0.5517863989721595
2024-05-07 08:00:00,-0.5839363631743197
2024-05-07 12:00:00,0.6969179712461441
2024-05-07 16:00:00,0.8290603094886428
2024-05-07 20:00:00,-0.4801201040580345
2024-05-08 00:00:00,0.06552388562873167
2024-05-08 04:00:00,-0.8125576683354275
2024-05-08 08:00:00,-0.4201060702324132
2024-05-08 12:00:00,-0.5732475023280714
2024-05-08 16:00:00,0.9315948929456911
2024-05-08 20:00:00,-0.4837791970429869
2024-05-09 00:00:00,0.6978286565106082
2024-05-09 04:00:00,-0.7526338611751573
2024-05-09 08:00:00,-0.6669814620141241
2024-05-09 12:00:00,0.6197636782231485
2024-05-09 16:00:00,0.8684910468341196
2024-05-09 20:00:00,0.43760104552599727
2024-05-10 00:00:00,-0.22254326930735685
2024-05-10 04:00:00,-0.8878224234265096
2024-05-10 08:00:00,-0.43545708494691227
2024-05-10 12:00:00,-0.6847165789226652
2024-05-10 16:00:00,0.9413183546725313
2024-05-10 20:00:00,0.515280043743296
2024-05-11 00:00:00,-0.654919430165394
2024-05-11 04:00:00,-0.6387087452864133
2024-05-11 08:00:00,-0.6493580683724695
2024-05-11 12:00:00,-0.4057474098009459
2024-05-11 16:00:00,0.8584600304320535
2024-05-11 20:00:00,-0.6978435034648116
2024-05-12 00:00:00,-0.7799617833114614
2024-05-12 04:00:00,-0.788359083030235
2024-05-12 08:00:00,-0.42044639171623954
2024-05-12 12:00:00,0.895937458995795
2024-05-12 16:00:00,0.582298023525368
2024-05-12 20:00:00,0.9129081668372413
2024-05-13 00:00:00,-0.5078503624094924
2024-05-13 04:00:00,0.915279850596212
2024-05-13 08:00:00,0.7252614674755822
2024-05-13 12:00:00,0.9104995837196658
2024-05-13 16:00:00,0.050399589796207254
2024-05-13 20:00:00,-0.388825758348979
2024-05-14 00:00:00,-0.8771245799275937
2024-05-14 04:00:00,-0.434331245077739
2024-05-14 08:00:00,0.7458394826721748
2024-05-14 12:00:00,-0.5871981914362195
2024-05-14 16:00:00,0.9140673976766273
2024-05-14 20:00:00,-0.359451516684502
2024-05-15 00:00:00,-0.7743941586206384
2024-05-15 04:00:00,-0.5357945792006431
2024-05-15 08:00:00,-0.4521032987287976
2024-05-15 12:00:00,0.9011473065856933
2024-05-15 16:00:00,0.9390762112437991
2024-05-15 20:00:00,0.26500113665305075
2024-05-16 00:00:00,-0.5250353809958163
2024-05-16 04:00:00,-0.6347511276850594
2024-05-16 08:00:00,-0.6435191781873354
2024-05-16 12:00:00,-0.5226610541250475
2024-05-16 16:00:00,0.9392653218642959
2024-05-16 20:00:00,0.7243953909004986
2024-05-17 00:00:00,-0.7378433159643526
2024-05-17 04:00:00,-0.5704269433965146
2024-05-17 08:00:00,-0.16904299424707295
2024-05-17 12:00:00,-0.41305821497908224
2024-05-17 16:00:00,0.9269206398104229
2024-05-17 20:00:00,0.020038068806898093
2024-05-18 00:00:00,-0.836144032233672
2024-05-18 04:00:00,-0.6144189108144369
2024-05-18 08:00:00,-0.5672763055256896
2024-05-18 12:00:00,0.16189191043444365
2024-05-18 16:00:00,0.8632698776422012
2024-05-18 20:00:00,-0.8335798950149936
2024-05-19 00:00:00,-0.7603197348182573
2024-05-19 04:00:00,-0.36786433524987894
2024-05-19 08:00:00,-0.19036982497894508
2024-05-19 12:00:00,0.9422593221177179
2024-05-19 16:00:00,0.6147112568451599
2024-05-19 20:00:00,0.7155049121600757
2024-05-20 00:00:00,-0.7537974846553055
2024-05-20 04:00:00,-0.540136219874241
2024-05-20 08:00:00,0.7815488284351046
2024-05-20 12:00:00,0.1660211197364302
2024-05-20 16:00:00,0.8167691669430839
2024-05-20 20:00:00,0.9420391008065052
2024-05-21 00:00:00,0.7470553625550791
2024-05-21 04:00:00,0.029811725281243952
2024-05-21 08:00:00,-0.7725756554075208
2024-05-21 12:00:00,-0.7298062970330399
2024-05-21 16:00:00,0.24644499103917972
2024-05-21 20:00:00,-0.29929750378478465
2024-05-22 00:00:00,-0.7853421174930177
2024-05-22 04:00:00,-0.7185079974552964
2024-05-22 08:00:00,-0.501178956452587
2024-05-22 12:00:00,-0.527610620717971
2024-05-22 16:00:00,0.940563231976249
2024-05-22 20:00:00,0.703454716458589
2024-05-23 00:00:00,-0.2990889009837957
2024-05-23 04:00:00,-0.8195962655466259
2024-05-23 08:00:00,-0.7409548630127096
2024-05-23 12:00:00,-0.12860696269917907
2024-05-23 16:00:00,0.9428428647760442
2024-05-23 20:00:00,0.24367339825550208
2024-05-24 00:00:00,0.5977866300811372
2024-05-24 04:00:00,-0.7517412233755667
2024-05-24 08:00:00,-0.535187233175169
2024-05-24 12:00:00,-0.6450778321019413
2024-05-24 16:00:00,0.2739833325326666
2024-05-24 20:00:00,0.5420280948195512
2024-05-25 00:00:00,-0.8860787586370596
2024-05-25 04:00:00,-0.7548416326785731
2024-05-25 08:00:00,-0.699911750550783
2024-05-25 12:00:00,0.2264216817903719
2024-05-25 16:00:00,0.7458777401263939
2024-05-25 20:00:00,-0.6394396616549329
2024-05-26 00:00:00,-0.7072784215758263
2024-05-26 04:00:00,-0.5006129225650234
2024-05-26 08:00:00,-0.3835642389185577
2024-05-26 12:00:00,0.9314133964792202
2024-05-26 16:00:00,0.8806665105881782
2024-05-26 20:00:00,-0.3625215431758588
2024-05-27 00:00:00,-0.1227480854828003
2024-05-27 04:00:00,0.7524478529031513
2024-05-27 08:00:00,0.3512072214367835
2024-05-27 12:00:00,0.6469327883661888
2024-05-27 16:00:00,0.9425805818073894
2024-05-27 20:00:00,0.47132581766890425
2024-05-28 00:00:00,-0.6437855376505293
2024-05-28 04:00:00,0.7338646986011171
2024-05-28 08:00:00,-0.36808639722984327
2024-05-28 12:00:00,0.3600226463533438
2024-05-28 16:00:00,0.6637959811336025
2024-05-28 20:00:00,-0.23106205205829716
2024-05-29 00:00:00,-0.9194115507333113
2024-05-29 04:00:00,-0.7078351038745939
2024-05-29 08:00:00,-0.4099403543183162
2024-05-29 12:00:00,0.17323369873832578
2024-05-29 16:00:00,0.9340116713705563
2024-05-29 20:00:00,-0.22272319466319715
2024-05-30 00:00:00,-0.7763790663217509
2024-05-30 04:00:00,-0.5568938022679508
2024-05-30 08:00:00,0.17733753366983257
2024-05-30 12:00:00,0.785829410716981
2024-05-30 16:00:00,0.8943194843165803
2024-05-30 20:00:00,0.7329288444947792
2024-05-31 00:00:00,-0.8716523684860775
2024-05-31 04:00:00,-0.8103890046833633
2024-05-31 08:00:00,-0.6281666249346624
2024-05-31 12:00:00,-0.09727638453071193
2024-05-31 16:00:00,0.9440470268733822
2024-05-31 20:00:00,0.47193862468807574
2024-06-01 00:00:00,-0.6616889126282642
2024-06-01 04:00:00,-0.7064626333730097
2024-06-01 08:00:00,-0.6760084147255885
2024-06-01 12:00:00,-0.5584103053027898
2024-06-01 16:00:00,-0.16461492290881655
2024-06-01 20:00:00,0.6156843038386105
2024-06-02 00:00:00,-0.8082821446598332
2024-06-02 04:00:00,-0.3333886891062598
2024-06-02 08:00:00,-0.7634438040558538
2024-06-02 12:00:00,0.9320558986112026
2024-06-02 16:00:00,0.8918847709695937
2024-06-02 20:00:00,0.7381205207266244
2024-06-03 00:00:00,-0.7295701718927358
2024-06-03 04:00:00,0.5043081688589193
2024-06-03 08:00:00,0.7255151154838603
2024-06-03 12:00:00,-0.07858271458558555
2024-06-03 16:00:00,0.927115149950636
2024-06-03 20:00:00,-0.48906059124244916
2024-06-04 00:00:00,-0.6746753597418641
2024-06-04 04:00:00,-0.5736867616518516
2024-06-04 08:00:00,-0.4612385993349732
2024-06-04 12:00:00,0.44898742424387167
2024-06-04 16:00:00,0.9446181087641757
2024-06-04 20:00:00,0.7104920514578484
2024-06-05 00:00:00,-0.6687674942637494
2024-06-05 04:00:00,-0.34683830391895826
2024-06-05 08:00:00,-0.47815374085551715
2024-06-05 12:00:00,-0.5267936728689149
2024-06-05 16:00:00,0.926005813488357
2024-06-05 20:00:00,0.19952941513687686
2024-06-06 00:00:00,-0.7828475097236228
2024-06-06 04:00:00,-0.7317797719605156
2024-06-06 08:00:00,-0.5349044644162007
2024-06-06 12:00:00,-0.4169182145561222
2024-06-06 16:00:00,0.9439954482732262
2024-06-06 20:00:00,0.658517448620858
2024-06-07 00:00:00,-0.2891024083631451
2024-06-07 04:00:00,-0.7475043524217959
2024-06-07 08:00:00,-0.2290629780482613
2024-06-07 12:00:00,-0.3159611182579379
2024-06-07 16:00:00,0.9411598321505393
2024-06-07 20:00:00,0.8734588059012206
2024-06-08 00:00:00,-0.6691484758259659
2024-06-08 04:00:00,-0.6874520942282488
2024-06-08 08:00:00,-0.6429083406132223
2024-06-08 12:00:00,-0.4681450757705752
2024-06-08 16:00:00,0.5183651396964917
2024-06-08 20:00:00,-0.7354744359207516
2024-06-09 00:00:00,-0.8544114475391146
2024-06-09 04:00:00,-0.44139114821105463
2024-06-09 08:00:00,-0.625755162148912
2024-06-09 12:00:00,-0.797217903537846
2024-06-09 16:00:00,0.9439183667296243
2024-06-09 20:00:00,0.10950816866146451
2024-06-10 00:00:00,-0.49663067354706647
2024-06-10 04:00:00,-0.05694919238315063
2024-06-10 08:00:00,0.06388224928351509
2024-06-10 12:00:00,0.7053166290168034
2024-06-10 16:00:00,0.9299969302806856
2024-06-10 20:00:00,0.6891871595715996
2024-06-11 00:00:00,-0.6290310756439069
2024-06-11 04:00:00,0.9199503340680313
2024-06-11 08:00:00,0.6985124778353229
2024-06-11 12:00:00,0.5635812050142103
2024-06-11 16:00:00,0.6847238749136134
2024-06-11 20:00:00,-0.8591073070783058
2024-06-12 00:00:00,-0.9269612133516464
2024-06-12 04:00:00,-0.733541051799888
2024-06-12 08:00:00,-0.6235503435866289
2024-06-12 12:00:00,-0.002208293178306141
2024-06-12 16:00:00,0.9447047395255818
2024-06-12 20:00:00,0.810745158352413
2024-06-13 00:00:00,-0.5332527211222452
2024-06-13 04:00:00,-0.4971580644795699
2024-06-13 08:00:00,-0.7340649014549796
2024-06-13 12:00:00,-0.42066810126800075
2024-06-13 16:00:00,0.9400117547091694
2024-06-13 20:00:00,-0.1755131421879743
2024-06-14 00:00:00,-0.6855359240368072
2024-06-14 04:00:00,-0.5370199287018169
2024-06-14 08:00:00,-0.46422282494828515
2024-06-14 12:00:00,-0.06603409167910047
2024-06-14 16:00:00,0.9363786816091986
2024-06-14 20:00:00,0.9238285307063644
2024-06-15 00:00:00,-0.3572489359733487
2024-06-15 04:00:00,-0.7565557980720785
2024-06-15 08:00:00,-0.6082606536540467
2024-06-15 12:00:00,-0.6017833057638161
2024-06-15 16:00:00,-0.38472454029308706
2024-06-15 20:00:00,-0.7302734082138904
2024-06-16 00:00:00,-0.3186849263029369
2024-06-16 04:00:00,-0.9023102338539872
2024-06-16 08:00:00,-0.4405102824766705
2024-06-16 12:00:00,0.9263575034156304
2024-06-16 16:00:00,0.4778596264215294
2024-06-16 20:00:00,-0.4842338311889009
2024-06-17 00:00:00,0.45530773463976054
2024-06-17 04:00:00,0.8845346116273676
2024-06-17 08:00:00,0.6736175178340502
2024-06-17 12:00:00,0.8655654963584105
2024-06-17 16:00:00,0.8936675543032107
2024-06-17 20:00:00,0.9215525897185491
2024-06-18 00:00:00,-0.5987818494495155
2024-06-18 04:00:00,0.8708625901563518
2024-06-18 08:00:00,-0.6569985694649066
2024-06-18 12:00:00,-0.6496335654996758
2024-06-18 16:00:00,0.8411616002907254
2024-06-18 20:00:00,-0.2318981386495144
2024-06-19 00:00:00,-0.4233819881194599
2024-06-19 04:00:00,-0.367570989430994
2024-06-19 08:00:00,-0.6860845594891429
2024-06-19 12:00:00,-0.6253075728129377
2024-06-19 16:00:00,-0.7134129267676381
2024-06-19 20:00:00,-0.8477507055308424
2024-06-20 00:00:00,-0.8962626761772513
2024-06-20 04:00:00,-0.11439765332335762
2024-06-20 08:00:00,0.8054684153344849
2024-06-20 12:00:00,0.8257853945817895
2024-06-20 16:00:00,0.9303104132987997
2024-06-20 20:00:00,0.09622574924080714
2024-06-21 00:00:00,-0.8146956945672476
2024-06-21 04:00:00,-0.49677135072106215
2024-06-21 08:00:00,-0.4445101884939214
2024-06-21 12:00:00,0.8859653358530045
2024-06-21 16:00:00,0.8532375700487453
2024-06-21 20:00:00,-0.41013269581650125
2024-06-22 00:00:00,-0.7939814422762222
2024-06-22 04:00:00,-0.771010832073779
2024-06-22 08:00:00,-0.5119202721508123
2024-06-22 12:00:00,-0.5257026783650449
2024-06-22 16:00:00,-0.8857050783103336
2024-06-22 20:00:00,-0.8365287065995903
2024-06-23 00:00:00,-0.7494663634309674
2024-06-23 04:00:00,0.5154779031626161
2024-06-23 08:00:00,-0.6588887687441624
2024-06-23 12:00:00,0.4690759880661594
2024-06-23 16:00:00,0.8631807819975799
2024-06-23 20:00:00,0.6114852239580686
2024-06-24 00:00:00,0.9281982910457895
2024-06-24 04:00:00,0.9148975902508646
2024-06-24 08:00:00,0.8251159242690259
2024-06-24 12:00:00,0.9299715222814915
2024-06-24 16:00:00,-0.10611065089853128
2024-06-24 20:00:00,0.8707301717879066
2024-06-25 00:00:00,-0.3068429400917425
2024-06-25 04:00:00,-0.7662381637196221
2024-06-25 08:00:00,-0.6706187681701388
2024-06-25 12:00:00,-0.5560263991452686
2024-06-25 16:00:00,0.8451855477894792
2024-06-25 20:00:00,0.5060147489317929
2024-06-26 00:00:00,-0.8328596734611632
2024-06-26 04:00:00,-0.5984372941184396
2024-06-26 08:00:00,-0.5492433085047721
2024-06-26 12:00:00,-0.18766533568408303
2024-06-26 16:00:00,0.9022884909638973
2024-06-26 20:00:00,0.8745880555526244
2024-06-27 00:00:00,-0.8418980334008305
2024-06-27 04:00:00,-0.7247908111116096
2024-06-27 08:00:00,-0.5348231057158245
2024-06-27 12:00:00,-0.1553082007243688
2024-06-27 16:00:00,0.94389467957979
2024-06-27 20:00:00,-0.344745995587183
2024-06-28 00:00:00,-0.6617362046199659
2024-06-28 04:00:00,0.06080165985374258
2024-06-28 08:00:00,-0.4050860009535225
2024-06-28 12:00:00,0.3344802702166787
2024-06-28 16:00:00,0.935344015723256
2024-06-28 20:00:00,0.2571502277599811
2024-06-29 00:00:00,-0.7053497017601676
2024-06-29 04:00:00,-0.4443758737222357
2024-06-29 08:00:00,-0.7105853217446746
2024-06-29 12:00:00,-0.43590707014006685
2024-06-29 16:00:00,-0.5212040674327754
2024-06-29 20:00:00,-0.8147733883163687
2024-06-30 00:00:00,-0.771318103349765
2024-06-30 04:00:00,0.19215702434526338
2024-06-30 08:00:00,0.9311999722869163
2024-06-30 12:00:00,0.39335861403146344
2024-06-30 16:00:00,0.5761312636591208
2024-06-30 20:00:00,0.01649410484553777
2024-07-01 00:00:00,0.9266301241746808
2024-07-01 04:00:00,0.893336600086778
2024-07-01 08:00:00,-0.7641137747921299
2024-07-01 12:00:00,-0.19644019240410424
2024-07-01 16:00:00,0.23596054116352688
2024-07-01 20:00:00,0.5608554514126357
2024-07-02 00:00:00,-0.7117935911415776
2024-07-02 04:00:00,-0.7934700661482447
2024-07-02 08:00:00,-0.4648991567530247
2024-07-02 12:00:00,0.3538056509235159
2024-07-02 16:00:00,0.92619392588762
2024-07-02 20:00:00,-0.20463216007563279
2024-07-03 00:00:00,-0.7778707522715984
2024-07-03 04:00:00,0.6427562179698545
2024-07-03 08:00:00,-0.5395507974945688
2024-07-03 12:00:00,0.908802623733074
2024-07-03 16:00:00,0.5865145904491682
2024-07-03 20:00:00,-0.44102388520345603
2024-07-04 00:00:00,-0.5893421354747919
2024-07-04 04:00:00,0.8837994984262413
2024-07-04 08:00:00,-0.39644815563561026
2024-07-04 12:00:00,0.7861159954345813
2024-07-04 16:00:00,0.6316677356723868
2024-07-04 20:00:00,-0.8048582587146078
2024-07-05 00:00:00,-0.5495295763839579
2024-07-05 04:00:00,0.8855593560728593
2024-07-05 08:00:00,0.6430605641106806
2024-07-05 12:00:00,-0.005763569447101598
2024-07-05 16:00:00,0.18246870639595833
2024-07-05 20:00:00,-0.8203922072487422
2024-07-06 00:00:00,-0.9177218901453124
2024-07-06 04:00:00,-0.7028097187543112
2024-07-06 08:00:00,-0.6048963853713193
2024-07-06 12:00:00,-0.5729878342717718
2024-07-06 16:00:00,0.8659167224356085
2024-07-06 20:00:00,0.5778846049187905
2024-07-07 00:00:00,-0.48799014809001057
2024-07-07 04:00:00,0.20922320483822454
2024-07-07 08:00:00,0.08310300301381092
2024-07-07 12:00:00,-0.8455528780523206
2024-07-07 16:00:00,0.8181939943128061
2024-07-07 20:00:00,-0.8172675576281685
2024-07-08 00:00:00,0.7689026695284895
2024-07-08 04:00:00,0.9356266095676321
2024-07-08 08:00:00,-0.2729188557877998
2024-07-08 12:00:00,0.843093692794146
2024-07-08 16:00:00,0.745479989852786
2024-07-08 20:00:00,-0.7719179104764358
2024-07-09 00:00:00,-0.7425835591738812
2024-07-09 04:00:00,-0.5500377978649788
2024-07-09 08:00:00,-0.3963295343228959
2024-07-09 12:00:00,0.1164727697424607
2024-07-09 16:00:00,0.9326551669989169
2024-07-09 20:00:00,-0.41249203819909686
2024-07-10 00:00:00,-0.7863206381939256
2024-07-10 04:00:00,-0.5596763571678763
2024-07-10 08:00:00,0.6057437505224464
2024-07-10 12:00:00,0.0514663631504099
2024-07-10 16:00:00,0.8109387021689134
2024-07-10 20:00:00,-0.7090903078599796
2024-07-11 00:00:00,-0.7812305668266392
2024-07-11 04:00:00,0.11926964343731586
2024-07-11 08:00:00,-0.41722699093378995
2024-07-11 12:00:00,0.7091997635246217
2024-07-11 16:00:00,0.9417479042858842
2024-07-11 20:00:00,-0.47010883810990545
2024-07-12 00:00:00,-0.5815095096944306
2024-07-12 04:00:00,-0.27489551900796444
2024-07-12 08:00:00,-0.47484222355725386
2024-07-12 12:00:00,-0.028441003175438302
2024-07-12 16:00:00,0.9208270478033852
2024-07-12 20:00:00,0.43053567373617097
2024-07-13 00:00:00,-0.7248086285579537
2024-07-13 04:00:00,-0.816747322516359
2024-07-13 08:00:00,-0.6578808656654673
2024-07-13 12:00:00,0.3737364934737731
2024-07-13 16:00:00,0.6657446849047091
2024-07-13 20:00:00,-0.4644805368564494
2024-07-14 00:00:00,0.8971046848329102
2024-07-14 04:00:00,0.02431358701335515
2024-07-14 08:00:00,0.7487110110183407
2024-07-14 12:00:00,-0.44576684554085616
2024-07-14 16:00:00,-0.3046314342179458
2024-07-14 20:00:00,-0.8999427927705773
2024-07-15 00:00:00,0.8194543436327164
2024-07-15 04:00:00,0.8951360712962498
2024-07-15 08:00:00,0.018798355850283
2024-07-15 12:00:00,-0.16986467826477286
2024-07-15 16:00:00,0.22416438278708878
2024-07-15 20:00:00,0.7158151730686789
2024-07-16 00:00:00,0.10162364738570395
2024-07-16 04:00:00,-0.8027829824820575
2024-07-16 08:00:00,0.8612270891198842
2024-07-16 12:00:00,-0.07725709726378507
2024-07-16 16:00:00,0.6912548572499675
2024-07-16 20:00:00,0.019380190405837053
2024-07-17 00:00:00,-0.8869131430604527
2024-07-17 04:00:00,-0.4749293615343472
2024-07-17 08:00:00,-0.798466490971451
2024-07-17 12:00:00,-0.2820179291209009
2024-07-17 16:00:00,0.8534325552885454
2024-07-17 20:00:00,0.5067073525182181
2024-07-18 00:00:00,-0.882411656316586
2024-07-18 04:00:00,-0.45668772355678716
2024-07-18 08:00:00,-0.7012273841996933
2024-07-18 12:00:00,-0.632482447580094
2024-07-18 16:00:00,0.936301944828244
2024-07-18 20:00:00,0.026011462455060905
2024-07-19 00:00:00,-0.6463019998266364
2024-07-19 04:00:00,-0.27994325514699536
2024-07-19 08:00:00,-0.24125133819691066
2024-07-19 12:00:00,0.3480321470858933
2024-07-19 16:00:00,0.9409618936493752
2024-07-19 20:00:00,0.8200365553318562
2024-07-20 00:00:00,-0.660215868783411
2024-07-20 04:00:00,-0.6974470027275108
2024-07-20 08:00:00,-0.7290615166890565
2024-07-20 12:00:00,-0.5799222257798502
2024-07-20 16:00:00,-0.36091582103644426
2024-07-20 20:00:00,0.9234174995227508
2024-07-21 00:00:00,0.1370863431940942
2024-07-21 04:00:00,-0.5606990649287147
2024-07-21 08:00:00,-0.3354066378912239
2024-07-21 12:00:00,-0.6728573301335553
2024-07-21 16:00:00,0.8742211776548714
2024-07-21 20:00:00,0.941491580250088
2024-07-22 00:00:00,0.2063649058024297
2024-07-22 04:00:00,-0.39046356774329927
2024-07-22 08:00:00,-0.551801372352938
2024-07-22 12:00:00,-0.6291285215414884
2024-07-22 16:00:00,0.877286965572997
2024-07-22 20:00:00,0.1841363660143074
2024-07-23 00:00:00,-0.2589236130345219
2024-07-23 04:00:00,-0.6951798257014414
2024-07-23 08:00:00,0.6607104116277559
2024-07-23 12:00:00,0.4263371882957644
2024-07-23 16:00:00,0.9230268732314696
2024-07-23 20:00:00,0.3799058951044816
2024-07-24 00:00:00,-0.7980057893763313
2024-07-24 04:00:00,-0.7549602407790232
2024-07-24 08:00:00,-0.689911511161898
2024-07-24 12:00:00,-0.170447844676573
2024-07-24 16:00:00,0.9358896719915502
2024-07-24 20:00:00,0.6345538269490911
2024-07-25 00:00:00,-0.24312527509693196
2024-07-25 04:00:00,0.9089062981352294
2024-07-25 08:00:00,-0.7037643994919835
2024-07-25 12:00:00,-0.49437883195322724
2024-07-25 16:00:00,0.7302061252692117
2024-07-25 20:00:00,-0.3169410862036767
2024-07-26 00:00:00,-0.3583980745748048
2024-07-26 04:00:00,0.1538520610486344
2024-07-26 08:00:00,-0.8052752596402272
2024-07-26 12:00:00,-0.8017209654208113
2024-07-26 16:00:00,0.8573983839751452
2024-07-26 20:00:00,-0.5548312585531662
2024-07-27 00:00:00,-0.532672711700613
2024-07-27 04:00:00,-0.7404558137403451
2024-07-27 08:00:00,-0.5726938047379415
2024-07-27 12:00:00,-0.6175310756798024
2024-07-27 16:00:00,0.9407631939167049
2024-07-27 20:00:00,0.7207477882576822
2024-07-28 00:00:00,0.9267541087961546
2024-07-28 04:00:00,-0.632391615615568
2024-07-28 08:00:00,-0.6380749345818469
2024-07-28 12:00:00,-0.569474326730294
2024-07-28 16:00:00,-0.44054246824913057
2024-07-28 20:00:00,-0.8604631337941461
2024-07-29 00:00:00,-0.8319953258394706
2024-07-29 04:00:00,0.943873613736605
2024-07-29 08:00:00,0.28279777943333484
2024-07-29 12:00:00,-0.1758815309159297
2024-07-29 16:00:00,0.9227536308404026
2024-07-29 20:00:00,0.6253063221701807
2024-07-30 00:00:00,-0.6278725634292398
2024-07-30 04:00:00,-0.20590562955806288
2024-07-30 08:00:00,-0.7580268134030365
2024-07-30 12:00:00,-0.6227518630826422
2024-07-30 16:00:00,0.8455479909643008
2024-07-30 20:00:00,-0.04171775179394171
2024-07-31 00:00:00,-0.37876941462382036
2024-07-31 04:00:00,-0.7272528283349057
2024-07-31 08:00:00,-0.04368647265445126
2024-07-31 12:00:00,-0.7580390896621807
2024-07-31 16:00:00,0.8632889717396747
2024-07-31 20:00:00,0.9001872263084658
2024-08-01 00:00:00,0.30585764547265826
2024-08-01 04:00:00,0.428505974169007
2024-08-01 08:00:00,-0.737494157004115
2024-08-01 12:00:00,-0.8969613838522296
2024-08-01 16:00:00,0.9121884891056499
2024-08-01 20:00:00,0.7095578013214467
2024-08-02 00:00:00,0.23551600381378776
2024-08-02 04:00:00,-0.5173563900481305
2024-08-02 08:00:00,-0.8353710911747382
2024-08-02 12:00:00,-0.7386589070380062
2024-08-02 16:00:00,0.937408826532933
2024-08-02 20:00:00,-0.21453695019189933
2024-08-03 00:00:00,0.19697559226164393
2024-08-03 04:00:00,-0.20319756900097868
2024-08-03 08:00:00,-0.810488274824518
2024-08-03 12:00:00,-0.7712544789631415
2024-08-03 16:00:00,-0.20788218313551565
2024-08-03 20:00:00,0.8916094558756451
2024-08-04 00:00:00,-0.06360289827474705
2024-08-04 04:00:00,-0.5776712242482079
2024-08-04 08:00:00,-0.6721415286643407
2024-08-04 12:00:00,-0.48922734705167736
2024-08-04 16:00:00,0.9316946552385054
2024-08-04 20:00:00,0.9175134298524501
2024-08-05 00:00:00,-0.2558545071572447
2024-08-05 04:00:00,0.932298650873906
2024-08-05 08:00:00,0.8139025326968955
2024-08-05 12:00:00,-0.21103099144462342
2024-08-05 16:00:00,0.6328988228429366
2024-08-05 20:00:00,-0.8402675256266514
2024-08-06 00:00:00,-0.8283668731580713
2024-08-06 04:00:00,-0.6211102182967884
2024-08-06 08:00:00,-0.6064279862581625
2024-08-06 12:00:00,-0.2744960059282669
2024-08-06 16:00:00,0.9206353319472456
2024-08-06 20:00:00,-0.3920471584254741
2024-08-07 00:00:00,-0.724856046271653
2024-08-07 04:00:00,-0.47721342307486503
2024-08-07 08:00:00,-0.6984039045330463
2024-08-07 12:00:00,0.06585362612129124
2024-08-07 16:00:00,0.9242074880901756
2024-08-07 20:00:00,0.5546881368323614
2024-08-08 00:00:00,-0.5242786769149578
2024-08-08 04:00:00,0.36031469008806694
2024-08-08 08:00:00,-0.8914794994455223
2024-08-08 12:00:00,-0.7656280796543831
2024-08-08 16:00:00,0.926209853033103
2024-08-08 20:00:00,-0.1825818539928239
2024-08-09 00:00:00,0.5263489121667138
2024-08-09 04:00:00,-0.5824433237762437
2024-08-09 08:00:00,-0.7318866274588985
2024-08-09 12:00:00,-0.5487093843048324
2024-08-09 16:00:00,0.6593407009974586
2024-08-09 20:00:00,-0.49816181932785086
2024-08-10 00:00:00,-0.31857182708466836
2024-08-10 04:00:00,-0.6778513435520515
2024-08-10 08:00:00,-0.7929811562208515
2024-08-10 12:00:00,-0.6610121912830152
2024-08-10 16:00:00,-0.5394307363368624
2024-08-10 20:00:00,0.026455875245595742
2024-08-11 00:00:00,-0.8599462240851777
2024-08-11 04:00:00,-0.24716696207427596
2024-08-11 08:00:00,-0.44938616201638953
2024-08-11 12:00:00,0.9358424147790748
2024-08-11 16:00:00,0.8084006375124273
2024-08-11 20:00:00,-0.08457662063440287
2024-08-12 00:00:00,0.8994813009757306
2024-08-12 04:00:00,-0.24154977677193548
2024-08-12 08:00:00,0.049883033200860426
2024-08-12 12:00:00,0.7560401881438468
2024-08-12 16:00:00,0.9340993639177769
2024-08-12 20:00:00,-0.28463374877268727
2024-08-13 00:00:00,-0.6432080441563335
2024-08-13 04:00:00,-0.595399571309467
2024-08-13 08:00:00,-0.6655505563881591
2024-08-13 12:00:00,-0.46724149945424065
2024-08-13 16:00:00,0.912507696715078
2024-08-13 20:00:00,0.9196417639620939
2024-08-14 00:00:00,-0.5988870035660635
2024-08-14 04:00:00,-0.647215616671226
2024-08-14 08:00:00,-0.6549302662019538
2024-08-14 12:00:00,-0.19677928806415038
2024-08-14 16:00:00,0.944726504462246
2024-08-14 20:00:00,-0.0915430353613935
2024-08-15 00:00:00,-0.5281179487629527
2024-08-15 04:00:00,-0.2914593369531277
2024-08-15 08:00:00,-0.4133277384466382
2024-08-15 12:00:00,-0.3912048563933024
2024-08-15 16:00:00,0.9295457216585618
2024-08-15 20:00:00,0.9007104847582108
2024-08-16 00:00:00,0.08805325656403697
2024-08-16 04:00:00,-0.6567219847346133
2024-08-16 08:00:00,-0.8157312299009011
2024-08-16 12:00:00,-0.6826390218383931
2024-08-16 16:00:00,0.8771536525524704
2024-08-16 20:00:00,0.5490472107421456
2024-08-17 00:00:00,-0.6531572720970142
2024-08-17 04:00:00,-0.7078300072839679
2024-08-17 08:00:00,-0.7306626592555943
2024-08-17 12:00:00,-0.5037473882845345
2024-08-17 16:00:00,0.04152666674678946
2024-08-17 20:00:00,-0.506267616060289
2024-08-18 00:00:00,-0.83843966171256
2024-08-18 04:00:00,0.933535953571009
2024-08-18 08:00:00,-0.2118796782961929
2024-08-18 12:00:00,0.7002266462190938
2024-08-18 16:00:00,0.17021561256616285
2024-08-18 20:00:00,-0.7091345041941094
2024-08-19 00:00:00,0.8272450716590715
2024-08-19 04:00:00,0.8889733138589608
2024-08-19 08:00:00,-0.6114526800796297
2024-08-19 12:00:00,0.7782919106946903
2024-08-19 16:00:00,0.7517631360576307
2024-08-19 20:00:00,-0.244924560421665
2024-08-20 00:00:00,-0.5009065010134597
2024-08-20 04:00:00,0.8029858261969232
2024-08-20 08:00:00,0.12369188700383901
2024-08-20 12:00:00,-0.6806626696345902
2024-08-20 16:00:00,0.9272808923737398
2024-08-20 20:00:00,-0.4938616438365107
2024-08-21 00:00:00,-0.6256985990493327
2024-08-21 04:00:00,-0.5449995298295559
2024-08-21 08:00:00,-0.5610224225389755
2024-08-21 12:00:00,0.383908394698202
2024-08-21 16:00:00,0.9434499961636228
2024-08-21 20:00:00,0.6847518991548469
2024-08-22 00:00:00,-0.03743997015685598
2024-08-22 04:00:00,-0.5070817220371766
2024-08-22 08:00:00,-0.8479108321003428
2024-08-22 12:00:00,-0.640772593525196
2024-08-22 16:00:00,0.8988911302543147
2024-08-22 20:00:00,-0.5541712290820724
2024-08-23 00:00:00,-0.6879447470347306
2024-08-23 04:00:00,-0.513780110482428
2024-08-23 08:00:00,-0.17257367601762244
2024-08-23 12:00:00,0.1897491921957338
2024-08-23 16:00:00,0.9444137161499636
2024-08-23 20:00:00,0.7753788439390795
2024-08-24 00:00:00,-0.0230428741529281
2024-08-24 04:00:00,-0.7502138388145612
2024-08-24 08:00:00,-0.7725602435760505
2024-08-24 12:00:00,-0.6094296167940427
2024-08-24 16:00:00,-0.5056782332846907
2024-08-24 20:00:00,0.7030743313228632
2024-08-25 00:00:00,0.18798374294803005
2024-08-25 04:00:00,0.23995486624805304
2024-08-25 08:00:00,-0.9165930730245253
2024-08-25 12:00:00,-0.8008370885151385
2024-08-25 16:00:00,-0.37158364493859775
2024-08-25 20:00:00,-0.8492971472784058
2024-08-26 00:00:00,0.9366625741777507
2024-08-26 04:00:00,0.3298846428420737
2024-08-26 08:00:00,0.23357247643135248
2024-08-26 12:00:00,0.5078813750949347
2024-08-26 16:00:00,0.920786103166333
2024-08-26 20:00:00,0.1434816760812505
2024-08-27 00:00:00,-0.4935862682262942
2024-08-27 04:00:00,-0.28640627476217767
2024-08-27 08:00:00,-0.6700845557444949
2024-08-27 12:00:00,0.8737194896114356
2024-08-27 16:00:00,0.9384480598466254
2024-08-27 20:00:00,-0.4325112092256696
2024-08-28 00:00:00,0.9189082676461803
2024-08-28 04:00:00,-0.4301440236072236
2024-08-28 08:00:00,-0.574920168794014
2024-08-28 12:00:00,-0.10499129493988811
2024-08-28 16:00:00,0.20700707762411985
2024-08-28 20:00:00,0.799988270419774
2024-08-29 00:00:00,-0.7576537579082375
2024-08-29 04:00:00,-0.8644648529500837
2024-08-29 08:00:00,-0.6654264519436737
2024-08-29 12:00:00,-0.09489451658543178
2024-08-29 16:00:00,0.9232290886133157
2024-08-29 20:00:00,0.8068768145209908
2024-08-30 00:00:00,-0.6477592786860304
2024-08-30 04:00:00,-0.7379212807064643
2024-08-30 08:00:00,-0.40436766495853904
2024-08-30 12:00:00,-0.4911684355621049
2024-08-30 16:00:00,0.9438418377470138
2024-08-30 20:00:00,0.39837136553922164
2024-08-31 00:00:00,-0.7442175068181457
2024-08-31 04:00:00,-0.6656734667046237
2024-08-31 08:00:00,-0.6427592417558373
2024-08-31 12:00:00,-0.41610629518726794
2024-08-31 16:00:00,0.6130520680909325
2024-08-31 20:00:00,0.5461274688182733
2024-09-01 00:00:00,-0.8349214791398414
2024-09-01 04:00:00,0.9040012043155606
2024-09-01 08:00:00,0.9193687022378567
2024-09-01 12:00:00,0.31993639494993276
2024-09-01 16:00:00,0.9190870163504877
2024-09-01 20:00:00,-0.3286831594696118
2024-09-02 00:00:00,0.21339461019154374
2024-09-02 04:00:00,0.2191322217686146
2024-09-02 08:00:00,-0.7850084267226815
2024-09-02 12:00:00,0.8112904372634675
2024-09-02 16:00:00,-0.09294468297427301
2024-09-02 20:00:00,-0.7975040499958248
2024-09-03 00:00:00,0.18675163559319688
2024-09-03 04:00:00,-0.3665281427649264
2024-09-03 08:00:00,-0.6870470845413466
2024-09-03 12:00:00,-0.7004631425853498
2024-09-03 16:00:00,0.9404984837528026
2024-09-03 20:00:00,-0.04109476290014868
2024-09-04 00:00:00,-0.5218738701801627
2024-09-04 04:00:00,0.8468517541871812
2024-09-04 08:00:00,-0.37297472334355064
2024-09-04 12:00:00,-0.5761034308003247
2024-09-04 16:00:00,0.7888922153105676
2024-09-04 20:00:00,-0.34804607905619606
2024-09-05 00:00:00,-0.747623621380787
2024-09-05 04:00:00,-0.09635727594992755
2024-09-05 08:00:00,-0.46249425365703023
2024-09-05 12:00:00,-0.4891014513084679
2024-09-05 16:00:00,0.9372038558358955
2024-09-05 20:00:00,-0.23754030327790002
2024-09-06 00:00:00,-0.5954855600315091
2024-09-06 04:00:00,-0.4365014259742059
2024-09-06 08:00:00,0.058292385061014335
2024-09-06 12:00:00,0.03452548088480385
2024-09-06 16:00:00,0.9435579688768443
2024-09-06 20:00:00,0.2377190597270398
2024-09-07 00:00:00,-0.27669851959481045
2024-09-07 04:00:00,-0.7421584586078582
2024-09-07 08:00:00,-0.6223168300204595
2024-09-07 12:00:00,-0.6734508519467688
2024-09-07 16:00:00,-0.40636208017376435
2024-09-07 20:00:00,0.5389292025521172
2024-09-08 00:00:00,-0.6834900260893237
2024-09-08 04:00:00,-0.7420111676583616
2024-09-08 08:00:00,-0.8011401117891697
2024-09-08 12:00:00,-0.553136196757916
2024-09-08 16:00:00,0.9405472001981738
2024-09-08 20:00:00,0.15122626901043018
2024-09-09 00:00:00,0.8856830750682991
2024-09-09 04:00:00,0.48820056270794804
2024-09-09 08:00:00,-0.6485501955610818
2024-09-09 12:00:00,-0.05222162019079812
2024-09-09 16:00:00,0.907805152574609
2024-09-09 20:00:00,0.8811673915808372
2024-09-10 00:00:00,-0.11406951506727675
2024-09-10 04:00:00,-0.7558649927273545
2024-09-10 08:00:00,-0.7525810653639581
2024-09-10 12:00:00,-0.5381110580457534
2024-09-10 16:00:00,0.8890982675386225
2024-09-10 20:00:00,0.6141390985474159
2024-09-11 00:00:00,-0.7529373215829543
2024-09-11 04:00:00,0.13479753995036456
2024-09-11 08:00:00,-0.18545626044358282
2024-09-11 12:00:00,-0.18253857291184283
2024-09-11 16:00:00,0.9392091888693122
2024-09-11 20:00:00,0.2924448315990082
2024-09-12 00:00:00,-0.7892082049045742
2024-09-12 04:00:00,-0.23467122166183055
2024-09-12 08:00:00,-0.5648576604504549
2024-09-12 12:00:00,-0.45333412369001796
2024-09-12 16:00:00,0.9260065289101885
2024-09-12 20:00:00,0.08263390888228286
2024-09-13 00:00:00,-0.5339398965621551
2024-09-13 04:00:00,-0.691574052319489
2024-09-13 08:00:00,-0.6581059968016596
2024-09-13 12:00:00,-0.23035578898626266
2024-09-13 16:00:00,0.9432625796829212
2024-09-13 20:00:00,0.3889597696050305
2024-09-14 00:00:00,-0.030635936442864047
2024-09-14 04:00:00,-0.7461937311277299
2024-09-14 08:00:00,-0.6964845322359035
2024-09-14 12:00:00,-0.5960598890232734
2024-09-14 16:00:00,-0.5062294097903993
2024-09-14 20:00:00,0.4904078739689033
2024-09-15 00:00:00,-0.9123620385261505
2024-09-15 04:00:00,-0.8047455665218312
2024-09-15 08:00:00,-0.8132774282407432
2024-09-15 12:00:00,-0.28881540823877644
2024-09-15 16:00:00,0.9381444378825826
2024-09-15 20:00:00,0.8938681956394647
2024-09-16 00:00:00,0.8976542341011086
2024-09-16 04:00:00,0.8263787342207729
2024-09-16 08:00:00,-0.48481216470673705
2024-09-16 12:00:00,-0.6158457711054365
2024-09-16 16:00:00,0.8870199443956673
2024-09-16 20:00:00,0.10933039795707333
2024-09-17 00:00:00,-0.7169570600552032
2024-09-17 04:00:00,-0.6249485266866561
2024-09-17 08:00:00,-0.6007970499739339
2024-09-17 12:00:00,0.37437871950520485
2024-09-17 16:00:00,0.944651724141572
2024-09-17 20:00:00,0.19371283713225831
2024-09-18 00:00:00,-0.5569490854389931
2024-09-18 04:00:00,-0.532159808427713
2024-09-18 08:00:00,-0.6623916381763789
2024-09-18 12:00:00,0.26351258079275064
2024-09-18 16:00:00,0.8522800416829234
2024-09-18 20:00:00,0.9391320642119889
2024-09-19 00:00:00,-0.16220333279075075
2024-09-19 04:00:00,0.020696400995358077
2024-09-19 08:00:00,-0.7404209754988125
2024-09-19 12:00:00,-0.574674682727698
2024-09-19 16:00:00,0.857519612352232
2024-09-19 20:00:00,-0.02678672310926742
2024-09-20 00:00:00,-0.6645686963761892
2024-09-20 04:00:00,-0.5325122140779497
2024-09-20 08:00:00,0.16901167293486782
2024-09-20 12:00:00,-0.41944216754443836
2024-09-20 16:00:00,0.8687266570009603
2024-09-20 20:00:00,-0.5425366795125994
2024-09-21 00:00:00,-0.850264821548384
2024-09-21 04:00:00,-0.6757345030828404
2024-09-21 08:00:00,-0.6250134259441729
2024-09-21 12:00:00,-0.6662193812417504
2024-09-21 16:00:00,0.40031471040443867
2024-09-21 20:00:00,0.4116771045911467
2024-09-22 00:00:00,-0.24136920722135308
2024-09-22 04:00:00,0.8516745933966605
2024-09-22 08:00:00,-0.7948076238763455
2024-09-22 12:00:00,0.781128594815332
2024-09-22 16:00:00,0.6713400165447758
2024-09-22 20:00:00,0.6455968808070426
2024-09-23 00:00:00,0.9348831753770899
2024-09-23 04:00:00,0.8996904888447083
2024-09-23 08:00:00,-0.26586648375221933
2024-09-23 12:00:00,-0.6383971811557406
2024-09-23 16:00:00,0.4108723505797314
2024-09-23 20:00:00,-0.6082151469032128
2024-09-24 00:00:00,-0.7694318134702723
2024-09-24 04:00:00,0.34973058621280356
2024-09-24 08:00:00,-0.6416779600761318
2024-09-24 12:00:00,0.3686875438578428
2024-09-24 16:00:00,0.9110121442018192
2024-09-24 20:00:00,0.34996722915072365
2024-09-25 00:00:00,-0.08788371857509131
2024-09-25 04:00:00,-0.6416651511324103
2024-09-25 08:00:00,-0.7939534700932354
2024-09-25 12:00:00,-0.5620969583667017
2024-09-25 16:00:00,0.771139321807663
2024-09-25 20:00:00,0.6088694325144608
2024-09-26 00:00:00,-0.8189526289781381
2024-09-26 04:00:00,0.35672878967510147
2024-09-26 08:00:00,-0.811169114959298
2024-09-26 12:00:00,0.8656078730531197
2024-09-26 16:00:00,0.939999498222071
2024-09-26 20:00:00,0.009009720925747922
2024-09-27 00:00:00,-0.5912766318332395
2024-09-27 04:00:00,-0.6346433402281589
2024-09-27 08:00:00,-0.475657401115697
2024-09-27 12:00:00,0.3464224689076229
2024-09-27 16:00:00,0.9360736628119952
2024-09-27 20:00:00,-0.1319828116557336
2024-09-28 00:00:00,-0.824006849828917
2024-09-28 04:00:00,-0.6854731895840955
2024-09-28 08:00:00,-0.6015755164733857
2024-09-28 12:00:00,-0.16534720290670527
2024-09-28 16:00:00,0.6834028403194998
2024-09-28 20:00:00,-0.24067438449414438
2024-09-29 00:00:00,-0.5550164589275243
2024-09-29 04:00:00,-0.6952585913154467
2024-09-29 08:00:00,-0.3932583585868726
2024-09-29 12:00:00,-0.489262865041763
2024-09-29 16:00:00,0.9234089057065933
2024-09-29 20:00:00,-0.3538845262008454
2024-09-30 00:00:00,0.8211675005418124
2024-09-30 04:00:00,0.942842955049131
2024-09-30 08:00:00,0.006763312763574043
2024-09-30 12:00:00,0.8422871786399678
2024-09-30 16:00:00,0.06091136540182038
2024-09-30 20:00:00,-0.14791623361260597
2024-10-01 00:00:00,-0.6834402969617823
2024-10-01 04:00:00,-0.642165355140911
2024-10-01 08:00:00,-0.7195135196906203
2024-10-01 12:00:00,-0.702871335818607
2024-10-01 16:00:00,0.944997937535942
2024-10-01 20:00:00,0.7533365284093083
2024-10-02 00:00:00,0.029932291612907953
2024-10-02 04:00:00,-0.6866106284865627
2024-10-02 08:00:00,-0.8055669563514178
2024-10-02 12:00:00,-0.5116013314243594
2024-10-02 16:00:00,0.7995638185400679
2024-10-02 20:00:00,0.8095990769159973
2024-10-03 00:00:00,-0.4100934675203533
2024-10-03 04:00:00,-0.7237439214088591
2024-10-03 08:00:00,-0.7408622022976012
2024-10-03 12:00:00,-0.024854712761203976
2024-10-03 16:00:00,0.9336106907320942
2024-10-03 20:00:00,-0.07791638181814492
2024-10-04 00:00:00,-0.7719832416509764
2024-10-04 04:00:00,-0.6178469963561256
2024-10-04 08:00:00,-0.54451191689321
2024-10-04 12:00:00,-0.3321895823928058
2024-10-04 16:00:00,0.9446366362904818
2024-10-04 20:00:00,0.05581167623809895
2024-10-05 00:00:00,-0.644966173283959
2024-10-05 04:00:00,-0.6114031039574017
2024-10-05 08:00:00,-0.6171024723609185
2024-10-05 12:00:00,-0.49816670656383044
2024-10-05 16:00:00,-0.39442673188051747
2024-10-05 20:00:00,0.5538011101588577
2024-10-06 00:00:00,-0.6392594940264692
2024-10-06 04:00:00,-0.7622329118457841
2024-10-06 08:00:00,-0.7678477197678203
2024-10-06 12:00:00,-0.3699613710358064
2024-10-06 16:00:00,0.944554567296966
2024-10-06 20:00:00,0.33122502108746654
2024-10-07 00:00:00,-0.007263451535445892
2024-10-07 04:00:00,0.9105312101077765
2024-10-07 08:00:00,-0.4707552667045949
2024-10-07 12:00:00,0.7486867589675634
2024-10-07 16:00:00,0.9064443636887758
2024-10-07 20:00:00,-0.19905274803492867
2024-10-08 00:00:00,-0.3844771686344867
2024-10-08 04:00:00,-0.7185381977635175
2024-10-08 08:00:00,-0.5518536949508591
2024-10-08 12:00:00,-0.8331241738603248
2024-10-08 16:00:00,0.9389049327258682
2024-10-08 20:00:00,-0.012788630085300193
2024-10-09 00:00:00,-0.7051819672576864
2024-10-09 04:00:00,-0.4947479400027826
2024-10-09 08:00:00,-0.5523753297101268
2024-10-09 12:00:00,-0.4820794686742133
2024-10-09 16:00:00,0.9438244591469171
2024-10-09 20:00:00,0.7709098098934661
2024-10-10 00:00:00,0.10556401600170834
2024-10-10 04:00:00,-0.6098322534866587
2024-10-10 08:00:00,-0.8552690801313033
2024-10-10 12:00:00,-0.39180730391964613
2024-10-10 16:00:00,0.911917690383269
2024-10-10 20:00:00,0.9105176690412464
2024-10-11 00:00:00,-0.4339117701121417
2024-10-11 04:00:00,-0.6278262519983984
2024-10-11 08:00:00,-0.6864121144069831
2024-10-11 12:00:00,-0.3497425254241968
2024-10-11 16:00:00,0.9419883725445373
2024-10-11 20:00:00,0.7342042788899193
2024-10-12 00:00:00,-0.5393175248844803
2024-10-12 04:00:00,-0.6802399459628281
2024-10-12 08:00:00,-0.7838328148385331
2024-10-12 12:00:00,-0.46690135168640523
2024-10-12 16:00:00,0.618014929909724
2024-10-12 20:00:00,-0.49803266617115594
2024-10-13 00:00:00,-0.7683315063216111
2024-10-13 04:00:00,0.3938167768751159
2024-10-13 08:00:00,-0.7253758293929302
2024-10-13 12:00:00,0.4425842545045271
2024-10-13 16:00:00,0.8919883795388432
2024-10-13 20:00:00,0.56421113381637
2024-10-14 00:00:00,-0.2589617235483563
2024-10-14 04:00:00,0.9157747328087362
2024-10-14 08:00:00,0.8788458079344125
2024-10-14 12:00:00,0.49592233397614116
2024-10-14 16:00:00,0.9020820683123051
2024-10-14 20:00:00,-0.6019898091042817
2024-10-15 00:00:00,-0.7424344712533947
2024-10-15 04:00:00,-0.638292144687636
2024-10-15 08:00:00,-0.5708247236255182
2024-10-15 12:00:00,-0.5337096720293519
2024-10-15 16:00:00,0.9455489467159108
2024-10-15 20:00:00,0.04847223084538503
2024-10-16 00:00:00,-0.47237641226670235
2024-10-16 04:00:00,-0.5426887604628012
2024-10-16 08:00:00,-0.5806604877618795
2024-10-16 12:00:00,0.7483194166846132
2024-10-16 16:00:00,0.8587906671850513
2024-10-16 20:00:00,-0.5746109692335334
2024-10-17 00:00:00,-0.7551731388315364
2024-10-17 04:00:00,-0.6146288301151839
2024-10-17 08:00:00,-0.26047361725902723
2024-10-17 12:00:00,0.8545287963563529
2024-10-17 16:00:00,0.9173459613119189
2024-10-17 20:00:00,0.27414130065511927
2024-10-18 00:00:00,-0.8202029065522334
2024-10-18 04:00:00,0.009280994983204617
2024-10-18 08:00:00,-0.25169745143657385
2024-10-18 12:00:00,-0.6061372897052
2024-10-18 16:00:00,0.9285648006111233
2024-10-18 20:00:00,-0.07756088699136345
2024-10-19 00:00:00,-0.7532646887102373
2024-10-19 04:00:00,-0.6846222328289602
2024-10-19 08:00:00,-0.653516260680448
2024-10-19 12:00:00,-0.3871239832998144
2024-10-19 16:00:00,-0.3396878950667155
2024-10-19 20:00:00,-0.7906425752773131
2024-10-20 00:00:00,0.14726323591082488
2024-10-20 04:00:00,-0.7189655514719715
2024-10-20 08:00:00,0.3700195829266612
2024-10-20 12:00:00,-0.768772355950984
2024-10-20 16:00:00,0.9393532907715973
2024-10-20 20:00:00,-0.4317119043214872
2024-10-21 00:00:00,0.9131674322925757
2024-10-21 04:00:00,0.6494590871023652
2024-10-21 08:00:00,-0.2501992992722133
2024-10-21 12:00:00,0.26620323697070464
2024-10-21 16:00:00,0.9411351832794123
2024-10-21 20:00:00,-0.06468043231687215
2024-10-22 00:00:00,-0.6432169527944764
2024-10-22 04:00:00,-0.2227937948953667
2024-10-22 08:00:00,-0.6393885620090858
2024-10-22 12:00:00,0.6769813077584901
2024-10-22 16:00:00,0.8515091295062955
2024-10-22 20:00:00,-0.5232711290056966
2024-10-23 00:00:00,-0.7525503960694964
2024-10-23 04:00:00,-0.6727066028490574
2024-10-23 08:00:00,-0.48841414105294073
2024-10-23 12:00:00,0.9140620629089904
2024-10-23 16:00:00,0.8939877341576163
2024-10-23 20:00:00,0.8502107074072371
2024-10-24 00:00:00,-0.745968839885556
2024-10-24 04:00:00,-0.45326397149664044
2024-10-24 08:00:00,-0.7441491719820096
2024-10-24 12:00:00,-0.23857533337650302
2024-10-24 16:00:00,0.9051350114123998
2024-10-24 20:00:00,0.06139049342452004
2024-10-25 00:00:00,-0.2129109379615983
2024-10-25 04:00:00,-0.8165497583177808
2024-10-25 08:00:00,-0.3354838728128672
2024-10-25 12:00:00,0.07476074702932727
2024-10-25 16:00:00,0.9353897978474783
2024-10-25 20:00:00,0.9299255050418881
2024-10-26 00:00:00,0.06900460084740283
2024-10-26 04:00:00,-0.6783724237820955
2024-10-26 08:00:00,-0.7871248844326347
2024-10-26 12:00:00,-0.6574888890212733
2024-10-26 16:00:00,-0.33081685986206655
2024-10-26 20:00:00,-0.6926885766668768
2024-10-27 00:00:00,-0.661667918676515
2024-10-27 04:00:00,-0.6833853773667833
2024-10-27 08:00:00,-0.7486067086907545
2024-10-27 12:00:00,-0.1407902077774433
2024-10-27 16:00:00,0.937195852528944
2024-10-27 20:00:00,0.49220005162982366
2024-10-28 00:00:00,0.7275626599118867
2024-10-28 04:00:00,-0.06812765577994398
2024-10-28 08:00:00,0.9079396168572352
2024-10-28 12:00:00,0.6670693916278648
2024-10-28 16:00:00,0.9392501752753252
2024-10-28 20:00:00,0.7918651097409898
2024-10-29 00:00:00,-0.2805214959051153
2024-10-29 04:00:00,0.6929828958311782
2024-10-29 08:00:00,-0.822421359937173
2024-10-29 12:00:00,-0.7394382600966722
2024-10-29 16:00:00,0.8962734906644035
2024-10-29 20:00:00,0.8306865352230669
2024-10-30 00:00:00,-0.4941977136651045
2024-10-30 04:00:00,-0.6966304408112272
2024-10-30 08:00:00,-0.7337602613612838
2024-10-30 12:00:00,-0.47164623245035503
2024-10-30 16:00:00,0.9210933170834593
2024-10-30 20:00:00,-0.400153299729802
2024-10-31 00:00:00,0.5937040751427052
2024-10-31 04:00:00,-0.694578458527057
2024-10-31 08:00:00,-0.7424512954287285
2024-10-31 12:00:00,-0.2123162380181465
2024-10-31 16:00:00,0.9249438744818413
2024-10-31 20:00:00,0.2731247397209309
2024-11-01 00:00:00,-0.2597724749017044
2024-11-01 04:00:00,0.17319657136929045
2024-11-01 08:00:00,-0.7627822017377398
2024-11-01 12:00:00,-0.5246603761162824
2024-11-01 16:00:00,0.9349866028425391
2024-11-01 20:00:00,0.3691173926320557
2024-11-02 00:00:00,-0.7018492856000507
2024-11-02 04:00:00,-0.6986716729138303
2024-11-02 08:00:00,-0.658140551743091
2024-11-02 12:00:00,-0.507101943047529
2024-11-02 16:00:00,0.9030383253907309
2024-11-02 20:00:00,-0.3336265435185383
2024-11-03 00:00:00,-0.5524580284653023
2024-11-03 04:00:00,0.9266463235397926
2024-11-03 08:00:00,-0.2989928728313651
2024-11-03 12:00:00,-0.16431933614097255
2024-11-03 16:00:00,0.8148015442449433
2024-11-03 20:00:00,0.27481458251000895
2024-11-04 00:00:00,-0.010375216600483475
2024-11-04 04:00:00,-0.37866211994378
2024-11-04 08:00:00,-0.8235960915208247
2024-11-04 12:00:00,-0.5930615736508807
2024-11-04 16:00:00,0.9256199863494712
2024-11-04 20:00:00,0.877584498847462
2024-11-05 00:00:00,0.5708163881762474
2024-11-05 04:00:00,-0.7428140047520434
2024-11-05 08:00:00,-0.7940451969134666
2024-11-05 12:00:00,-0.6743264946699175
2024-11-05 16:00:00,0.911509724336446
2024-11-05 20:00:00,0.7102558544471215
2024-11-06 00:00:00,-0.21947816682021307
2024-11-06 04:00:00,0.9378681609619116
2024-11-06 08:00:00,0.6185303384838263
2024-11-06 12:00:00,-0.33697284402358885
2024-11-06 16:00:00,-0.3259974507058379
2024-11-06 20:00:00,-0.707588271952564
2024-11-07 00:00:00,-0.7322138339840635
2024-11-07 04:00:00,-0.8605208679607064
2024-11-07 08:00:00,-0.8065843616012761
2024-11-07 12:00:00,-0.8274669632001646
2024-11-07 16:00:00,0.587645469363733
2024-11-07 20:00:00,0.9230866086446018
2024-11-08 00:00:00,-0.15725871552604162
2024-11-08 04:00:00,-0.6388673108181186
2024-11-08 08:00:00,-0.6850935883304474
2024-11-08 12:00:00,-0.6111803491994898
2024-11-08 16:00:00,0.901313052566943
2024-11-08 20:00:00,0.8434797583831213
2024-11-09 00:00:00,-0.44560301449743983
2024-11-09 04:00:00,-0.7691098498444209
2024-11-09 08:00:00,-0.6927015767856977
2024-11-09 12:00:00,-0.6285667162000235
2024-11-09 16:00:00,-0.37228858376400953
2024-11-09 20:00:00,0.9327926093235887
2024-11-10 00:00:00,0.17082927188527683
2024-11-10 04:00:00,0.9043361865279252
2024-11-10 08:00:00,0.9374096812304189
2024-11-10 12:00:00,-0.039686204252664926
2024-11-10 16:00:00,0.05665526697287406
2024-11-10 20:00:00,0.3240016128646555
2024-11-11 00:00:00,0.32886034680171455
2024-11-11 04:00:00,-0.6861843730545426
2024-11-11 08:00:00,-0.8385146932057506
2024-11-11 12:00:00,-0.3597120403910731
2024-11-11 16:00:00,0.9217743801046989
2024-11-11 20:00:00,0.8400702043067043
2024-11-12 00:00:00,0.7840848711437113
2024-11-12 04:00:00,-0.0039055217401382297
2024-11-12 08:00:00,-0.888176278182517
2024-11-12 12:00:00,0.4566440478926313
2024-11-12 16:00:00,-0.03205182532766489
2024-11-12 20:00:00,-0.641134852778608
2024-11-13 00:00:00,-0.8451952768159808
2024-11-13 04:00:00,-0.7647484764158893
2024-11-13 08:00:00,-0.6202207593714926
2024-11-13 12:00:00,-0.830739579990532
2024-11-13 16:00:00,0.9417492151563894
2024-11-13 20:00:00,0.7014309341053442
2024-11-14 00:00:00,-0.16185829112044883
2024-11-14 04:00:00,-0.7154324057353788
2024-11-14 08:00:00,-0.7611057967782019
2024-11-14 12:00:00,-0.40258212544813493
2024-11-14 16:00:00,0.8483802995529941
2024-11-14 20:00:00,-0.08279125721368927
2024-11-15 00:00:00,0.2593661087809223
2024-11-15 04:00:00,-0.8128180992970707
2024-11-15 08:00:00,-0.6862609847400615
2024-11-15 12:00:00,-0.334630162468506
2024-11-15 16:00:00,0.8763312609495736
2024-11-15 20:00:00,0.24339058109371178
2024-11-16 00:00:00,-0.3355946352439185
2024-11-16 04:00:00,-0.8331965690606699
2024-11-16 08:00:00,-0.788201455329476
2024-11-16 12:00:00,-0.5994252375831054
2024-11-16 16:00:00,0.48656999511348653
2024-11-16 20:00:00,-0.32397974488230435
2024-11-17 00:00:00,-0.6956642883811055
2024-11-17 04:00:00,0.6174718123086128
2024-11-17 08:00:00,-0.5925355904055033
2024-11-17 12:00:00,0.42067595694983106
2024-11-17 16:00:00,0.6268740694922915
2024-11-17 20:00:00,-0.5265097089577107
2024-11-18 00:00:00,0.8427168198500158
2024-11-18 04:00:00,-0.744401994845989
2024-11-18 08:00:00,0.8826360942795313
2024-11-18 12:00:00,0.8124077572139132
2024-11-18 16:00:00,0.9345918321576522
2024-11-18 20:00:00,0.5794671896122494
2024-11-19 00:00:00,-0.34423968024936724
2024-11-19 04:00:00,-0.8517633361907899
2024-11-19 08:00:00,-0.7451210024565228
2024-11-19 12:00:00,-0.589147354024608
2024-11-19 16:00:00,0.9279223032080219
2024-11-19 20:00:00,0.6850134702296764
2024-11-20 00:00:00,-0.09666438413534081
2024-11-20 04:00:00,-0.7249620141963874
2024-11-20 08:00:00,-0.773811609703204
2024-11-20 12:00:00,-0.134365443845413
2024-11-20 16:00:00,0.9241965362660548
2024-11-20 20:00:00,0.6606463318217486
2024-11-21 00:00:00,-0.6157227573396034
2024-11-21 04:00:00,0.09249265688365904
2024-11-21 08:00:00,0.62188893308122
2024-11-21 12:00:00,-0.07825522409531727
2024-11-21 16:00:00,0.8663830654530442
2024-11-21 20:00:00,0.09062820145490251
2024-11-22 00:00:00,-0.8713835141768089
2024-11-22 04:00:00,-0.6770720102477347
2024-11-22 08:00:00,-0.6588577293712218
2024-11-22 12:00:00,-0.5352147123231701
2024-11-22 16:00:00,0.9422177031292167
2024-11-22 20:00:00,0.458694801215991
2024-11-23 00:00:00,-0.7361873884461905
2024-11-23 04:00:00,-0.7827013657330493
2024-11-23 08:00:00,-0.7195821431873515
2024-11-23 12:00:00,-0.6212757552927954
2024-11-23 16:00:00,0.23592520171959608
2024-11-23 20:00:00,0.9399664025368873
2024-11-24 00:00:00,-0.4723416545254486
2024-11-24 04:00:00,-0.2589520371936027
2024-11-24 08:00:00,-0.5536123111923651
2024-11-24 12:00:00,-0.22532255629556228
2024-11-24 16:00:00,0.9430271762160316
2024-11-24 20:00:00,0.18542467860390338
2024-11-25 00:00:00,-0.13360472395111514
2024-11-25 04:00:00,-0.5911952158024028
2024-11-25 08:00:00,-0.4949939886756225
2024-11-25 12:00:00,0.5352326086236566
2024-11-25 16:00:00,0.9439927721769412
2024-11-25 20:00:00,0.4341889149976829
2024-11-26 00:00:00,0.46960219511888884
2024-11-26 04:00:00,-0.6842158622224627
2024-11-26 08:00:00,-0.824267657093638
2024-11-26 12:00:00,0.8168283788092395
2024-11-26 16:00:00,0.5566251284289537
2024-11-26 20:00:00,0.2659768587635756
2024-11-27 00:00:00,-0.3359503727132823
2024-11-27 04:00:00,-0.8959940729531763
2024-11-27 08:00:00,-0.8120091022428358
2024-11-27 12:00:00,-0.725244396910825
2024-11-27 16:00:00,0.8648577783216354
2024-11-27 20:00:00,0.7018426569050112
2024-11-28 00:00:00,0.005028440844489945
2024-11-28 04:00:00,-0.5087621216270949
2024-11-28 08:00:00,-0.8352422480099401
2024-11-28 12:00:00,-0.6254926455708257
2024-11-28 16:00:00,0.21136052751788342
2024-11-28 20:00:00,-0.8599211984916226
2024-11-29 00:00:00,-0.7161020550969468
2024-11-29 04:00:00,-0.47480488500466544
2024-11-29 08:00:00,-0.6208327520620547
2024-11-29 12:00:00,0.8993172746070603
2024-11-29 16:00:00,0.940416792582491
2024-11-29 20:00:00,0.3713651712585439
2024-11-30 00:00:00,-0.7452466884855946
2024-11-30 04:00:00,-0.5713483070886154
2024-11-30 08:00:00,-0.5285823699195731
2024-11-30 12:00:00,-0.5719893192633871
2024-11-30 16:00:00,-0.8277164410210811
2024-11-30 20:00:00,-0.8023949896820479
2024-12-01 00:00:00,-0.6895806852682138
2024-12-01 04:00:00,0.9294459628757731
2024-12-01 08:00:00,-0.6479083562596994
2024-12-01 12:00:00,0.5904946069574867
2024-12-01 16:00:00,0.5250419122083166
2024-12-01 20:00:00,-0.13386877397383212
2024-12-02 00:00:00,0.42089982604905524
2024-12-02 04:00:00,0.9333955485154903
2024-12-02 08:00:00,0.8598412728010991
2024-12-02 12:00:00,0.8106461616923982
2024-12-02 16:00:00,0.886185904939784
2024-12-02 20:00:00,0.8224758464652888
2024-12-03 00:00:00,-0.8782718883228336
2024-12-03 04:00:00,-0.7859027815909639
2024-12-03 08:00:00,-0.6592581218598146
2024-12-03 12:00:00,-0.24533557550945193
2024-12-03 16:00:00,0.9449878638026642
2024-12-03 20:00:00,-0.004063734743847211
2024-12-04 00:00:00,-0.43003997608126354
2024-12-04 04:00:00,-0.43613048001536175
2024-12-04 08:00:00,-0.6261075985049821
2024-12-04 12:00:00,-0.614631773816268
2024-12-04 16:00:00,0.9356200682313567
2024-12-04 20:00:00,0.8743729386605431
2024-12-05 00:00:00,0.8737318414403505
2024-12-05 04:00:00,0.9241720441580472
2024-12-05 08:00:00,-0.23540491151821463
2024-12-05 12:00:00,-0.7343728569162125
2024-12-05 16:00:00,-0.1176248895129482
